[30Dec2025 03:03:32.057] [main/INFO] [cpw.mods.modlauncher.Launcher/MODLAUNCHER]: ModLauncher running: args [--launchTarget, forgeserver, --fml.forgeVersion, 47.4.13, --fml.mcVersion, 1.20.1, --fml.forgeGroup, net.minecraftforge, --fml.mcpVersion, 20230612.114412, nogui]
[30Dec2025 03:03:32.061] [main/INFO] [cpw.mods.modlauncher.Launcher/MODLAUNCHER]: ModLauncher 10.0.9+10.0.9+main.dcd20f30 starting: java version 17.0.17 by Ubuntu; OS Linux arch amd64 version 6.8.0-1030-azure
[30Dec2025 03:03:32.089] [main/DEBUG] [cpw.mods.modlauncher.LaunchServiceHandler/MODLAUNCHER]: Found launch services [fmlclientdev,forgeclient,minecraft,forgegametestserverdev,fmlserveruserdev,fmlclient,fmldatauserdev,forgeserverdev,forgeserveruserdev,forgeclientdev,forgeclientuserdev,forgeserver,forgedatadev,fmlserver,fmlclientuserdev,fmlserverdev,forgedatauserdev,testharness,forgegametestserveruserdev]
[30Dec2025 03:03:32.104] [main/DEBUG] [cpw.mods.modlauncher.NameMappingServiceHandler/MODLAUNCHER]: Found naming services : [srgtomcp]
[30Dec2025 03:03:32.124] [main/DEBUG] [cpw.mods.modlauncher.LaunchPluginHandler/MODLAUNCHER]: Found launch plugins: [mixin,eventbus,slf4jfixer,object_holder_definalize,runtime_enum_extender,capability_token_subclass,accesstransformer,runtimedistcleaner]
[30Dec2025 03:03:32.135] [main/DEBUG] [cpw.mods.modlauncher.TransformationServicesHandler/MODLAUNCHER]: Discovering transformation services
[30Dec2025 03:03:32.139] [main/DEBUG] [net.minecraftforge.fml.loading.FMLPaths/CORE]: Path GAMEDIR is /workspaces/creacion1/servidor_minecraft
[30Dec2025 03:03:32.139] [main/DEBUG] [net.minecraftforge.fml.loading.FMLPaths/CORE]: Path MODSDIR is /workspaces/creacion1/servidor_minecraft/mods
[30Dec2025 03:03:32.140] [main/DEBUG] [net.minecraftforge.fml.loading.FMLPaths/CORE]: Path CONFIGDIR is /workspaces/creacion1/servidor_minecraft/config
[30Dec2025 03:03:32.140] [main/DEBUG] [net.minecraftforge.fml.loading.FMLPaths/CORE]: Path FMLCONFIG is /workspaces/creacion1/servidor_minecraft/config/fml.toml
[30Dec2025 03:03:32.562] [main/DEBUG] [cpw.mods.modlauncher.TransformationServicesHandler/MODLAUNCHER]: Found additional transformation services from discovery services: 
[30Dec2025 03:03:32.567] [main/INFO] [net.minecraftforge.fml.loading.ImmediateWindowHandler/]: ImmediateWindowProvider not loading because launch target is forgeserver
[30Dec2025 03:03:32.576] [main/DEBUG] [cpw.mods.modlauncher.TransformationServicesHandler/MODLAUNCHER]: Found transformer services : [mixin,fml]
[30Dec2025 03:03:32.576] [main/DEBUG] [cpw.mods.modlauncher.TransformationServicesHandler/MODLAUNCHER]: Transformation services loading
[30Dec2025 03:03:32.577] [main/DEBUG] [cpw.mods.modlauncher.TransformationServiceDecorator/MODLAUNCHER]: Loading service mixin
[30Dec2025 03:03:32.577] [main/DEBUG] [cpw.mods.modlauncher.TransformationServiceDecorator/MODLAUNCHER]: Loaded service mixin
[30Dec2025 03:03:32.577] [main/DEBUG] [cpw.mods.modlauncher.TransformationServiceDecorator/MODLAUNCHER]: Loading service fml
[30Dec2025 03:03:32.578] [main/DEBUG] [net.minecraftforge.fml.loading.LauncherVersion/CORE]: Found FMLLauncher version 1.0
[30Dec2025 03:03:32.579] [main/DEBUG] [net.minecraftforge.fml.loading.FMLLoader/CORE]: FML 1.0 loading
[30Dec2025 03:03:32.579] [main/DEBUG] [net.minecraftforge.fml.loading.FMLLoader/CORE]: FML found ModLauncher version : 10.0.9+10.0.9+main.dcd20f30
[30Dec2025 03:03:32.579] [main/DEBUG] [net.minecraftforge.fml.loading.FMLLoader/CORE]: Requesting CoreMods to not apply the fix for ASMAPI.findFirstInstructionBefore by default
[30Dec2025 03:03:32.580] [main/DEBUG] [net.minecraftforge.fml.loading.FMLLoader/CORE]: FML found AccessTransformer version : 8.0.4+66+master.c09db6d7
[30Dec2025 03:03:32.580] [main/DEBUG] [net.minecraftforge.fml.loading.FMLLoader/CORE]: FML found EventBus version : 6.0.5+6.0.5+master.eb8e549b
[30Dec2025 03:03:32.580] [main/DEBUG] [net.minecraftforge.fml.loading.FMLLoader/CORE]: Found Runtime Dist Cleaner
[30Dec2025 03:03:32.582] [main/DEBUG] [net.minecraftforge.coremod.CoreModEngine/]: CoreMods will preserve legacy behavior of ASMAPI.findFirstInstructionBefore for backwards-compatibility
[30Dec2025 03:03:32.582] [main/DEBUG] [net.minecraftforge.fml.loading.FMLLoader/CORE]: FML found CoreMod version : 5.2.4
[30Dec2025 03:03:32.583] [main/DEBUG] [net.minecraftforge.fml.loading.FMLLoader/CORE]: Found ForgeSPI package implementation version 7.0.1+7.0.1+master.d2b38bf6
[30Dec2025 03:03:32.583] [main/DEBUG] [net.minecraftforge.fml.loading.FMLLoader/CORE]: Found ForgeSPI package specification 5
[30Dec2025 03:03:32.583] [main/DEBUG] [cpw.mods.modlauncher.TransformationServiceDecorator/MODLAUNCHER]: Loaded service fml
[30Dec2025 03:03:32.584] [main/DEBUG] [cpw.mods.modlauncher.TransformationServicesHandler/MODLAUNCHER]: Configuring option handling for services
[30Dec2025 03:03:32.590] [main/DEBUG] [cpw.mods.modlauncher.TransformationServicesHandler/MODLAUNCHER]: Transformation services initializing
[30Dec2025 03:03:32.590] [main/DEBUG] [cpw.mods.modlauncher.TransformationServiceDecorator/MODLAUNCHER]: Initializing transformation service mixin
[30Dec2025 03:03:32.602] [main/DEBUG] [mixin/]: MixinService [ModLauncher] was successfully booted in cpw.mods.cl.ModuleClassLoader@7a3d45bd
[30Dec2025 03:03:32.614] [main/INFO] [mixin/]: SpongePowered MIXIN Subsystem Version=0.8.5 Source=union:/workspaces/creacion1/servidor_minecraft/libraries/org/spongepowered/mixin/0.8.5/mixin-0.8.5.jar%2365!/ Service=ModLauncher Env=SERVER
[30Dec2025 03:03:32.617] [main/DEBUG] [mixin/]: Initialising Mixin Platform Manager
[30Dec2025 03:03:32.618] [main/DEBUG] [mixin/]: Adding mixin platform agents for container ModLauncher Root Container(ModLauncher:4f56a0a2)
[30Dec2025 03:03:32.618] [main/DEBUG] [mixin/]: Instancing new MixinPlatformAgentMinecraftForge for ModLauncher Root Container(ModLauncher:4f56a0a2)
[30Dec2025 03:03:32.619] [main/DEBUG] [mixin/]: MixinPlatformAgentMinecraftForge rejected container ModLauncher Root Container(ModLauncher:4f56a0a2)
[30Dec2025 03:03:32.619] [main/DEBUG] [mixin/]: Instancing new MixinPlatformAgentDefault for ModLauncher Root Container(ModLauncher:4f56a0a2)
[30Dec2025 03:03:32.619] [main/DEBUG] [mixin/]: MixinPlatformAgentDefault accepted container ModLauncher Root Container(ModLauncher:4f56a0a2)
[30Dec2025 03:03:32.621] [main/DEBUG] [cpw.mods.modlauncher.TransformationServiceDecorator/MODLAUNCHER]: Initialized transformation service mixin
[30Dec2025 03:03:32.621] [main/DEBUG] [cpw.mods.modlauncher.TransformationServiceDecorator/MODLAUNCHER]: Initializing transformation service fml
[30Dec2025 03:03:32.622] [main/DEBUG] [net.minecraftforge.fml.loading.FMLServiceProvider/CORE]: Setting up basic FML game directories
[30Dec2025 03:03:32.622] [main/DEBUG] [net.minecraftforge.fml.loading.FMLPaths/CORE]: Path GAMEDIR is /workspaces/creacion1/servidor_minecraft
[30Dec2025 03:03:32.622] [main/DEBUG] [net.minecraftforge.fml.loading.FMLPaths/CORE]: Path MODSDIR is /workspaces/creacion1/servidor_minecraft/mods
[30Dec2025 03:03:32.622] [main/DEBUG] [net.minecraftforge.fml.loading.FMLPaths/CORE]: Path CONFIGDIR is /workspaces/creacion1/servidor_minecraft/config
[30Dec2025 03:03:32.622] [main/DEBUG] [net.minecraftforge.fml.loading.FMLPaths/CORE]: Path FMLCONFIG is /workspaces/creacion1/servidor_minecraft/config/fml.toml
[30Dec2025 03:03:32.623] [main/DEBUG] [net.minecraftforge.fml.loading.FMLServiceProvider/CORE]: Loading configuration
[30Dec2025 03:03:32.625] [main/DEBUG] [net.minecraftforge.fml.loading.FMLServiceProvider/CORE]: Preparing ModFile
[30Dec2025 03:03:32.628] [main/DEBUG] [net.minecraftforge.fml.loading.FMLServiceProvider/CORE]: Preparing launch handler
[30Dec2025 03:03:32.628] [main/DEBUG] [net.minecraftforge.fml.loading.FMLLoader/CORE]: Using forgeserver as launch service
[30Dec2025 03:03:32.640] [main/DEBUG] [net.minecraftforge.fml.loading.FMLLoader/CORE]: Received command line version data  : VersionInfo[forgeVersion=47.4.13, mcVersion=1.20.1, mcpVersion=20230612.114412, forgeGroup=net.minecraftforge]
[30Dec2025 03:03:32.642] [main/DEBUG] [cpw.mods.modlauncher.TransformationServiceDecorator/MODLAUNCHER]: Initialized transformation service fml
[30Dec2025 03:03:32.642] [main/DEBUG] [cpw.mods.modlauncher.NameMappingServiceHandler/MODLAUNCHER]: Current naming domain is 'srg'
[30Dec2025 03:03:32.643] [main/DEBUG] [cpw.mods.modlauncher.NameMappingServiceHandler/MODLAUNCHER]: Identified name mapping providers {}
[30Dec2025 03:03:32.643] [main/DEBUG] [cpw.mods.modlauncher.TransformationServicesHandler/MODLAUNCHER]: Transformation services begin scanning
[30Dec2025 03:03:32.643] [main/DEBUG] [cpw.mods.modlauncher.TransformationServiceDecorator/MODLAUNCHER]: Beginning scan trigger - transformation service mixin
[30Dec2025 03:03:32.644] [main/DEBUG] [cpw.mods.modlauncher.TransformationServiceDecorator/MODLAUNCHER]: End scan trigger - transformation service mixin
[30Dec2025 03:03:32.644] [main/DEBUG] [cpw.mods.modlauncher.TransformationServiceDecorator/MODLAUNCHER]: Beginning scan trigger - transformation service fml
[30Dec2025 03:03:32.644] [main/DEBUG] [net.minecraftforge.fml.loading.FMLServiceProvider/CORE]: Initiating mod scan
[30Dec2025 03:03:32.653] [main/DEBUG] [net.minecraftforge.fml.loading.moddiscovery.ModListHandler/CORE]: Found mod coordinates from lists: []
[30Dec2025 03:03:32.656] [main/DEBUG] [net.minecraftforge.fml.loading.moddiscovery.ModDiscoverer/CORE]: Found Mod Locators : (mods folder:null),(maven libs:null),(exploded directory:null),(minecraft:null),(userdev classpath:null)
[30Dec2025 03:03:32.656] [main/DEBUG] [net.minecraftforge.fml.loading.moddiscovery.ModDiscoverer/CORE]: Found Dependency Locators : (JarInJar:null)
[30Dec2025 03:03:32.666] [main/DEBUG] [net.minecraftforge.fml.loading.moddiscovery.ModFileParser/LOADING]: Considering mod file candidate /workspaces/creacion1/servidor_minecraft/mods/[1.20.1] SecurityCraft v1.10.1.jar
[30Dec2025 03:03:32.706] [main/DEBUG] [net.minecraftforge.fml.loading.moddiscovery.ModFileInfo/LOADING]: Found valid mod file [1.20.1] SecurityCraft v1.10.1.jar with {securitycraft} mods - versions {1.10.1}
[30Dec2025 03:03:32.707] [main/DEBUG] [net.minecraftforge.fml.loading.moddiscovery.ModFileParser/LOADING]: Considering mod file candidate /workspaces/creacion1/servidor_minecraft/mods/almanac-1.20.x-forge-1.0.2.jar
[30Dec2025 03:03:32.709] [main/DEBUG] [net.minecraftforge.fml.loading.moddiscovery.ModFileInfo/LOADING]: Found valid mod file almanac-1.20.x-forge-1.0.2.jar with {almanac} mods - versions {1.0.2}
[30Dec2025 03:03:32.709] [main/DEBUG] [net.minecraftforge.fml.loading.moddiscovery.ModFileParser/LOADING]: Considering mod file candidate /workspaces/creacion1/servidor_minecraft/mods/architectury-9.2.14-forge.jar
[30Dec2025 03:03:32.711] [main/DEBUG] [net.minecraftforge.fml.loading.moddiscovery.ModFileInfo/LOADING]: Found valid mod file architectury-9.2.14-forge.jar with {architectury} mods - versions {9.2.14}
[30Dec2025 03:03:32.711] [main/DEBUG] [net.minecraftforge.fml.loading.moddiscovery.ModFileParser/LOADING]: Considering mod file candidate /workspaces/creacion1/servidor_minecraft/mods/athena-forge-1.20.1-3.1.2.jar
[30Dec2025 03:03:32.713] [main/DEBUG] [net.minecraftforge.fml.loading.moddiscovery.ModFileInfo/LOADING]: Found valid mod file athena-forge-1.20.1-3.1.2.jar with {athena} mods - versions {3.1.2}
[30Dec2025 03:03:32.713] [main/DEBUG] [net.minecraftforge.fml.loading.moddiscovery.ModFileParser/LOADING]: Considering mod file candidate /workspaces/creacion1/servidor_minecraft/mods/Atlas Lib-1.20.1-1.1.12.jar
[30Dec2025 03:03:32.714] [main/DEBUG] [net.minecraftforge.fml.loading.moddiscovery.ModFileInfo/LOADING]: Found valid mod file Atlas Lib-1.20.1-1.1.12.jar with {atlaslib} mods - versions {1.1.12}
[30Dec2025 03:03:32.715] [main/DEBUG] [net.minecraftforge.fml.loading.moddiscovery.ModFileParser/LOADING]: Considering mod file candidate /workspaces/creacion1/servidor_minecraft/mods/auudio_forge_1.0.3_MC_1.19.3.jar
[30Dec2025 03:03:32.716] [main/DEBUG] [net.minecraftforge.fml.loading.moddiscovery.ModFileInfo/LOADING]: Found valid mod file auudio_forge_1.0.3_MC_1.19.3.jar with {auudio} mods - versions {1.0.3}
[30Dec2025 03:03:32.717] [main/DEBUG] [net.minecraftforge.fml.loading.moddiscovery.ModFileParser/LOADING]: Considering mod file candidate /workspaces/creacion1/servidor_minecraft/mods/BadMobs-1.20.1-19.0.4.jar
[30Dec2025 03:03:32.718] [main/DEBUG] [net.minecraftforge.fml.loading.moddiscovery.ModFileInfo/LOADING]: Found valid mod file BadMobs-1.20.1-19.0.4.jar with {badmobs} mods - versions {19.0.4}
[30Dec2025 03:03:32.719] [main/DEBUG] [net.minecraftforge.fml.loading.moddiscovery.ModFileParser/LOADING]: Considering mod file candidate /workspaces/creacion1/servidor_minecraft/mods/Better Mob Food - Version 1.0.1 (Beta).jar
[30Dec2025 03:03:32.720] [main/DEBUG] [net.minecraftforge.fml.loading.moddiscovery.ModFileInfo/LOADING]: Found valid mod file Better Mob Food - Version 1.0.1 (Beta).jar with {better_mob_food} mods - versions {1.0.0}
[30Dec2025 03:03:32.721] [main/DEBUG] [net.minecraftforge.fml.loading.moddiscovery.ModFileParser/LOADING]: Considering mod file candidate /workspaces/creacion1/servidor_minecraft/mods/better_mob_drops.jar
[30Dec2025 03:03:32.722] [main/DEBUG] [net.minecraftforge.fml.loading.moddiscovery.ModFileInfo/LOADING]: Found valid mod file better_mob_drops.jar with {better_zombie_drops} mods - versions {1.0.0}
[30Dec2025 03:03:32.722] [main/DEBUG] [net.minecraftforge.fml.loading.moddiscovery.ModFileParser/LOADING]: Considering mod file candidate /workspaces/creacion1/servidor_minecraft/mods/betterfpsdist-1.20.1-6.0.jar
[30Dec2025 03:03:32.724] [main/DEBUG] [net.minecraftforge.fml.loading.moddiscovery.ModFileInfo/LOADING]: Found valid mod file betterfpsdist-1.20.1-6.0.jar with {betterfpsdist} mods - versions {1.20.1-6.0}
[30Dec2025 03:03:32.730] [main/DEBUG] [net.minecraftforge.fml.loading.moddiscovery.ModFileParser/LOADING]: Considering mod file candidate /workspaces/creacion1/servidor_minecraft/mods/Bookshelf-Forge-1.20.1-20.2.13.jar
[30Dec2025 03:03:32.731] [main/DEBUG] [net.minecraftforge.fml.loading.moddiscovery.ModFileInfo/LOADING]: Found valid mod file Bookshelf-Forge-1.20.1-20.2.13.jar with {bookshelf} mods - versions {20.2.13}
[30Dec2025 03:03:32.731] [main/DEBUG] [net.minecraftforge.fml.loading.moddiscovery.ModFileParser/LOADING]: Considering mod file candidate /workspaces/creacion1/servidor_minecraft/mods/charmofundying-forge-6.5.0+1.20.1.jar
[30Dec2025 03:03:32.733] [main/DEBUG] [net.minecraftforge.fml.loading.moddiscovery.ModFileInfo/LOADING]: Found valid mod file charmofundying-forge-6.5.0+1.20.1.jar with {charmofundying} mods - versions {6.5.0+1.20.1}
[30Dec2025 03:03:32.734] [main/DEBUG] [net.minecraftforge.fml.loading.moddiscovery.ModFileParser/LOADING]: Considering mod file candidate /workspaces/creacion1/servidor_minecraft/mods/citadel-2.6.1-1.20.1.jar
[30Dec2025 03:03:32.735] [main/DEBUG] [net.minecraftforge.fml.loading.moddiscovery.ModFileInfo/LOADING]: Found valid mod file citadel-2.6.1-1.20.1.jar with {citadel} mods - versions {2.6.1}
[30Dec2025 03:03:32.736] [main/DEBUG] [net.minecraftforge.fml.loading.moddiscovery.ModFileParser/LOADING]: Considering mod file candidate /workspaces/creacion1/servidor_minecraft/mods/cloth-config-11.1.136-forge.jar
[30Dec2025 03:03:32.737] [main/DEBUG] [net.minecraftforge.fml.loading.moddiscovery.ModFileInfo/LOADING]: Found valid mod file cloth-config-11.1.136-forge.jar with {cloth_config} mods - versions {11.1.136}
[30Dec2025 03:03:32.737] [main/DEBUG] [net.minecraftforge.fml.loading.moddiscovery.ModFileParser/LOADING]: Considering mod file candidate /workspaces/creacion1/servidor_minecraft/mods/Clumps-forge-1.20.1-12.0.0.4.jar
[30Dec2025 03:03:32.738] [main/DEBUG] [net.minecraftforge.fml.loading.moddiscovery.ModFileInfo/LOADING]: Found valid mod file Clumps-forge-1.20.1-12.0.0.4.jar with {clumps} mods - versions {12.0.0.4}
[30Dec2025 03:03:32.739] [main/DEBUG] [net.minecraftforge.fml.loading.moddiscovery.ModFileParser/LOADING]: Considering mod file candidate /workspaces/creacion1/servidor_minecraft/mods/cofh_core-1.20.1-11.0.2.56.jar
[30Dec2025 03:03:32.740] [main/DEBUG] [net.minecraftforge.fml.loading.moddiscovery.ModFileInfo/LOADING]: Found valid mod file cofh_core-1.20.1-11.0.2.56.jar with {cofh_core} mods - versions {11.0.2}
[30Dec2025 03:03:32.741] [main/DEBUG] [net.minecraftforge.fml.loading.moddiscovery.ModFileParser/LOADING]: Considering mod file candidate /workspaces/creacion1/servidor_minecraft/mods/collective-1.20.1-7.87.jar
[30Dec2025 03:03:32.742] [main/DEBUG] [net.minecraftforge.fml.loading.moddiscovery.ModFileInfo/LOADING]: Found valid mod file collective-1.20.1-7.87.jar with {collective} mods - versions {7.87}
[30Dec2025 03:03:32.742] [main/DEBUG] [net.minecraftforge.fml.loading.moddiscovery.ModFileParser/LOADING]: Considering mod file candidate /workspaces/creacion1/servidor_minecraft/mods/configurableextramobdrops-1.20.1-3.4.jar
[30Dec2025 03:03:32.743] [main/DEBUG] [net.minecraftforge.fml.loading.moddiscovery.ModFileInfo/LOADING]: Found valid mod file configurableextramobdrops-1.20.1-3.4.jar with {configurableextramobdrops} mods - versions {3.4}
[30Dec2025 03:03:32.744] [main/DEBUG] [net.minecraftforge.fml.loading.moddiscovery.ModFileParser/LOADING]: Considering mod file candidate /workspaces/creacion1/servidor_minecraft/mods/Controlling-forge-1.20.1-12.0.2.jar
[30Dec2025 03:03:32.744] [main/DEBUG] [net.minecraftforge.fml.loading.moddiscovery.ModFileInfo/LOADING]: Found valid mod file Controlling-forge-1.20.1-12.0.2.jar with {controlling} mods - versions {12.0.2}
[30Dec2025 03:03:32.745] [main/DEBUG] [net.minecraftforge.fml.loading.moddiscovery.ModFileParser/LOADING]: Considering mod file candidate /workspaces/creacion1/servidor_minecraft/mods/Corgilib-Forge-1.20.1-4.0.3.3.jar
[30Dec2025 03:03:32.746] [main/DEBUG] [net.minecraftforge.fml.loading.moddiscovery.ModFileInfo/LOADING]: Found valid mod file Corgilib-Forge-1.20.1-4.0.3.3.jar with {corgilib} mods - versions {4.0.3.3}
[30Dec2025 03:03:32.747] [main/DEBUG] [net.minecraftforge.fml.loading.moddiscovery.ModFileParser/LOADING]: Considering mod file candidate /workspaces/creacion1/servidor_minecraft/mods/coroutil-forge-1.20.1-1.3.7.jar
[30Dec2025 03:03:32.748] [main/DEBUG] [net.minecraftforge.fml.loading.moddiscovery.ModFileInfo/LOADING]: Found valid mod file coroutil-forge-1.20.1-1.3.7.jar with {coroutil} mods - versions {1.20.1-1.3.7}
[30Dec2025 03:03:32.748] [main/DEBUG] [net.minecraftforge.fml.loading.moddiscovery.ModFileParser/LOADING]: Considering mod file candidate /workspaces/creacion1/servidor_minecraft/mods/corpse-forge-1.20.1-1.0.19.jar
[30Dec2025 03:03:32.751] [main/DEBUG] [net.minecraftforge.fml.loading.moddiscovery.ModFileInfo/LOADING]: Found valid mod file corpse-forge-1.20.1-1.0.19.jar with {corpse} mods - versions {1.20.1-1.0.19}
[30Dec2025 03:03:32.752] [main/DEBUG] [net.minecraftforge.fml.loading.moddiscovery.ModFileParser/LOADING]: Considering mod file candidate /workspaces/creacion1/servidor_minecraft/mods/CreativeCore_FORGE_v2.12.28_mc1.20.1.jar
[30Dec2025 03:03:32.753] [main/DEBUG] [net.minecraftforge.fml.loading.moddiscovery.ModFileInfo/LOADING]: Found valid mod file CreativeCore_FORGE_v2.12.28_mc1.20.1.jar with {creativecore} mods - versions {2.12.28}
[30Dec2025 03:03:32.753] [main/DEBUG] [net.minecraftforge.fml.loading.moddiscovery.ModFileParser/LOADING]: Considering mod file candidate /workspaces/creacion1/servidor_minecraft/mods/cupboard-1.20.1-2.7.jar
[30Dec2025 03:03:32.754] [main/DEBUG] [net.minecraftforge.fml.loading.moddiscovery.ModFileInfo/LOADING]: Found valid mod file cupboard-1.20.1-2.7.jar with {cupboard} mods - versions {1.20.1-2.7}
[30Dec2025 03:03:32.755] [main/DEBUG] [net.minecraftforge.fml.loading.moddiscovery.ModFileParser/LOADING]: Considering mod file candidate /workspaces/creacion1/servidor_minecraft/mods/curios-forge-5.11.1+1.20.1.jar
[30Dec2025 03:03:32.756] [main/DEBUG] [net.minecraftforge.fml.loading.moddiscovery.ModFileInfo/LOADING]: Found valid mod file curios-forge-5.11.1+1.20.1.jar with {curios} mods - versions {5.11.1+1.20.1}
[30Dec2025 03:03:32.757] [main/DEBUG] [net.minecraftforge.fml.loading.moddiscovery.ModFileParser/LOADING]: Considering mod file candidate /workspaces/creacion1/servidor_minecraft/mods/cw_additions-1.1.6b-RELEASE-1.0-forge-1.20.1.jar
[30Dec2025 03:03:32.758] [main/DEBUG] [net.minecraftforge.fml.loading.moddiscovery.ModFileInfo/LOADING]: Found valid mod file cw_additions-1.1.6b-RELEASE-1.0-forge-1.20.1.jar with {cw_additions} mods - versions {1.1.6}
[30Dec2025 03:03:32.758] [main/DEBUG] [net.minecraftforge.fml.loading.moddiscovery.ModFileParser/LOADING]: Considering mod file candidate /workspaces/creacion1/servidor_minecraft/mods/DimensionAccessManager-1.20.1-3.1.0.jar
[30Dec2025 03:03:32.759] [main/DEBUG] [net.minecraftforge.fml.loading.moddiscovery.ModFileInfo/LOADING]: Found valid mod file DimensionAccessManager-1.20.1-3.1.0.jar with {dimension_access_manager} mods - versions {3.1.0}
[30Dec2025 03:03:32.762] [main/DEBUG] [net.minecraftforge.fml.loading.moddiscovery.ModFileParser/LOADING]: Considering mod file candidate /workspaces/creacion1/servidor_minecraft/mods/drippyloadingscreen_forge_3.0.9_MC_1.20.1.jar
[30Dec2025 03:03:32.763] [main/DEBUG] [net.minecraftforge.fml.loading.moddiscovery.ModFileInfo/LOADING]: Found valid mod file drippyloadingscreen_forge_3.0.9_MC_1.20.1.jar with {drippyloadingscreen} mods - versions {3.0.9}
[30Dec2025 03:03:32.763] [main/DEBUG] [net.minecraftforge.fml.loading.moddiscovery.ModFileParser/LOADING]: Considering mod file candidate /workspaces/creacion1/servidor_minecraft/mods/dynamic-fps-3.9.2+minecraft-1.20.0-forge.jar
[30Dec2025 03:03:32.764] [main/DEBUG] [net.minecraftforge.fml.loading.moddiscovery.ModFileInfo/LOADING]: Found valid mod file dynamic-fps-3.9.2+minecraft-1.20.0-forge.jar with {dynamic_fps} mods - versions {3.9.2}
[30Dec2025 03:03:32.765] [main/DEBUG] [net.minecraftforge.fml.loading.moddiscovery.ModFileParser/LOADING]: Considering mod file candidate /workspaces/creacion1/servidor_minecraft/mods/embeddium-0.3.31+mc1.20.1.jar
[30Dec2025 03:03:32.766] [main/DEBUG] [net.minecraftforge.fml.loading.moddiscovery.ModFileInfo/LOADING]: Found valid mod file embeddium-0.3.31+mc1.20.1.jar with {embeddium,rubidium} mods - versions {0.3.31+mc1.20.1,0.7.1}
[30Dec2025 03:03:32.767] [main/DEBUG] [net.minecraftforge.fml.loading.moddiscovery.ModFileParser/LOADING]: Considering mod file candidate /workspaces/creacion1/servidor_minecraft/mods/entityculling-forge-1.7.4-mc1.20.1.jar
[30Dec2025 03:03:32.770] [main/DEBUG] [net.minecraftforge.fml.loading.moddiscovery.ModFileInfo/LOADING]: Found valid mod file entityculling-forge-1.7.4-mc1.20.1.jar with {entityculling} mods - versions {1.7.4}
[30Dec2025 03:03:32.771] [main/DEBUG] [net.minecraftforge.fml.loading.moddiscovery.ModFileParser/LOADING]: Considering mod file candidate /workspaces/creacion1/servidor_minecraft/mods/fancymenu_forge_3.3.2_MC_1.20.1.jar
[30Dec2025 03:03:32.773] [main/DEBUG] [net.minecraftforge.fml.loading.moddiscovery.ModFileInfo/LOADING]: Found valid mod file fancymenu_forge_3.3.2_MC_1.20.1.jar with {fancymenu} mods - versions {3.3.2}
[30Dec2025 03:03:32.779] [main/DEBUG] [net.minecraftforge.fml.loading.moddiscovery.ModFileParser/LOADING]: Considering mod file candidate /workspaces/creacion1/servidor_minecraft/mods/fastasyncworldsave-1.20.1-2.4.jar
[30Dec2025 03:03:32.780] [main/DEBUG] [net.minecraftforge.fml.loading.moddiscovery.ModFileInfo/LOADING]: Found valid mod file fastasyncworldsave-1.20.1-2.4.jar with {fastasyncworldsave} mods - versions {1.20.1-2.4}
[30Dec2025 03:03:32.781] [main/DEBUG] [net.minecraftforge.fml.loading.moddiscovery.ModFileParser/LOADING]: Considering mod file candidate /workspaces/creacion1/servidor_minecraft/mods/fastboot-1.20.x-1.2.jar
[30Dec2025 03:03:32.782] [main/DEBUG] [net.minecraftforge.fml.loading.moddiscovery.ModFileInfo/LOADING]: Found valid mod file fastboot-1.20.x-1.2.jar with {fastboot} mods - versions {1.2}
[30Dec2025 03:03:32.783] [main/DEBUG] [net.minecraftforge.fml.loading.moddiscovery.ModFileParser/LOADING]: Considering mod file candidate /workspaces/creacion1/servidor_minecraft/mods/FastFurnace-1.20.1-8.0.2.jar
[30Dec2025 03:03:32.786] [main/DEBUG] [net.minecraftforge.fml.loading.moddiscovery.ModFileInfo/LOADING]: Found valid mod file FastFurnace-1.20.1-8.0.2.jar with {fastfurnace} mods - versions {8.0.2}
[30Dec2025 03:03:32.787] [main/DEBUG] [net.minecraftforge.fml.loading.moddiscovery.ModFileParser/LOADING]: Considering mod file candidate /workspaces/creacion1/servidor_minecraft/mods/Fastload-Reforged-mc1.20.1-3.4.0.jar
[30Dec2025 03:03:32.788] [main/DEBUG] [net.minecraftforge.fml.loading.moddiscovery.ModFileInfo/LOADING]: Found valid mod file Fastload-Reforged-mc1.20.1-3.4.0.jar with {fastload} mods - versions {3.4.0}
[30Dec2025 03:03:32.790] [main/DEBUG] [net.minecraftforge.fml.loading.moddiscovery.ModFileParser/LOADING]: Considering mod file candidate /workspaces/creacion1/servidor_minecraft/mods/fastpaintings-1.20-1.2.7.jar
[30Dec2025 03:03:32.791] [main/DEBUG] [net.minecraftforge.fml.loading.moddiscovery.ModFileInfo/LOADING]: Found valid mod file fastpaintings-1.20-1.2.7.jar with {fastpaintings} mods - versions {1.20-1.2.7}
[30Dec2025 03:03:32.792] [main/DEBUG] [net.minecraftforge.fml.loading.moddiscovery.ModFileParser/LOADING]: Considering mod file candidate /workspaces/creacion1/servidor_minecraft/mods/FastWorkbench-1.20.1-8.0.4.jar
[30Dec2025 03:03:32.792] [main/DEBUG] [net.minecraftforge.fml.loading.moddiscovery.ModFileInfo/LOADING]: Found valid mod file FastWorkbench-1.20.1-8.0.4.jar with {fastbench} mods - versions {8.0.4}
[30Dec2025 03:03:32.798] [main/DEBUG] [net.minecraftforge.fml.loading.moddiscovery.ModFileParser/LOADING]: Considering mod file candidate /workspaces/creacion1/servidor_minecraft/mods/ferritecore-6.0.1-forge.jar
[30Dec2025 03:03:32.799] [main/DEBUG] [net.minecraftforge.fml.loading.moddiscovery.ModFileInfo/LOADING]: Found valid mod file ferritecore-6.0.1-forge.jar with {ferritecore} mods - versions {6.0.1}
[30Dec2025 03:03:32.800] [main/DEBUG] [net.minecraftforge.fml.loading.moddiscovery.ModFileParser/LOADING]: Considering mod file candidate /workspaces/creacion1/servidor_minecraft/mods/firstjoinmessage-1.20.1-3.6.jar
[30Dec2025 03:03:32.801] [main/DEBUG] [net.minecraftforge.fml.loading.moddiscovery.ModFileInfo/LOADING]: Found valid mod file firstjoinmessage-1.20.1-3.6.jar with {firstjoinmessage} mods - versions {3.6}
[30Dec2025 03:03:32.801] [main/DEBUG] [net.minecraftforge.fml.loading.moddiscovery.ModFileParser/LOADING]: Considering mod file candidate /workspaces/creacion1/servidor_minecraft/mods/forgivingworld-1.20.1-4.7.jar
[30Dec2025 03:03:32.802] [main/DEBUG] [net.minecraftforge.fml.loading.moddiscovery.ModFileInfo/LOADING]: Found valid mod file forgivingworld-1.20.1-4.7.jar with {forgivingworld} mods - versions {1.20.1-4.7}
[30Dec2025 03:03:32.805] [main/DEBUG] [net.minecraftforge.fml.loading.moddiscovery.ModFileParser/LOADING]: Considering mod file candidate /workspaces/creacion1/servidor_minecraft/mods/framework-forge-1.20.1-0.7.12.jar
[30Dec2025 03:03:32.806] [main/DEBUG] [net.minecraftforge.fml.loading.moddiscovery.ModFileInfo/LOADING]: Found valid mod file framework-forge-1.20.1-0.7.12.jar with {framework} mods - versions {0.7.12}
[30Dec2025 03:03:32.806] [main/DEBUG] [net.minecraftforge.fml.loading.moddiscovery.ModFileParser/LOADING]: Considering mod file candidate /workspaces/creacion1/servidor_minecraft/mods/geckolib-forge-1.20.1-4.7.jar
[30Dec2025 03:03:32.807] [main/DEBUG] [net.minecraftforge.fml.loading.moddiscovery.ModFileInfo/LOADING]: Found valid mod file geckolib-forge-1.20.1-4.7.jar with {geckolib} mods - versions {4.7}
[30Dec2025 03:03:32.807] [main/DEBUG] [net.minecraftforge.fml.loading.moddiscovery.ModFileParser/LOADING]: Considering mod file candidate /workspaces/creacion1/servidor_minecraft/mods/GlitchCore-forge-1.20.1-0.0.1.1.jar
[30Dec2025 03:03:32.808] [main/DEBUG] [net.minecraftforge.fml.loading.moddiscovery.ModFileInfo/LOADING]: Found valid mod file GlitchCore-forge-1.20.1-0.0.1.1.jar with {glitchcore} mods - versions {0.0.1.1}
[30Dec2025 03:03:32.812] [main/DEBUG] [net.minecraftforge.fml.loading.moddiscovery.ModFileParser/LOADING]: Considering mod file candidate /workspaces/creacion1/servidor_minecraft/mods/ImmediatelyFast-Forge-1.5.0+1.20.4.jar
[30Dec2025 03:03:32.813] [main/DEBUG] [net.minecraftforge.fml.loading.moddiscovery.ModFileInfo/LOADING]: Found valid mod file ImmediatelyFast-Forge-1.5.0+1.20.4.jar with {immediatelyfast} mods - versions {1.5.0+1.20.4}
[30Dec2025 03:03:32.815] [main/DEBUG] [net.minecraftforge.fml.loading.moddiscovery.ModFileParser/LOADING]: Considering mod file candidate /workspaces/creacion1/servidor_minecraft/mods/immersive_weathering-1.20.1-2.0.5-forge.jar
[30Dec2025 03:03:32.816] [main/DEBUG] [net.minecraftforge.fml.loading.moddiscovery.ModFileInfo/LOADING]: Found valid mod file immersive_weathering-1.20.1-2.0.5-forge.jar with {immersive_weathering} mods - versions {1.20.1-2.0.5}
[30Dec2025 03:03:32.816] [main/DEBUG] [net.minecraftforge.fml.loading.moddiscovery.ModFileParser/LOADING]: Considering mod file candidate /workspaces/creacion1/servidor_minecraft/mods/incontrol-1.20-9.2.11.jar
[30Dec2025 03:03:32.817] [main/DEBUG] [net.minecraftforge.fml.loading.moddiscovery.ModFileInfo/LOADING]: Found valid mod file incontrol-1.20-9.2.11.jar with {incontrol} mods - versions {1.20-9.2.11}
[30Dec2025 03:03:32.818] [main/DEBUG] [net.minecraftforge.fml.loading.moddiscovery.ModFileParser/LOADING]: Considering mod file candidate /workspaces/creacion1/servidor_minecraft/mods/InsaneLib-1.16.1-mc1.20.1.jar
[30Dec2025 03:03:32.818] [main/DEBUG] [net.minecraftforge.fml.loading.moddiscovery.ModFileInfo/LOADING]: Found valid mod file InsaneLib-1.16.1-mc1.20.1.jar with {insanelib} mods - versions {1.16.1}
[30Dec2025 03:03:32.819] [main/DEBUG] [net.minecraftforge.fml.loading.moddiscovery.ModFileParser/LOADING]: Considering mod file candidate /workspaces/creacion1/servidor_minecraft/mods/itemblacklist-1.20.1-1.0.0f.jar
[30Dec2025 03:03:32.819] [main/DEBUG] [net.minecraftforge.fml.loading.moddiscovery.ModFileInfo/LOADING]: Found valid mod file itemblacklist-1.20.1-1.0.0f.jar with {itemblacklist} mods - versions {1.20.1-1.0.0f}
[30Dec2025 03:03:32.820] [main/DEBUG] [net.minecraftforge.fml.loading.moddiscovery.ModFileParser/LOADING]: Considering mod file candidate /workspaces/creacion1/servidor_minecraft/mods/jei-1.20.1-forge-15.20.0.105.jar
[30Dec2025 03:03:32.821] [main/DEBUG] [net.minecraftforge.fml.loading.moddiscovery.ModFileInfo/LOADING]: Found valid mod file jei-1.20.1-forge-15.20.0.105.jar with {jei} mods - versions {15.20.0.105}
[30Dec2025 03:03:32.822] [main/DEBUG] [net.minecraftforge.fml.loading.moddiscovery.ModFileParser/LOADING]: Considering mod file candidate /workspaces/creacion1/servidor_minecraft/mods/JustEnoughResources-1.20.1-1.4.0.247.jar
[30Dec2025 03:03:32.823] [main/DEBUG] [net.minecraftforge.fml.loading.moddiscovery.ModFileInfo/LOADING]: Found valid mod file JustEnoughResources-1.20.1-1.4.0.247.jar with {jeresources} mods - versions {1.4.0.247}
[30Dec2025 03:03:32.823] [main/DEBUG] [net.minecraftforge.fml.loading.moddiscovery.ModFileParser/LOADING]: Considering mod file candidate /workspaces/creacion1/servidor_minecraft/mods/justzoom_forge_2.0.0_MC_1.20.1.jar
[30Dec2025 03:03:32.824] [main/DEBUG] [net.minecraftforge.fml.loading.moddiscovery.ModFileInfo/LOADING]: Found valid mod file justzoom_forge_2.0.0_MC_1.20.1.jar with {justzoom} mods - versions {2.0.0}
[30Dec2025 03:03:32.825] [main/DEBUG] [net.minecraftforge.fml.loading.moddiscovery.ModFileParser/LOADING]: Considering mod file candidate /workspaces/creacion1/servidor_minecraft/mods/Keerdm Zombie Apocalypse Essentials (TACZ) 1.41.jar
[30Dec2025 03:03:32.825] [main/DEBUG] [net.minecraftforge.fml.loading.moddiscovery.ModFileInfo/LOADING]: Found valid mod file Keerdm Zombie Apocalypse Essentials (TACZ) 1.41.jar with {keerdm_zombie_essentials} mods - versions {1.4}
[30Dec2025 03:03:32.826] [main/DEBUG] [net.minecraftforge.fml.loading.moddiscovery.ModFileParser/LOADING]: Considering mod file candidate /workspaces/creacion1/servidor_minecraft/mods/konkrete_forge_1.8.0_MC_1.20-1.20.1.jar
[30Dec2025 03:03:32.828] [main/DEBUG] [net.minecraftforge.fml.loading.moddiscovery.ModFileInfo/LOADING]: Found valid mod file konkrete_forge_1.8.0_MC_1.20-1.20.1.jar with {konkrete} mods - versions {1.8.0}
[30Dec2025 03:03:32.852] [main/DEBUG] [net.minecraftforge.fml.loading.moddiscovery.ModFileParser/LOADING]: Considering mod file candidate /workspaces/creacion1/servidor_minecraft/mods/kubejs-forge-2001.6.5-build.16.jar
[30Dec2025 03:03:32.853] [main/DEBUG] [net.minecraftforge.fml.loading.moddiscovery.ModFileInfo/LOADING]: Found valid mod file kubejs-forge-2001.6.5-build.16.jar with {kubejs} mods - versions {2001.6.5-build.16}
[30Dec2025 03:03:32.854] [main/DEBUG] [net.minecraftforge.fml.loading.moddiscovery.ModFileParser/LOADING]: Considering mod file candidate /workspaces/creacion1/servidor_minecraft/mods/lastofus-2.8-forge-1.20.1.jar
[30Dec2025 03:03:32.855] [main/DEBUG] [net.minecraftforge.fml.loading.moddiscovery.ModFileInfo/LOADING]: Found valid mod file lastofus-2.8-forge-1.20.1.jar with {last_of_us} mods - versions {2.5}
[30Dec2025 03:03:32.856] [main/DEBUG] [net.minecraftforge.fml.loading.moddiscovery.ModFileParser/LOADING]: Considering mod file candidate /workspaces/creacion1/servidor_minecraft/mods/letmedespawn-1.20.x-forge-1.4.4.jar
[30Dec2025 03:03:32.856] [main/DEBUG] [net.minecraftforge.fml.loading.moddiscovery.ModFileInfo/LOADING]: Found valid mod file letmedespawn-1.20.x-forge-1.4.4.jar with {letmedespawn} mods - versions {1.4.4}
[30Dec2025 03:03:32.857] [main/DEBUG] [net.minecraftforge.fml.loading.moddiscovery.ModFileParser/LOADING]: Considering mod file candidate /workspaces/creacion1/servidor_minecraft/mods/lootr-forge-1.20-0.7.35.90.jar
[30Dec2025 03:03:32.858] [main/DEBUG] [net.minecraftforge.fml.loading.moddiscovery.ModFileInfo/LOADING]: Found valid mod file lootr-forge-1.20-0.7.35.90.jar with {lootr} mods - versions {0.7.35.90}
[30Dec2025 03:03:32.859] [main/DEBUG] [net.minecraftforge.fml.loading.moddiscovery.ModFileParser/LOADING]: Considering mod file candidate /workspaces/creacion1/servidor_minecraft/mods/lostcities-1.20-7.3.5.jar
[30Dec2025 03:03:32.859] [main/DEBUG] [net.minecraftforge.fml.loading.moddiscovery.ModFileInfo/LOADING]: Found valid mod file lostcities-1.20-7.3.5.jar with {lostcities} mods - versions {1.20-7.3.5}
[30Dec2025 03:03:32.860] [main/DEBUG] [net.minecraftforge.fml.loading.moddiscovery.ModFileParser/LOADING]: Considering mod file candidate /workspaces/creacion1/servidor_minecraft/mods/marbledsarsenal-1.20.1-2.3.0.jar
[30Dec2025 03:03:32.861] [main/DEBUG] [net.minecraftforge.fml.loading.moddiscovery.ModFileInfo/LOADING]: Found valid mod file marbledsarsenal-1.20.1-2.3.0.jar with {marbledsarsenal} mods - versions {1.20.1-2.3.0}
[30Dec2025 03:03:32.862] [main/DEBUG] [net.minecraftforge.fml.loading.moddiscovery.ModFileParser/LOADING]: Considering mod file candidate /workspaces/creacion1/servidor_minecraft/mods/marbledsmelees-1.20.1-1.0.0.jar
[30Dec2025 03:03:32.862] [main/DEBUG] [net.minecraftforge.fml.loading.moddiscovery.ModFileInfo/LOADING]: Found valid mod file marbledsmelees-1.20.1-1.0.0.jar with {marbledsmelees} mods - versions {1.20.1-1.0.0}
[30Dec2025 03:03:32.863] [main/DEBUG] [net.minecraftforge.fml.loading.moddiscovery.ModFileParser/LOADING]: Considering mod file candidate /workspaces/creacion1/servidor_minecraft/mods/mcore-1.20.1-1.0.3.0.jar
[30Dec2025 03:03:32.864] [main/DEBUG] [net.minecraftforge.fml.loading.moddiscovery.ModFileInfo/LOADING]: Found valid mod file mcore-1.20.1-1.0.3.0.jar with {mcore} mods - versions {1.0.3.0}
[30Dec2025 03:03:32.864] [main/DEBUG] [net.minecraftforge.fml.loading.moddiscovery.ModFileParser/LOADING]: Considering mod file candidate /workspaces/creacion1/servidor_minecraft/mods/melody_forge_1.0.3_MC_1.20.1-1.20.4.jar
[30Dec2025 03:03:32.865] [main/DEBUG] [net.minecraftforge.fml.loading.moddiscovery.ModFileInfo/LOADING]: Found valid mod file melody_forge_1.0.3_MC_1.20.1-1.20.4.jar with {melody} mods - versions {1.0.2}
[30Dec2025 03:03:32.868] [main/DEBUG] [net.minecraftforge.fml.loading.moddiscovery.ModFileParser/LOADING]: Considering mod file candidate /workspaces/creacion1/servidor_minecraft/mods/minecraft-comes-alive-7.6.13+1.20.1-universal.jar
[30Dec2025 03:03:32.869] [main/DEBUG] [net.minecraftforge.fml.loading.moddiscovery.ModFileInfo/LOADING]: Found valid mod file minecraft-comes-alive-7.6.13+1.20.1-universal.jar with {mca} mods - versions {7.6.13+1.20.1}
[30Dec2025 03:03:32.870] [main/DEBUG] [net.minecraftforge.fml.loading.moddiscovery.ModFileParser/LOADING]: Considering mod file candidate /workspaces/creacion1/servidor_minecraft/mods/mobsunscreen-forge-1.20.1-3.1.1.jar
[30Dec2025 03:03:32.870] [main/DEBUG] [net.minecraftforge.fml.loading.moddiscovery.ModFileInfo/LOADING]: Found valid mod file mobsunscreen-forge-1.20.1-3.1.1.jar with {mobsunscreen} mods - versions {3.1.1}
[30Dec2025 03:03:32.871] [main/DEBUG] [net.minecraftforge.fml.loading.moddiscovery.ModFileParser/LOADING]: Considering mod file candidate /workspaces/creacion1/servidor_minecraft/mods/moonlight-1.20-2.13.47-forge.jar
[30Dec2025 03:03:32.872] [main/DEBUG] [net.minecraftforge.fml.loading.moddiscovery.ModFileInfo/LOADING]: Found valid mod file moonlight-1.20-2.13.47-forge.jar with {moonlight} mods - versions {1.20-2.13.47}
[30Dec2025 03:03:32.873] [main/DEBUG] [net.minecraftforge.fml.loading.moddiscovery.ModFileParser/LOADING]: Considering mod file candidate /workspaces/creacion1/servidor_minecraft/mods/MouseTweaks-forge-mc1.20.1-2.25.1.jar
[30Dec2025 03:03:32.873] [main/DEBUG] [net.minecraftforge.fml.loading.moddiscovery.ModFileInfo/LOADING]: Found valid mod file MouseTweaks-forge-mc1.20.1-2.25.1.jar with {mousetweaks} mods - versions {2.25.1}
[30Dec2025 03:03:32.877] [main/DEBUG] [net.minecraftforge.fml.loading.moddiscovery.ModFileParser/LOADING]: Considering mod file candidate /workspaces/creacion1/servidor_minecraft/mods/MutantMonsters-v8.0.7-1.20.1-Forge.jar
[30Dec2025 03:03:32.878] [main/DEBUG] [net.minecraftforge.fml.loading.moddiscovery.ModFileInfo/LOADING]: Found valid mod file MutantMonsters-v8.0.7-1.20.1-Forge.jar with {mutantmonsters} mods - versions {8.0.7}
[30Dec2025 03:03:32.878] [main/DEBUG] [net.minecraftforge.fml.loading.moddiscovery.ModFileParser/LOADING]: Considering mod file candidate /workspaces/creacion1/servidor_minecraft/mods/no-ruined-nether-portals-1.0.jar
[30Dec2025 03:03:32.879] [main/DEBUG] [net.minecraftforge.fml.loading.moddiscovery.ModFileInfo/LOADING]: Found valid mod file no-ruined-nether-portals-1.0.jar with {no_ruined_nether_portals} mods - versions {1.0.0}
[30Dec2025 03:03:32.880] [main/DEBUG] [net.minecraftforge.fml.loading.moddiscovery.ModFileParser/LOADING]: Considering mod file candidate /workspaces/creacion1/servidor_minecraft/mods/nobabyzombies1_20_1forge-1.1.jar
[30Dec2025 03:03:32.880] [main/DEBUG] [net.minecraftforge.fml.loading.moddiscovery.ModFileInfo/LOADING]: Found valid mod file nobabyzombies1_20_1forge-1.1.jar with {nobabyzombies1_20_1forge} mods - versions {1.1}
[30Dec2025 03:03:32.881] [main/DEBUG] [net.minecraftforge.fml.loading.moddiscovery.ModFileParser/LOADING]: Considering mod file candidate /workspaces/creacion1/servidor_minecraft/mods/noisium-forge-2.3.0+mc1.20-1.20.1.jar
[30Dec2025 03:03:32.882] [main/DEBUG] [net.minecraftforge.fml.loading.moddiscovery.ModFileInfo/LOADING]: Found valid mod file noisium-forge-2.3.0+mc1.20-1.20.1.jar with {noisium} mods - versions {2.3.0+mc1.20-1.20.1}
[30Dec2025 03:03:32.882] [main/DEBUG] [net.minecraftforge.fml.loading.moddiscovery.ModFileParser/LOADING]: Considering mod file candidate /workspaces/creacion1/servidor_minecraft/mods/nonetherportal-1.20.1-1.0.jar
[30Dec2025 03:03:32.883] [main/DEBUG] [net.minecraftforge.fml.loading.moddiscovery.ModFileInfo/LOADING]: Found valid mod file nonetherportal-1.20.1-1.0.jar with {nonetherportal} mods - versions {1.20.1-1.0}
[30Dec2025 03:03:32.883] [main/DEBUG] [net.minecraftforge.fml.loading.moddiscovery.ModFileParser/LOADING]: Considering mod file candidate /workspaces/creacion1/servidor_minecraft/mods/Not Enough Recipe Book-FORGE-0.4.1+1.20.1.jar
[30Dec2025 03:03:32.884] [main/DEBUG] [net.minecraftforge.fml.loading.moddiscovery.ModFileInfo/LOADING]: Found valid mod file Not Enough Recipe Book-FORGE-0.4.1+1.20.1.jar with {nerb} mods - versions {0.4.1}
[30Dec2025 03:03:32.884] [main/DEBUG] [net.minecraftforge.fml.loading.moddiscovery.ModFileParser/LOADING]: Considering mod file candidate /workspaces/creacion1/servidor_minecraft/mods/OctoLib-FORGE-0.4.2+1.20.1.jar
[30Dec2025 03:03:32.885] [main/DEBUG] [net.minecraftforge.fml.loading.moddiscovery.ModFileInfo/LOADING]: Found valid mod file OctoLib-FORGE-0.4.2+1.20.1.jar with {octolib} mods - versions {0.4.2}
[30Dec2025 03:03:32.888] [main/DEBUG] [net.minecraftforge.fml.loading.moddiscovery.ModFileParser/LOADING]: Considering mod file candidate /workspaces/creacion1/servidor_minecraft/mods/OpenLoader-Forge-1.20.1-19.0.4.jar
[30Dec2025 03:03:32.888] [main/DEBUG] [net.minecraftforge.fml.loading.moddiscovery.ModFileInfo/LOADING]: Found valid mod file OpenLoader-Forge-1.20.1-19.0.4.jar with {openloader} mods - versions {19.0.4}
[30Dec2025 03:03:32.889] [main/DEBUG] [net.minecraftforge.fml.loading.moddiscovery.ModFileParser/LOADING]: Considering mod file candidate /workspaces/creacion1/servidor_minecraft/mods/packetfixer-forge-1.4.3-1.19-to-1.20.1.jar
[30Dec2025 03:03:32.890] [main/DEBUG] [net.minecraftforge.fml.loading.moddiscovery.ModFileInfo/LOADING]: Found valid mod file packetfixer-forge-1.4.3-1.19-to-1.20.1.jar with {packetfixer} mods - versions {1.4.3}
[30Dec2025 03:03:32.890] [main/DEBUG] [net.minecraftforge.fml.loading.moddiscovery.ModFileParser/LOADING]: Considering mod file candidate /workspaces/creacion1/servidor_minecraft/mods/pandalib-forge-0.4.2-1.20.jar
[30Dec2025 03:03:32.891] [main/DEBUG] [net.minecraftforge.fml.loading.moddiscovery.ModFileInfo/LOADING]: Found valid mod file pandalib-forge-0.4.2-1.20.jar with {pandalib} mods - versions {0.4.2}
[30Dec2025 03:03:32.892] [main/DEBUG] [net.minecraftforge.fml.loading.moddiscovery.ModFileParser/LOADING]: Considering mod file candidate /workspaces/creacion1/servidor_minecraft/mods/Patchouli-1.20.1-84-FORGE.jar
[30Dec2025 03:03:32.892] [main/DEBUG] [net.minecraftforge.fml.loading.moddiscovery.ModFileInfo/LOADING]: Found valid mod file Patchouli-1.20.1-84-FORGE.jar with {patchouli} mods - versions {1.20.1-84-FORGE}
[30Dec2025 03:03:32.893] [main/DEBUG] [net.minecraftforge.fml.loading.moddiscovery.ModFileParser/LOADING]: Considering mod file candidate /workspaces/creacion1/servidor_minecraft/mods/Placebo-1.20.1-8.6.2.jar
[30Dec2025 03:03:32.894] [main/DEBUG] [net.minecraftforge.fml.loading.moddiscovery.ModFileInfo/LOADING]: Found valid mod file Placebo-1.20.1-8.6.2.jar with {placebo} mods - versions {8.6.2}
[30Dec2025 03:03:32.894] [main/DEBUG] [net.minecraftforge.fml.loading.moddiscovery.ModFileParser/LOADING]: Considering mod file candidate /workspaces/creacion1/servidor_minecraft/mods/player-animation-lib-forge-1.0.2-rc1+1.20.jar
[30Dec2025 03:03:32.895] [main/DEBUG] [net.minecraftforge.fml.loading.moddiscovery.ModFileInfo/LOADING]: Found valid mod file player-animation-lib-forge-1.0.2-rc1+1.20.jar with {playeranimator} mods - versions {1.0.2-rc1+1.20}
[30Dec2025 03:03:32.896] [main/DEBUG] [net.minecraftforge.fml.loading.moddiscovery.ModFileParser/LOADING]: Considering mod file candidate /workspaces/creacion1/servidor_minecraft/mods/pointblank-forge-1.20.1-1.9.6.jar
[30Dec2025 03:03:32.897] [main/DEBUG] [net.minecraftforge.fml.loading.moddiscovery.ModFileInfo/LOADING]: Found valid mod file pointblank-forge-1.20.1-1.9.6.jar with {pointblank} mods - versions {1.9.6}
[30Dec2025 03:03:32.898] [main/DEBUG] [net.minecraftforge.fml.loading.moddiscovery.ModFileParser/LOADING]: Considering mod file candidate /workspaces/creacion1/servidor_minecraft/mods/polymorph-forge-0.49.8+1.20.1.jar
[30Dec2025 03:03:32.899] [main/DEBUG] [net.minecraftforge.fml.loading.moddiscovery.ModFileInfo/LOADING]: Found valid mod file polymorph-forge-0.49.8+1.20.1.jar with {polymorph} mods - versions {0.49.8+1.20.1}
[30Dec2025 03:03:32.904] [main/DEBUG] [net.minecraftforge.fml.loading.moddiscovery.ModFileParser/LOADING]: Considering mod file candidate /workspaces/creacion1/servidor_minecraft/mods/PuzzlesLib-v8.1.25-1.20.1-Forge.jar
[30Dec2025 03:03:32.905] [main/DEBUG] [net.minecraftforge.fml.loading.moddiscovery.ModFileInfo/LOADING]: Found valid mod file PuzzlesLib-v8.1.25-1.20.1-Forge.jar with {puzzleslib} mods - versions {8.1.25}
[30Dec2025 03:03:32.905] [main/DEBUG] [net.minecraftforge.fml.loading.moddiscovery.ModFileParser/LOADING]: Considering mod file candidate /workspaces/creacion1/servidor_minecraft/mods/resourcefullib-forge-1.20.1-2.1.29.jar
[30Dec2025 03:03:32.906] [main/DEBUG] [net.minecraftforge.fml.loading.moddiscovery.ModFileInfo/LOADING]: Found valid mod file resourcefullib-forge-1.20.1-2.1.29.jar with {resourcefullib} mods - versions {2.1.29}
[30Dec2025 03:03:32.907] [main/DEBUG] [net.minecraftforge.fml.loading.moddiscovery.ModFileParser/LOADING]: Considering mod file candidate /workspaces/creacion1/servidor_minecraft/mods/rhino-forge-2001.2.3-build.6.jar
[30Dec2025 03:03:32.907] [main/DEBUG] [net.minecraftforge.fml.loading.moddiscovery.ModFileInfo/LOADING]: Found valid mod file rhino-forge-2001.2.3-build.6.jar with {rhino} mods - versions {2001.2.3-build.6}
[30Dec2025 03:03:32.908] [main/DEBUG] [net.minecraftforge.fml.loading.moddiscovery.ModFileParser/LOADING]: Considering mod file candidate /workspaces/creacion1/servidor_minecraft/mods/ScalingMobs-2.2.2.jar
[30Dec2025 03:03:32.909] [main/DEBUG] [net.minecraftforge.fml.loading.moddiscovery.ModFileInfo/LOADING]: Found valid mod file ScalingMobs-2.2.2.jar with {scalingmobs} mods - versions {2.2.2}
[30Dec2025 03:03:32.909] [main/DEBUG] [net.minecraftforge.fml.loading.moddiscovery.ModFileParser/LOADING]: Considering mod file candidate /workspaces/creacion1/servidor_minecraft/mods/Searchables-forge-1.20.1-1.0.3.jar
[30Dec2025 03:03:32.910] [main/DEBUG] [net.minecraftforge.fml.loading.moddiscovery.ModFileInfo/LOADING]: Found valid mod file Searchables-forge-1.20.1-1.0.3.jar with {searchables} mods - versions {1.0.3}
[30Dec2025 03:03:32.911] [main/DEBUG] [net.minecraftforge.fml.loading.moddiscovery.ModFileParser/LOADING]: Considering mod file candidate /workspaces/creacion1/servidor_minecraft/mods/Skay's Overworld Netherite RELEASE 1.20.1 Forge.jar
[30Dec2025 03:03:32.911] [main/DEBUG] [net.minecraftforge.fml.loading.moddiscovery.ModFileInfo/LOADING]: Found valid mod file Skay's Overworld Netherite RELEASE 1.20.1 Forge.jar with {overworld_netherite_ore} mods - versions {1.0}
[30Dec2025 03:03:32.912] [main/DEBUG] [net.minecraftforge.fml.loading.moddiscovery.ModFileParser/LOADING]: Considering mod file candidate /workspaces/creacion1/servidor_minecraft/mods/smoothboot(reloaded)-mc1.20.1-0.0.4.jar
[30Dec2025 03:03:32.912] [main/DEBUG] [net.minecraftforge.fml.loading.moddiscovery.ModFileInfo/LOADING]: Found valid mod file smoothboot(reloaded)-mc1.20.1-0.0.4.jar with {smoothboot} mods - versions {0.0.4}
[30Dec2025 03:03:32.913] [main/DEBUG] [net.minecraftforge.fml.loading.moddiscovery.ModFileParser/LOADING]: Considering mod file candidate /workspaces/creacion1/servidor_minecraft/mods/starterkit-1.20.1-7.1.jar
[30Dec2025 03:03:32.913] [main/DEBUG] [net.minecraftforge.fml.loading.moddiscovery.ModFileInfo/LOADING]: Found valid mod file starterkit-1.20.1-7.1.jar with {starterkit} mods - versions {7.1}
[30Dec2025 03:03:32.914] [main/DEBUG] [net.minecraftforge.fml.loading.moddiscovery.ModFileParser/LOADING]: Considering mod file candidate /workspaces/creacion1/servidor_minecraft/mods/structure_gel-1.20.1-2.16.2.jar
[30Dec2025 03:03:32.914] [main/DEBUG] [net.minecraftforge.fml.loading.moddiscovery.ModFileInfo/LOADING]: Found valid mod file structure_gel-1.20.1-2.16.2.jar with {structure_gel} mods - versions {2.16.2}
[30Dec2025 03:03:32.916] [main/DEBUG] [net.minecraftforge.fml.loading.moddiscovery.ModFileParser/LOADING]: Considering mod file candidate /workspaces/creacion1/servidor_minecraft/mods/tacz-1.20.1-1.0.3-all.jar
[30Dec2025 03:03:32.917] [main/DEBUG] [net.minecraftforge.fml.loading.moddiscovery.ModFileInfo/LOADING]: Found valid mod file tacz-1.20.1-1.0.3-all.jar with {tacz} mods - versions {1.0.3}
[30Dec2025 03:03:32.918] [main/DEBUG] [net.minecraftforge.fml.loading.moddiscovery.ModFileParser/LOADING]: Considering mod file candidate /workspaces/creacion1/servidor_minecraft/mods/tenshilib-1.20.1-1.7.6-forge.jar
[30Dec2025 03:03:32.918] [main/DEBUG] [net.minecraftforge.fml.loading.moddiscovery.ModFileInfo/LOADING]: Found valid mod file tenshilib-1.20.1-1.7.6-forge.jar with {tenshilib} mods - versions {1.20.1-1.7.6}
[30Dec2025 03:03:32.920] [main/DEBUG] [net.minecraftforge.fml.loading.moddiscovery.ModFileParser/LOADING]: Considering mod file candidate /workspaces/creacion1/servidor_minecraft/mods/the_deep_void-1.28-forge-1.20.1.jar
[30Dec2025 03:03:32.921] [main/DEBUG] [net.minecraftforge.fml.loading.moddiscovery.ModFileInfo/LOADING]: Found valid mod file the_deep_void-1.28-forge-1.20.1.jar with {the_deep_void} mods - versions {1.28}
[30Dec2025 03:03:32.932] [main/DEBUG] [net.minecraftforge.fml.loading.moddiscovery.ModFileParser/LOADING]: Considering mod file candidate /workspaces/creacion1/servidor_minecraft/mods/u_team_core-forge-1.20.1-5.1.4.346.jar
[30Dec2025 03:03:32.933] [main/DEBUG] [net.minecraftforge.fml.loading.moddiscovery.ModFileInfo/LOADING]: Found valid mod file u_team_core-forge-1.20.1-5.1.4.346.jar with {uteamcore} mods - versions {5.1.4.346}
[30Dec2025 03:03:32.934] [main/DEBUG] [net.minecraftforge.fml.loading.moddiscovery.ModFileParser/LOADING]: Considering mod file candidate /workspaces/creacion1/servidor_minecraft/mods/UniLib-1.0.4+1.20.1-forge.jar
[30Dec2025 03:03:32.934] [main/DEBUG] [net.minecraftforge.fml.loading.moddiscovery.ModFileInfo/LOADING]: Found valid mod file UniLib-1.0.4+1.20.1-forge.jar with {unilib} mods - versions {1.0.4}
[30Dec2025 03:03:32.936] [main/WARN] [net.minecraftforge.fml.loading.moddiscovery.ModDiscoverer/SCAN]: Locator {mods folder locator at /workspaces/creacion1/servidor_minecraft/mods} returned 1 files which are client-side-only mods, but we're on a dedicated server. They will be skipped!
[30Dec2025 03:03:33.039] [main/DEBUG] [net.minecraftforge.fml.loading.moddiscovery.ModFileInfo/LOADING]: Found valid mod file server-1.20.1-20230612.114412-srg.jar with {minecraft} mods - versions {1.20.1}
[30Dec2025 03:03:33.041] [main/DEBUG] [net.minecraftforge.fml.loading.moddiscovery.ModFileParser/LOADING]: Considering mod file candidate /workspaces/creacion1/servidor_minecraft/libraries/net/minecraftforge/fmlcore/1.20.1-47.4.13/fmlcore-1.20.1-47.4.13.jar
[30Dec2025 03:03:33.041] [main/WARN] [net.minecraftforge.fml.loading.moddiscovery.ModFileParser/LOADING]: Mod file /workspaces/creacion1/servidor_minecraft/libraries/net/minecraftforge/fmlcore/1.20.1-47.4.13/fmlcore-1.20.1-47.4.13.jar is missing mods.toml file
[30Dec2025 03:03:33.042] [main/DEBUG] [net.minecraftforge.fml.loading.moddiscovery.ModFileParser/LOADING]: Considering mod file candidate /workspaces/creacion1/servidor_minecraft/libraries/net/minecraftforge/javafmllanguage/1.20.1-47.4.13/javafmllanguage-1.20.1-47.4.13.jar
[30Dec2025 03:03:33.042] [main/WARN] [net.minecraftforge.fml.loading.moddiscovery.ModFileParser/LOADING]: Mod file /workspaces/creacion1/servidor_minecraft/libraries/net/minecraftforge/javafmllanguage/1.20.1-47.4.13/javafmllanguage-1.20.1-47.4.13.jar is missing mods.toml file
[30Dec2025 03:03:33.043] [main/DEBUG] [net.minecraftforge.fml.loading.moddiscovery.ModFileParser/LOADING]: Considering mod file candidate /workspaces/creacion1/servidor_minecraft/libraries/net/minecraftforge/lowcodelanguage/1.20.1-47.4.13/lowcodelanguage-1.20.1-47.4.13.jar
[30Dec2025 03:03:33.043] [main/WARN] [net.minecraftforge.fml.loading.moddiscovery.ModFileParser/LOADING]: Mod file /workspaces/creacion1/servidor_minecraft/libraries/net/minecraftforge/lowcodelanguage/1.20.1-47.4.13/lowcodelanguage-1.20.1-47.4.13.jar is missing mods.toml file
[30Dec2025 03:03:33.044] [main/DEBUG] [net.minecraftforge.fml.loading.moddiscovery.ModFileParser/LOADING]: Considering mod file candidate /workspaces/creacion1/servidor_minecraft/libraries/net/minecraftforge/mclanguage/1.20.1-47.4.13/mclanguage-1.20.1-47.4.13.jar
[30Dec2025 03:03:33.044] [main/WARN] [net.minecraftforge.fml.loading.moddiscovery.ModFileParser/LOADING]: Mod file /workspaces/creacion1/servidor_minecraft/libraries/net/minecraftforge/mclanguage/1.20.1-47.4.13/mclanguage-1.20.1-47.4.13.jar is missing mods.toml file
[30Dec2025 03:03:33.048] [main/DEBUG] [net.minecraftforge.fml.loading.moddiscovery.ModFileParser/LOADING]: Considering mod file candidate /workspaces/creacion1/servidor_minecraft/libraries/net/minecraftforge/forge/1.20.1-47.4.13/forge-1.20.1-47.4.13-universal.jar
[30Dec2025 03:03:33.048] [main/DEBUG] [net.minecraftforge.fml.loading.moddiscovery.ModFileInfo/LOADING]: Found valid mod file forge-1.20.1-47.4.13-universal.jar with {forge} mods - versions {47.4.13}
[30Dec2025 03:03:33.060] [main/DEBUG] [net.minecraftforge.fml.loading.moddiscovery.AbstractJarFileDependencyLocator/]: Failed to load resource META-INF/jarjar/metadata.json from auudio_forge_1.0.3_MC_1.19.3.jar, it does not contain dependency information.
[30Dec2025 03:03:33.060] [main/DEBUG] [net.minecraftforge.fml.loading.moddiscovery.AbstractJarFileDependencyLocator/]: Failed to load resource META-INF/jarjar/metadata.json from almanac-1.20.x-forge-1.0.2.jar, it does not contain dependency information.
[30Dec2025 03:03:33.060] [main/DEBUG] [net.minecraftforge.fml.loading.moddiscovery.AbstractJarFileDependencyLocator/]: Failed to load resource META-INF/jarjar/metadata.json from player-animation-lib-forge-1.0.2-rc1+1.20.jar, it does not contain dependency information.
[30Dec2025 03:03:33.060] [main/DEBUG] [net.minecraftforge.fml.loading.moddiscovery.AbstractJarFileDependencyLocator/]: Failed to load resource META-INF/jarjar/metadata.json from incontrol-1.20-9.2.11.jar, it does not contain dependency information.
[30Dec2025 03:03:33.060] [main/DEBUG] [net.minecraftforge.fml.loading.moddiscovery.AbstractJarFileDependencyLocator/]: Failed to load resource META-INF/jarjar/metadata.json from Not Enough Recipe Book-FORGE-0.4.1+1.20.1.jar, it does not contain dependency information.
[30Dec2025 03:03:33.061] [main/DEBUG] [net.minecraftforge.fml.loading.moddiscovery.AbstractJarFileDependencyLocator/]: Failed to load resource META-INF/jarjar/metadata.json from InsaneLib-1.16.1-mc1.20.1.jar, it does not contain dependency information.
[30Dec2025 03:03:33.061] [main/DEBUG] [net.minecraftforge.fml.loading.moddiscovery.AbstractJarFileDependencyLocator/]: Failed to load resource META-INF/jarjar/metadata.json from configurableextramobdrops-1.20.1-3.4.jar, it does not contain dependency information.
[30Dec2025 03:03:33.061] [main/DEBUG] [net.minecraftforge.fml.loading.moddiscovery.AbstractJarFileDependencyLocator/]: Failed to load resource META-INF/jarjar/metadata.json from Controlling-forge-1.20.1-12.0.2.jar, it does not contain dependency information.
[30Dec2025 03:03:33.061] [main/DEBUG] [net.minecraftforge.fml.loading.moddiscovery.AbstractJarFileDependencyLocator/]: Failed to load resource META-INF/jarjar/metadata.json from Placebo-1.20.1-8.6.2.jar, it does not contain dependency information.
[30Dec2025 03:03:33.061] [main/DEBUG] [net.minecraftforge.fml.loading.moddiscovery.AbstractJarFileDependencyLocator/]: Failed to load resource META-INF/jarjar/metadata.json from citadel-2.6.1-1.20.1.jar, it does not contain dependency information.
[30Dec2025 03:03:33.061] [main/DEBUG] [net.minecraftforge.fml.loading.moddiscovery.AbstractJarFileDependencyLocator/]: Failed to load resource META-INF/jarjar/metadata.json from Bookshelf-Forge-1.20.1-20.2.13.jar, it does not contain dependency information.
[30Dec2025 03:03:33.061] [main/DEBUG] [net.minecraftforge.fml.loading.moddiscovery.AbstractJarFileDependencyLocator/]: Failed to load resource META-INF/jarjar/metadata.json from u_team_core-forge-1.20.1-5.1.4.346.jar, it does not contain dependency information.
[30Dec2025 03:03:33.062] [main/DEBUG] [net.minecraftforge.fml.loading.moddiscovery.AbstractJarFileDependencyLocator/]: Failed to load resource META-INF/jarjar/metadata.json from JustEnoughResources-1.20.1-1.4.0.247.jar, it does not contain dependency information.
[30Dec2025 03:03:33.062] [main/DEBUG] [net.minecraftforge.fml.loading.moddiscovery.AbstractJarFileDependencyLocator/]: Failed to load resource META-INF/jarjar/metadata.json from cloth-config-11.1.136-forge.jar, it does not contain dependency information.
[30Dec2025 03:03:33.062] [main/DEBUG] [net.minecraftforge.fml.loading.moddiscovery.AbstractJarFileDependencyLocator/]: Failed to load resource META-INF/jarjar/metadata.json from konkrete_forge_1.8.0_MC_1.20-1.20.1.jar, it does not contain dependency information.
[30Dec2025 03:03:33.062] [main/DEBUG] [net.minecraftforge.fml.loading.moddiscovery.AbstractJarFileDependencyLocator/]: Failed to load resource META-INF/jarjar/metadata.json from cw_additions-1.1.6b-RELEASE-1.0-forge-1.20.1.jar, it does not contain dependency information.
[30Dec2025 03:03:33.063] [main/DEBUG] [net.minecraftforge.fml.loading.moddiscovery.AbstractJarFileDependencyLocator/]: Failed to load resource META-INF/jarjar/metadata.json from athena-forge-1.20.1-3.1.2.jar, it does not contain dependency information.
[30Dec2025 03:03:33.063] [main/DEBUG] [net.minecraftforge.fml.loading.moddiscovery.AbstractJarFileDependencyLocator/]: Failed to load resource META-INF/jarjar/metadata.json from structure_gel-1.20.1-2.16.2.jar, it does not contain dependency information.
[30Dec2025 03:03:33.063] [main/DEBUG] [net.minecraftforge.fml.loading.moddiscovery.AbstractJarFileDependencyLocator/]: Failed to load resource META-INF/jarjar/metadata.json from corpse-forge-1.20.1-1.0.19.jar, it does not contain dependency information.
[30Dec2025 03:03:33.063] [main/DEBUG] [net.minecraftforge.fml.loading.moddiscovery.AbstractJarFileDependencyLocator/]: Failed to load resource META-INF/jarjar/metadata.json from tenshilib-1.20.1-1.7.6-forge.jar, it does not contain dependency information.
[30Dec2025 03:03:33.063] [main/DEBUG] [net.minecraftforge.fml.loading.moddiscovery.AbstractJarFileDependencyLocator/]: Failed to load resource META-INF/jarjar/metadata.json from the_deep_void-1.28-forge-1.20.1.jar, it does not contain dependency information.
[30Dec2025 03:03:33.064] [main/DEBUG] [net.minecraftforge.fml.loading.moddiscovery.AbstractJarFileDependencyLocator/]: Failed to load resource META-INF/jarjar/metadata.json from pandalib-forge-0.4.2-1.20.jar, it does not contain dependency information.
[30Dec2025 03:03:33.064] [main/DEBUG] [net.minecraftforge.fml.loading.moddiscovery.AbstractJarFileDependencyLocator/]: Failed to load resource META-INF/jarjar/metadata.json from Skay's Overworld Netherite RELEASE 1.20.1 Forge.jar, it does not contain dependency information.
[30Dec2025 03:03:33.064] [main/DEBUG] [net.minecraftforge.fml.loading.moddiscovery.AbstractJarFileDependencyLocator/]: Failed to load resource META-INF/jarjar/metadata.json from curios-forge-5.11.1+1.20.1.jar, it does not contain dependency information.
[30Dec2025 03:03:33.064] [main/DEBUG] [net.minecraftforge.fml.loading.moddiscovery.AbstractJarFileDependencyLocator/]: Failed to load resource META-INF/jarjar/metadata.json from Patchouli-1.20.1-84-FORGE.jar, it does not contain dependency information.
[30Dec2025 03:03:33.064] [main/DEBUG] [net.minecraftforge.fml.loading.moddiscovery.AbstractJarFileDependencyLocator/]: Failed to load resource META-INF/jarjar/metadata.json from itemblacklist-1.20.1-1.0.0f.jar, it does not contain dependency information.
[30Dec2025 03:03:33.065] [main/DEBUG] [net.minecraftforge.fml.loading.moddiscovery.AbstractJarFileDependencyLocator/]: Failed to load resource META-INF/jarjar/metadata.json from Keerdm Zombie Apocalypse Essentials (TACZ) 1.41.jar, it does not contain dependency information.
[30Dec2025 03:03:33.065] [main/DEBUG] [net.minecraftforge.fml.loading.moddiscovery.AbstractJarFileDependencyLocator/]: Failed to load resource META-INF/jarjar/metadata.json from collective-1.20.1-7.87.jar, it does not contain dependency information.
[30Dec2025 03:03:33.065] [main/DEBUG] [net.minecraftforge.fml.loading.moddiscovery.AbstractJarFileDependencyLocator/]: Failed to load resource META-INF/jarjar/metadata.json from Searchables-forge-1.20.1-1.0.3.jar, it does not contain dependency information.
[30Dec2025 03:03:33.065] [main/DEBUG] [net.minecraftforge.fml.loading.moddiscovery.AbstractJarFileDependencyLocator/]: Failed to load resource META-INF/jarjar/metadata.json from lostcities-1.20-7.3.5.jar, it does not contain dependency information.
[30Dec2025 03:03:33.066] [main/DEBUG] [net.minecraftforge.fml.loading.moddiscovery.AbstractJarFileDependencyLocator/]: Failed to load resource META-INF/jarjar/metadata.json from pointblank-forge-1.20.1-1.9.6.jar, it does not contain dependency information.
[30Dec2025 03:03:33.066] [main/DEBUG] [net.minecraftforge.fml.loading.moddiscovery.AbstractJarFileDependencyLocator/]: Failed to load resource META-INF/jarjar/metadata.json from Atlas Lib-1.20.1-1.1.12.jar, it does not contain dependency information.
[30Dec2025 03:03:33.066] [main/DEBUG] [net.minecraftforge.fml.loading.moddiscovery.AbstractJarFileDependencyLocator/]: Failed to load resource META-INF/jarjar/metadata.json from starterkit-1.20.1-7.1.jar, it does not contain dependency information.
[30Dec2025 03:03:33.067] [main/DEBUG] [net.minecraftforge.fml.loading.moddiscovery.AbstractJarFileDependencyLocator/]: Failed to load resource META-INF/jarjar/metadata.json from ScalingMobs-2.2.2.jar, it does not contain dependency information.
[30Dec2025 03:03:33.067] [main/DEBUG] [net.minecraftforge.fml.loading.moddiscovery.AbstractJarFileDependencyLocator/]: Failed to load resource META-INF/jarjar/metadata.json from architectury-9.2.14-forge.jar, it does not contain dependency information.
[30Dec2025 03:03:33.067] [main/DEBUG] [net.minecraftforge.fml.loading.moddiscovery.AbstractJarFileDependencyLocator/]: Failed to load resource META-INF/jarjar/metadata.json from cupboard-1.20.1-2.7.jar, it does not contain dependency information.
[30Dec2025 03:03:33.067] [main/DEBUG] [net.minecraftforge.fml.loading.moddiscovery.AbstractJarFileDependencyLocator/]: Failed to load resource META-INF/jarjar/metadata.json from firstjoinmessage-1.20.1-3.6.jar, it does not contain dependency information.
[30Dec2025 03:03:33.067] [main/DEBUG] [net.minecraftforge.fml.loading.moddiscovery.AbstractJarFileDependencyLocator/]: Failed to load resource META-INF/jarjar/metadata.json from UniLib-1.0.4+1.20.1-forge.jar, it does not contain dependency information.
[30Dec2025 03:03:33.068] [main/DEBUG] [net.minecraftforge.fml.loading.moddiscovery.AbstractJarFileDependencyLocator/]: Failed to load resource META-INF/jarjar/metadata.json from framework-forge-1.20.1-0.7.12.jar, it does not contain dependency information.
[30Dec2025 03:03:33.068] [main/DEBUG] [net.minecraftforge.fml.loading.moddiscovery.AbstractJarFileDependencyLocator/]: Failed to load resource META-INF/jarjar/metadata.json from letmedespawn-1.20.x-forge-1.4.4.jar, it does not contain dependency information.
[30Dec2025 03:03:33.068] [main/DEBUG] [net.minecraftforge.fml.loading.moddiscovery.AbstractJarFileDependencyLocator/]: Failed to load resource META-INF/jarjar/metadata.json from no-ruined-nether-portals-1.0.jar, it does not contain dependency information.
[30Dec2025 03:03:33.068] [main/DEBUG] [net.minecraftforge.fml.loading.moddiscovery.AbstractJarFileDependencyLocator/]: Failed to load resource META-INF/jarjar/metadata.json from rhino-forge-2001.2.3-build.6.jar, it does not contain dependency information.
[30Dec2025 03:03:33.068] [main/DEBUG] [net.minecraftforge.fml.loading.moddiscovery.AbstractJarFileDependencyLocator/]: Failed to load resource META-INF/jarjar/metadata.json from Fastload-Reforged-mc1.20.1-3.4.0.jar, it does not contain dependency information.
[30Dec2025 03:03:33.069] [main/DEBUG] [net.minecraftforge.fml.loading.moddiscovery.AbstractJarFileDependencyLocator/]: Failed to load resource META-INF/jarjar/metadata.json from minecraft-comes-alive-7.6.13+1.20.1-universal.jar, it does not contain dependency information.
[30Dec2025 03:03:33.069] [main/DEBUG] [net.minecraftforge.fml.loading.moddiscovery.AbstractJarFileDependencyLocator/]: Failed to load resource META-INF/jarjar/metadata.json from nonetherportal-1.20.1-1.0.jar, it does not contain dependency information.
[30Dec2025 03:03:33.069] [main/DEBUG] [net.minecraftforge.fml.loading.moddiscovery.AbstractJarFileDependencyLocator/]: Failed to load resource META-INF/jarjar/metadata.json from fastboot-1.20.x-1.2.jar, it does not contain dependency information.
[30Dec2025 03:03:33.069] [main/DEBUG] [net.minecraftforge.fml.loading.moddiscovery.AbstractJarFileDependencyLocator/]: Failed to load resource META-INF/jarjar/metadata.json from jei-1.20.1-forge-15.20.0.105.jar, it does not contain dependency information.
[30Dec2025 03:03:33.070] [main/DEBUG] [net.minecraftforge.fml.loading.moddiscovery.AbstractJarFileDependencyLocator/]: Failed to load resource META-INF/jarjar/metadata.json from immersive_weathering-1.20.1-2.0.5-forge.jar, it does not contain dependency information.
[30Dec2025 03:03:33.070] [main/DEBUG] [net.minecraftforge.fml.loading.moddiscovery.AbstractJarFileDependencyLocator/]: Failed to load resource META-INF/jarjar/metadata.json from nobabyzombies1_20_1forge-1.1.jar, it does not contain dependency information.
[30Dec2025 03:03:33.070] [main/DEBUG] [net.minecraftforge.fml.loading.moddiscovery.AbstractJarFileDependencyLocator/]: Failed to load resource META-INF/jarjar/metadata.json from marbledsarsenal-1.20.1-2.3.0.jar, it does not contain dependency information.
[30Dec2025 03:03:33.070] [main/DEBUG] [net.minecraftforge.fml.loading.moddiscovery.AbstractJarFileDependencyLocator/]: Failed to load resource META-INF/jarjar/metadata.json from Clumps-forge-1.20.1-12.0.0.4.jar, it does not contain dependency information.
[30Dec2025 03:03:33.070] [main/DEBUG] [net.minecraftforge.fml.loading.moddiscovery.AbstractJarFileDependencyLocator/]: Failed to load resource META-INF/jarjar/metadata.json from fastasyncworldsave-1.20.1-2.4.jar, it does not contain dependency information.
[30Dec2025 03:03:33.071] [main/DEBUG] [net.minecraftforge.fml.loading.moddiscovery.AbstractJarFileDependencyLocator/]: Failed to load resource META-INF/jarjar/metadata.json from forgivingworld-1.20.1-4.7.jar, it does not contain dependency information.
[30Dec2025 03:03:33.071] [main/DEBUG] [net.minecraftforge.fml.loading.moddiscovery.AbstractJarFileDependencyLocator/]: Failed to load resource META-INF/jarjar/metadata.json from mcore-1.20.1-1.0.3.0.jar, it does not contain dependency information.
[30Dec2025 03:03:33.071] [main/DEBUG] [net.minecraftforge.fml.loading.moddiscovery.AbstractJarFileDependencyLocator/]: Failed to load resource META-INF/jarjar/metadata.json from GlitchCore-forge-1.20.1-0.0.1.1.jar, it does not contain dependency information.
[30Dec2025 03:03:33.071] [main/DEBUG] [net.minecraftforge.fml.loading.moddiscovery.AbstractJarFileDependencyLocator/]: Failed to load resource META-INF/jarjar/metadata.json from BadMobs-1.20.1-19.0.4.jar, it does not contain dependency information.
[30Dec2025 03:03:33.072] [main/DEBUG] [net.minecraftforge.fml.loading.moddiscovery.AbstractJarFileDependencyLocator/]: Failed to load resource META-INF/jarjar/metadata.json from cofh_core-1.20.1-11.0.2.56.jar, it does not contain dependency information.
[30Dec2025 03:03:33.072] [main/DEBUG] [net.minecraftforge.fml.loading.moddiscovery.AbstractJarFileDependencyLocator/]: Failed to load resource META-INF/jarjar/metadata.json from Better Mob Food - Version 1.0.1 (Beta).jar, it does not contain dependency information.
[30Dec2025 03:03:33.072] [main/DEBUG] [net.minecraftforge.fml.loading.moddiscovery.AbstractJarFileDependencyLocator/]: Failed to load resource META-INF/jarjar/metadata.json from forge-1.20.1-47.4.13-universal.jar, it does not contain dependency information.
[30Dec2025 03:03:33.073] [main/DEBUG] [net.minecraftforge.fml.loading.moddiscovery.AbstractJarFileDependencyLocator/]: Failed to load resource META-INF/jarjar/metadata.json from server-1.20.1-20230612.114412-srg.jar, it does not contain dependency information.
[30Dec2025 03:03:33.073] [main/DEBUG] [net.minecraftforge.fml.loading.moddiscovery.AbstractJarFileDependencyLocator/]: Failed to load resource META-INF/jarjar/metadata.json from MouseTweaks-forge-mc1.20.1-2.25.1.jar, it does not contain dependency information.
[30Dec2025 03:03:33.073] [main/DEBUG] [net.minecraftforge.fml.loading.moddiscovery.AbstractJarFileDependencyLocator/]: Failed to load resource META-INF/jarjar/metadata.json from CreativeCore_FORGE_v2.12.28_mc1.20.1.jar, it does not contain dependency information.
[30Dec2025 03:03:33.073] [main/DEBUG] [net.minecraftforge.fml.loading.moddiscovery.AbstractJarFileDependencyLocator/]: Failed to load resource META-INF/jarjar/metadata.json from Corgilib-Forge-1.20.1-4.0.3.3.jar, it does not contain dependency information.
[30Dec2025 03:03:33.073] [main/DEBUG] [net.minecraftforge.fml.loading.moddiscovery.AbstractJarFileDependencyLocator/]: Failed to load resource META-INF/jarjar/metadata.json from smoothboot(reloaded)-mc1.20.1-0.0.4.jar, it does not contain dependency information.
[30Dec2025 03:03:33.073] [main/DEBUG] [net.minecraftforge.fml.loading.moddiscovery.AbstractJarFileDependencyLocator/]: Failed to load resource META-INF/jarjar/metadata.json from lastofus-2.8-forge-1.20.1.jar, it does not contain dependency information.
[30Dec2025 03:03:33.074] [main/DEBUG] [net.minecraftforge.fml.loading.moddiscovery.AbstractJarFileDependencyLocator/]: Failed to load resource META-INF/jarjar/metadata.json from betterfpsdist-1.20.1-6.0.jar, it does not contain dependency information.
[30Dec2025 03:03:33.074] [main/DEBUG] [net.minecraftforge.fml.loading.moddiscovery.AbstractJarFileDependencyLocator/]: Failed to load resource META-INF/jarjar/metadata.json from marbledsmelees-1.20.1-1.0.0.jar, it does not contain dependency information.
[30Dec2025 03:03:33.074] [main/DEBUG] [net.minecraftforge.fml.loading.moddiscovery.AbstractJarFileDependencyLocator/]: Failed to load resource META-INF/jarjar/metadata.json from mobsunscreen-forge-1.20.1-3.1.1.jar, it does not contain dependency information.
[30Dec2025 03:03:33.074] [main/DEBUG] [net.minecraftforge.fml.loading.moddiscovery.AbstractJarFileDependencyLocator/]: Failed to load resource META-INF/jarjar/metadata.json from FastWorkbench-1.20.1-8.0.4.jar, it does not contain dependency information.
[30Dec2025 03:03:33.074] [main/DEBUG] [net.minecraftforge.fml.loading.moddiscovery.AbstractJarFileDependencyLocator/]: Failed to load resource META-INF/jarjar/metadata.json from [1.20.1] SecurityCraft v1.10.1.jar, it does not contain dependency information.
[30Dec2025 03:03:33.075] [main/DEBUG] [net.minecraftforge.fml.loading.moddiscovery.AbstractJarFileDependencyLocator/]: Failed to load resource META-INF/jarjar/metadata.json from better_mob_drops.jar, it does not contain dependency information.
[30Dec2025 03:03:33.075] [main/DEBUG] [net.minecraftforge.fml.loading.moddiscovery.AbstractJarFileDependencyLocator/]: Failed to load resource META-INF/jarjar/metadata.json from coroutil-forge-1.20.1-1.3.7.jar, it does not contain dependency information.
[30Dec2025 03:03:33.075] [main/DEBUG] [net.minecraftforge.fml.loading.moddiscovery.AbstractJarFileDependencyLocator/]: Failed to load resource META-INF/jarjar/metadata.json from FastFurnace-1.20.1-8.0.2.jar, it does not contain dependency information.
[30Dec2025 03:03:33.075] [main/DEBUG] [net.minecraftforge.fml.loading.moddiscovery.AbstractJarFileDependencyLocator/]: Failed to load resource META-INF/jarjar/metadata.json from lootr-forge-1.20-0.7.35.90.jar, it does not contain dependency information.
[30Dec2025 03:03:33.076] [main/DEBUG] [net.minecraftforge.fml.loading.moddiscovery.AbstractJarFileDependencyLocator/]: Failed to load resource META-INF/jarjar/metadata.json from ferritecore-6.0.1-forge.jar, it does not contain dependency information.
[30Dec2025 03:03:33.076] [main/DEBUG] [net.minecraftforge.fml.loading.moddiscovery.AbstractJarFileDependencyLocator/]: Failed to load resource META-INF/jarjar/metadata.json from packetfixer-forge-1.4.3-1.19-to-1.20.1.jar, it does not contain dependency information.
[30Dec2025 03:03:33.076] [main/DEBUG] [net.minecraftforge.fml.loading.moddiscovery.AbstractJarFileDependencyLocator/]: Failed to load resource META-INF/jarjar/metadata.json from OpenLoader-Forge-1.20.1-19.0.4.jar, it does not contain dependency information.
[30Dec2025 03:03:33.076] [main/DEBUG] [net.minecraftforge.fml.loading.moddiscovery.AbstractJarFileDependencyLocator/]: Failed to load resource META-INF/jarjar/metadata.json from mclanguage-1.20.1-47.4.13.jar, it does not contain dependency information.
[30Dec2025 03:03:33.077] [main/DEBUG] [net.minecraftforge.fml.loading.moddiscovery.AbstractJarFileDependencyLocator/]: Failed to load resource META-INF/jarjar/metadata.json from javafmllanguage-1.20.1-47.4.13.jar, it does not contain dependency information.
[30Dec2025 03:03:33.077] [main/DEBUG] [net.minecraftforge.fml.loading.moddiscovery.AbstractJarFileDependencyLocator/]: Failed to load resource META-INF/jarjar/metadata.json from fmlcore-1.20.1-47.4.13.jar, it does not contain dependency information.
[30Dec2025 03:03:33.077] [main/DEBUG] [net.minecraftforge.fml.loading.moddiscovery.AbstractJarFileDependencyLocator/]: Failed to load resource META-INF/jarjar/metadata.json from lowcodelanguage-1.20.1-47.4.13.jar, it does not contain dependency information.
[30Dec2025 03:03:33.162] [main/DEBUG] [net.minecraftforge.fml.loading.moddiscovery.ModFileParser/LOADING]: Considering mod file candidate 
[30Dec2025 03:03:33.163] [main/DEBUG] [net.minecraftforge.fml.loading.moddiscovery.ModFileInfo/LOADING]: Found valid mod file mixinextras-forge-0.3.6.jar with {mixinextras} mods - versions {0.3.6}
[30Dec2025 03:03:33.192] [main/DEBUG] [net.minecraftforge.fml.loading.moddiscovery.ModFileParser/LOADING]: Considering mod file candidate 
[30Dec2025 03:03:33.193] [main/DEBUG] [net.minecraftforge.fml.loading.moddiscovery.ModFileInfo/LOADING]: Found valid mod file spectrelib-forge-0.13.17+1.20.1.jar with {spectrelib} mods - versions {0.13.17+1.20.1}
[30Dec2025 03:03:33.196] [main/DEBUG] [net.minecraftforge.fml.loading.moddiscovery.ModFileParser/LOADING]: Considering mod file candidate 
[30Dec2025 03:03:33.197] [main/DEBUG] [net.minecraftforge.fml.loading.moddiscovery.ModFileInfo/LOADING]: Found valid mod file mixinextras-forge-0.3.5.jar with {mixinextras} mods - versions {0.3.5}
[30Dec2025 03:03:33.201] [main/DEBUG] [net.minecraftforge.fml.loading.moddiscovery.ModFileParser/LOADING]: Considering mod file candidate 
[30Dec2025 03:03:33.202] [main/DEBUG] [net.minecraftforge.fml.loading.moddiscovery.ModFileInfo/LOADING]: Found valid mod file mixinextras-forge-0.4.1.jar with {mixinextras} mods - versions {0.4.1}
[30Dec2025 03:03:33.205] [main/DEBUG] [net.minecraftforge.fml.loading.moddiscovery.ModFileParser/LOADING]: Considering mod file candidate 
[30Dec2025 03:03:33.206] [main/DEBUG] [net.minecraftforge.fml.loading.moddiscovery.ModFileInfo/LOADING]: Found valid mod file mixinextras-forge-0.3.6.jar with {mixinextras} mods - versions {0.3.6}
[30Dec2025 03:03:33.209] [main/DEBUG] [net.minecraftforge.fml.loading.moddiscovery.ModFileParser/LOADING]: Considering mod file candidate 
[30Dec2025 03:03:33.210] [main/DEBUG] [net.minecraftforge.fml.loading.moddiscovery.ModFileInfo/LOADING]: Found valid mod file puzzlesaccessapi-forge-8.0.7.jar with {puzzlesaccessapi} mods - versions {8.0.7}
[30Dec2025 03:03:33.211] [main/DEBUG] [net.minecraftforge.fml.loading.moddiscovery.ModFileParser/LOADING]: Considering mod file candidate 
[30Dec2025 03:03:33.212] [main/DEBUG] [net.minecraftforge.fml.loading.moddiscovery.ModFileInfo/LOADING]: Found valid mod file mixinextras-forge-0.2.0-rc.2.jar with {mixinextras} mods - versions {0.2.0-rc.2}
[30Dec2025 03:03:33.218] [main/DEBUG] [net.minecraftforge.fml.loading.moddiscovery.ModFileParser/LOADING]: Considering mod file candidate 
[30Dec2025 03:03:33.218] [main/DEBUG] [net.minecraftforge.fml.loading.moddiscovery.ModFileInfo/LOADING]: Found valid mod file kffmod-4.11.0.jar with {kotlinforforge} mods - versions {4.11.0}
[30Dec2025 03:03:33.220] [main/DEBUG] [net.minecraftforge.fml.loading.moddiscovery.ModFileParser/LOADING]: Considering mod file candidate 
[30Dec2025 03:03:33.220] [main/DEBUG] [net.minecraftforge.fml.loading.moddiscovery.ModFileInfo/LOADING]: Found valid mod file mixinextras-forge-0.3.5.jar with {mixinextras} mods - versions {0.3.5}
[30Dec2025 03:03:33.222] [main/DEBUG] [net.minecraftforge.fml.loading.moddiscovery.ModFileParser/LOADING]: Considering mod file candidate 
[30Dec2025 03:03:33.222] [main/DEBUG] [net.minecraftforge.fml.loading.moddiscovery.ModFileInfo/LOADING]: Found valid mod file mixinextras-forge-0.2.1-beta.2.jar with {mixinextras} mods - versions {0.2.1-beta.2}
[30Dec2025 03:03:33.224] [main/DEBUG] [net.minecraftforge.fml.loading.moddiscovery.ModFileParser/LOADING]: Considering mod file candidate 
[30Dec2025 03:03:33.224] [main/DEBUG] [net.minecraftforge.fml.loading.moddiscovery.ModFileInfo/LOADING]: Found valid mod file mixinextras-forge-0.3.2.jar with {mixinextras} mods - versions {0.3.2}
[30Dec2025 03:03:33.228] [main/DEBUG] [net.minecraftforge.fml.loading.moddiscovery.ModFileParser/LOADING]: Considering mod file candidate 
[30Dec2025 03:03:33.228] [main/DEBUG] [net.minecraftforge.fml.loading.moddiscovery.ModFileInfo/LOADING]: Found valid mod file mixinextras-forge-0.3.5.jar with {mixinextras} mods - versions {0.3.5}
[30Dec2025 03:03:33.315] [main/DEBUG] [net.minecraftforge.fml.loading.moddiscovery.ModFileParser/LOADING]: Considering mod file candidate 
[30Dec2025 03:03:33.315] [main/DEBUG] [net.minecraftforge.fml.loading.moddiscovery.ModFileInfo/LOADING]: Found valid mod file mixinextras-forge-0.3.6.jar with {mixinextras} mods - versions {0.3.6}
[30Dec2025 03:03:33.318] [main/DEBUG] [net.minecraftforge.fml.loading.moddiscovery.ModFileParser/LOADING]: Considering mod file candidate 
[30Dec2025 03:03:33.319] [main/DEBUG] [net.minecraftforge.fml.loading.moddiscovery.ModFileInfo/LOADING]: Found valid mod file spectrelib-forge-0.13.15+1.20.1.jar with {spectrelib} mods - versions {0.13.15+1.20.1}
[30Dec2025 03:03:33.331] [main/DEBUG] [net.minecraftforge.fml.loading.moddiscovery.ModFileParser/LOADING]: Considering mod file candidate 
[30Dec2025 03:03:33.333] [main/DEBUG] [net.minecraftforge.fml.loading.moddiscovery.ModFileInfo/LOADING]: Found valid mod file cgl-1.20-forge-0.3.3.jar with {commongroovylibrary} mods - versions {0.3.3}
[30Dec2025 03:03:33.334] [main/DEBUG] [net.minecraftforge.fml.loading.moddiscovery.ModFileParser/LOADING]: Considering mod file candidate 
[30Dec2025 03:03:33.335] [main/DEBUG] [net.minecraftforge.fml.loading.moddiscovery.ModFileInfo/LOADING]: Found valid mod file mod-4.0.9.jar with {gml} mods - versions {4.0.9}
[30Dec2025 03:03:33.374] [main/DEBUG] [net.minecraftforge.fml.loading.moddiscovery.ModFileParser/LOADING]: Considering mod file candidate 
[30Dec2025 03:03:33.375] [main/DEBUG] [net.minecraftforge.fml.loading.moddiscovery.ModFileInfo/LOADING]: Found valid mod file mixinextras-forge-0.3.5.jar with {mixinextras} mods - versions {0.3.5}
[30Dec2025 03:03:33.378] [main/DEBUG] [net.minecraftforge.fml.loading.moddiscovery.AbstractJarFileDependencyLocator/]: Failed to load resource META-INF/jarjar/metadata.json from yabn-1.0.3.jar, it does not contain dependency information.
[30Dec2025 03:03:33.378] [main/DEBUG] [net.minecraftforge.fml.loading.moddiscovery.AbstractJarFileDependencyLocator/]: Failed to load resource META-INF/jarjar/metadata.json from bytecodecs-1.0.2.jar, it does not contain dependency information.
[30Dec2025 03:03:33.384] [main/DEBUG] [net.minecraftforge.fml.loading.moddiscovery.AbstractJarFileDependencyLocator/]: Failed to load resource META-INF/jarjar/metadata.json from Reflect-1.3.4.jar, it does not contain dependency information.
[30Dec2025 03:03:33.384] [main/DEBUG] [net.minecraftforge.fml.loading.moddiscovery.AbstractJarFileDependencyLocator/]: Failed to load resource META-INF/jarjar/metadata.json from spectrelib-forge-0.13.17+1.20.1.jar, it does not contain dependency information.
[30Dec2025 03:03:33.394] [main/DEBUG] [net.minecraftforge.fml.loading.moddiscovery.AbstractJarFileDependencyLocator/]: Failed to load resource META-INF/jarjar/metadata.json from battery-1.3.0.jar, it does not contain dependency information.
[30Dec2025 03:03:33.403] [main/DEBUG] [net.minecraftforge.fml.loading.moddiscovery.AbstractJarFileDependencyLocator/]: Failed to load resource META-INF/jarjar/metadata.json from kfflang-4.11.0.jar, it does not contain dependency information.
[30Dec2025 03:03:33.403] [main/DEBUG] [net.minecraftforge.fml.loading.moddiscovery.AbstractJarFileDependencyLocator/]: Failed to load resource META-INF/jarjar/metadata.json from kfflib-4.11.0.jar, it does not contain dependency information.
[30Dec2025 03:03:33.403] [main/DEBUG] [net.minecraftforge.fml.loading.moddiscovery.AbstractJarFileDependencyLocator/]: Failed to load resource META-INF/jarjar/metadata.json from kffmod-4.11.0.jar, it does not contain dependency information.
[30Dec2025 03:03:33.417] [main/DEBUG] [net.minecraftforge.fml.loading.moddiscovery.AbstractJarFileDependencyLocator/]: Failed to load resource META-INF/jarjar/metadata.json from MinecraftForgeAPI-1.20.1-1.0.0.jar, it does not contain dependency information.
[30Dec2025 03:03:33.422] [main/DEBUG] [net.minecraftforge.fml.loading.moddiscovery.AbstractJarFileDependencyLocator/]: Failed to load resource META-INF/jarjar/metadata.json from japng-0.5.3.jar, it does not contain dependency information.
[30Dec2025 03:03:33.423] [main/DEBUG] [net.minecraftforge.fml.loading.moddiscovery.AbstractJarFileDependencyLocator/]: Failed to load resource META-INF/jarjar/metadata.json from animated-gif-lib-for-java-animated-gif-lib-1.7.jar, it does not contain dependency information.
[30Dec2025 03:03:33.423] [main/DEBUG] [net.minecraftforge.fml.loading.moddiscovery.AbstractJarFileDependencyLocator/]: Failed to load resource META-INF/jarjar/metadata.json from snakeyaml-2.2.jar, it does not contain dependency information.
[30Dec2025 03:03:33.423] [main/DEBUG] [net.minecraftforge.fml.loading.moddiscovery.AbstractJarFileDependencyLocator/]: Failed to load resource META-INF/jarjar/metadata.json from commons-math3-3.6.1.jar, it does not contain dependency information.
[30Dec2025 03:03:33.423] [main/DEBUG] [net.minecraftforge.fml.loading.moddiscovery.AbstractJarFileDependencyLocator/]: Failed to load resource META-INF/jarjar/metadata.json from luaj-jse-3.0.3.jar, it does not contain dependency information.
[30Dec2025 03:03:33.423] [main/DEBUG] [net.minecraftforge.fml.loading.moddiscovery.AbstractJarFileDependencyLocator/]: Failed to load resource META-INF/jarjar/metadata.json from luaj-core-3.0.3.jar, it does not contain dependency information.
[30Dec2025 03:03:33.428] [main/DEBUG] [net.minecraftforge.fml.loading.moddiscovery.AbstractJarFileDependencyLocator/]: Failed to load resource META-INF/jarjar/metadata.json from spectrelib-forge-0.13.15+1.20.1.jar, it does not contain dependency information.
[30Dec2025 03:03:33.428] [main/DEBUG] [net.minecraftforge.fml.loading.moddiscovery.AbstractJarFileDependencyLocator/]: Failed to load resource META-INF/jarjar/metadata.json from srgutils-0.5.4.jar, it does not contain dependency information.
[30Dec2025 03:03:33.431] [main/DEBUG] [net.minecraftforge.fml.loading.moddiscovery.AbstractJarFileDependencyLocator/]: Failed to load resource META-INF/jarjar/metadata.json from mod-4.0.9.jar, it does not contain dependency information.
[30Dec2025 03:03:33.647] [main/DEBUG] [net.minecraftforge.fml.loading.moddiscovery.AbstractJarFileDependencyLocator/]: Failed to load resource META-INF/jarjar/metadata.json from script-mods-4.0.9-all.jar, it does not contain dependency information.
[30Dec2025 03:03:33.652] [main/DEBUG] [net.minecraftforge.fml.loading.moddiscovery.AbstractJarFileDependencyLocator/]: Failed to load resource META-INF/jarjar/metadata.json from mclib-20.jar, it does not contain dependency information.
[30Dec2025 03:03:33.652] [main/DEBUG] [net.minecraftforge.fml.loading.moddiscovery.AbstractJarFileDependencyLocator/]: Failed to load resource META-INF/jarjar/metadata.json from MixinExtras-0.3.6.jar, it does not contain dependency information.
[30Dec2025 03:03:33.652] [main/DEBUG] [net.minecraftforge.fml.loading.moddiscovery.AbstractJarFileDependencyLocator/]: Failed to load resource META-INF/jarjar/metadata.json from MixinExtras-0.3.5.jar, it does not contain dependency information.
[30Dec2025 03:03:33.653] [main/DEBUG] [net.minecraftforge.fml.loading.moddiscovery.AbstractJarFileDependencyLocator/]: Failed to load resource META-INF/jarjar/metadata.json from MixinExtras-0.4.1.jar, it does not contain dependency information.
[30Dec2025 03:03:33.653] [main/DEBUG] [net.minecraftforge.fml.loading.moddiscovery.AbstractJarFileDependencyLocator/]: Failed to load resource META-INF/jarjar/metadata.json from MixinExtras-0.3.6.jar, it does not contain dependency information.
[30Dec2025 03:03:33.653] [main/DEBUG] [net.minecraftforge.fml.loading.moddiscovery.AbstractJarFileDependencyLocator/]: Failed to load resource META-INF/jarjar/metadata.json from MixinExtras-0.2.0-rc.2.jar, it does not contain dependency information.
[30Dec2025 03:03:33.653] [main/DEBUG] [net.minecraftforge.fml.loading.moddiscovery.AbstractJarFileDependencyLocator/]: Failed to load resource META-INF/jarjar/metadata.json from MixinExtras-0.3.5.jar, it does not contain dependency information.
[30Dec2025 03:03:33.653] [main/DEBUG] [net.minecraftforge.fml.loading.moddiscovery.AbstractJarFileDependencyLocator/]: Failed to load resource META-INF/jarjar/metadata.json from MixinExtras-0.2.1-beta.2.jar, it does not contain dependency information.
[30Dec2025 03:03:33.653] [main/DEBUG] [net.minecraftforge.fml.loading.moddiscovery.AbstractJarFileDependencyLocator/]: Failed to load resource META-INF/jarjar/metadata.json from MixinExtras-0.3.2.jar, it does not contain dependency information.
[30Dec2025 03:03:33.653] [main/DEBUG] [net.minecraftforge.fml.loading.moddiscovery.AbstractJarFileDependencyLocator/]: Failed to load resource META-INF/jarjar/metadata.json from MixinExtras-0.3.5.jar, it does not contain dependency information.
[30Dec2025 03:03:33.653] [main/DEBUG] [net.minecraftforge.fml.loading.moddiscovery.AbstractJarFileDependencyLocator/]: Failed to load resource META-INF/jarjar/metadata.json from MixinExtras-0.3.6.jar, it does not contain dependency information.
[30Dec2025 03:03:33.654] [main/DEBUG] [net.minecraftforge.fml.loading.moddiscovery.AbstractJarFileDependencyLocator/]: Failed to load resource META-INF/jarjar/metadata.json from jankson-1.2.2.jar, it does not contain dependency information.
[30Dec2025 03:03:33.654] [main/DEBUG] [net.minecraftforge.fml.loading.moddiscovery.AbstractJarFileDependencyLocator/]: Failed to load resource META-INF/jarjar/metadata.json from jackson-databind-2.15.2.jar, it does not contain dependency information.
[30Dec2025 03:03:33.654] [main/DEBUG] [net.minecraftforge.fml.loading.moddiscovery.AbstractJarFileDependencyLocator/]: Failed to load resource META-INF/jarjar/metadata.json from jackson-core-2.15.2.jar, it does not contain dependency information.
[30Dec2025 03:03:33.654] [main/DEBUG] [net.minecraftforge.fml.loading.moddiscovery.AbstractJarFileDependencyLocator/]: Failed to load resource META-INF/jarjar/metadata.json from jackson-annotations-2.15.2.jar, it does not contain dependency information.
[30Dec2025 03:03:33.654] [main/DEBUG] [net.minecraftforge.fml.loading.moddiscovery.AbstractJarFileDependencyLocator/]: Failed to load resource META-INF/jarjar/metadata.json from jackson-dataformat-toml-2.15.2.jar, it does not contain dependency information.
[30Dec2025 03:03:33.654] [main/DEBUG] [net.minecraftforge.fml.loading.moddiscovery.AbstractJarFileDependencyLocator/]: Failed to load resource META-INF/jarjar/metadata.json from groovy-4.0.13.jar, it does not contain dependency information.
[30Dec2025 03:03:33.654] [main/DEBUG] [net.minecraftforge.fml.loading.moddiscovery.AbstractJarFileDependencyLocator/]: Failed to load resource META-INF/jarjar/metadata.json from groovy-contracts-4.0.13.jar, it does not contain dependency information.
[30Dec2025 03:03:33.654] [main/DEBUG] [net.minecraftforge.fml.loading.moddiscovery.AbstractJarFileDependencyLocator/]: Failed to load resource META-INF/jarjar/metadata.json from groovy-datetime-4.0.13.jar, it does not contain dependency information.
[30Dec2025 03:03:33.654] [main/DEBUG] [net.minecraftforge.fml.loading.moddiscovery.AbstractJarFileDependencyLocator/]: Failed to load resource META-INF/jarjar/metadata.json from groovy-nio-4.0.13.jar, it does not contain dependency information.
[30Dec2025 03:03:33.655] [main/DEBUG] [net.minecraftforge.fml.loading.moddiscovery.AbstractJarFileDependencyLocator/]: Failed to load resource META-INF/jarjar/metadata.json from groovy-macro-4.0.13.jar, it does not contain dependency information.
[30Dec2025 03:03:33.655] [main/DEBUG] [net.minecraftforge.fml.loading.moddiscovery.AbstractJarFileDependencyLocator/]: Failed to load resource META-INF/jarjar/metadata.json from groovy-macro-library-4.0.13.jar, it does not contain dependency information.
[30Dec2025 03:03:33.655] [main/DEBUG] [net.minecraftforge.fml.loading.moddiscovery.AbstractJarFileDependencyLocator/]: Failed to load resource META-INF/jarjar/metadata.json from groovy-templates-4.0.13.jar, it does not contain dependency information.
[30Dec2025 03:03:33.655] [main/DEBUG] [net.minecraftforge.fml.loading.moddiscovery.AbstractJarFileDependencyLocator/]: Failed to load resource META-INF/jarjar/metadata.json from groovy-xml-4.0.13.jar, it does not contain dependency information.
[30Dec2025 03:03:33.655] [main/DEBUG] [net.minecraftforge.fml.loading.moddiscovery.AbstractJarFileDependencyLocator/]: Failed to load resource META-INF/jarjar/metadata.json from groovy-typecheckers-4.0.13.jar, it does not contain dependency information.
[30Dec2025 03:03:33.655] [main/DEBUG] [net.minecraftforge.fml.loading.moddiscovery.AbstractJarFileDependencyLocator/]: Failed to load resource META-INF/jarjar/metadata.json from groovy-dateutil-4.0.13.jar, it does not contain dependency information.
[30Dec2025 03:03:33.655] [main/DEBUG] [net.minecraftforge.fml.loading.moddiscovery.AbstractJarFileDependencyLocator/]: Failed to load resource META-INF/jarjar/metadata.json from groovy-ginq-4.0.13.jar, it does not contain dependency information.
[30Dec2025 03:03:33.655] [main/DEBUG] [net.minecraftforge.fml.loading.moddiscovery.AbstractJarFileDependencyLocator/]: Failed to load resource META-INF/jarjar/metadata.json from groovy-toml-4.0.13.jar, it does not contain dependency information.
[30Dec2025 03:03:33.655] [main/DEBUG] [net.minecraftforge.fml.loading.moddiscovery.AbstractJarFileDependencyLocator/]: Failed to load resource META-INF/jarjar/metadata.json from groovy-json-4.0.13.jar, it does not contain dependency information.
[30Dec2025 03:03:33.656] [main/DEBUG] [net.minecraftforge.fml.loading.moddiscovery.AbstractJarFileDependencyLocator/]: Failed to load resource META-INF/jarjar/metadata.json from MixinExtras-0.3.5.jar, it does not contain dependency information.
[30Dec2025 03:03:33.745] [main/DEBUG] [net.minecraftforge.fml.loading.moddiscovery.ModFileParser/LOADING]: Considering mod file candidate 
[30Dec2025 03:03:33.746] [main/DEBUG] [net.minecraftforge.fml.loading.moddiscovery.ModFileInfo/LOADING]: Found valid mod file puzzlesaccessapi-forge-8.0.7.jar with {puzzlesaccessapi} mods - versions {8.0.7}
[30Dec2025 03:03:33.747] [main/DEBUG] [net.minecraftforge.fml.loading.moddiscovery.ModFileParser/LOADING]: Considering mod file candidate 
[30Dec2025 03:03:33.748] [main/DEBUG] [net.minecraftforge.fml.loading.moddiscovery.ModFileInfo/LOADING]: Found valid mod file mod-4.0.9.jar with {gml} mods - versions {4.0.9}
[30Dec2025 03:03:33.755] [main/DEBUG] [net.minecraftforge.fml.loading.moddiscovery.ModFileParser/LOADING]: Considering mod file candidate 
[30Dec2025 03:03:33.756] [main/DEBUG] [net.minecraftforge.fml.loading.moddiscovery.ModFileInfo/LOADING]: Found valid mod file spectrelib-forge-0.13.17+1.20.1.jar with {spectrelib} mods - versions {0.13.17+1.20.1}
[30Dec2025 03:03:33.758] [main/DEBUG] [net.minecraftforge.fml.loading.moddiscovery.ModFileParser/LOADING]: Considering mod file candidate 
[30Dec2025 03:03:33.758] [main/DEBUG] [net.minecraftforge.fml.loading.moddiscovery.ModFileInfo/LOADING]: Found valid mod file mixinextras-forge-0.3.6.jar with {mixinextras} mods - versions {0.3.6}
[30Dec2025 03:03:33.868] [main/DEBUG] [net.minecraftforge.fml.loading.moddiscovery.ModFileParser/LOADING]: Considering mod file candidate 
[30Dec2025 03:03:33.868] [main/DEBUG] [net.minecraftforge.fml.loading.moddiscovery.ModFileInfo/LOADING]: Found valid mod file kffmod-4.11.0.jar with {kotlinforforge} mods - versions {4.11.0}
[30Dec2025 03:03:33.885] [main/DEBUG] [net.minecraftforge.fml.loading.moddiscovery.ModFileParser/LOADING]: Considering mod file candidate 
[30Dec2025 03:03:33.885] [main/DEBUG] [net.minecraftforge.fml.loading.moddiscovery.ModFileInfo/LOADING]: Found valid mod file cgl-1.20-forge-0.3.3.jar with {commongroovylibrary} mods - versions {0.3.3}
[30Dec2025 03:03:33.888] [main/DEBUG] [net.minecraftforge.fml.loading.moddiscovery.ModFileParser/LOADING]: Considering mod file candidate 
[30Dec2025 03:03:33.888] [main/DEBUG] [net.minecraftforge.fml.loading.moddiscovery.ModFileInfo/LOADING]: Found valid mod file mixinextras-forge-0.4.1.jar with {mixinextras} mods - versions {0.4.1}
[30Dec2025 03:03:33.906] [main/WARN] [net.minecraftforge.jarjar.selection.JarSelector/]: Attempted to select two dependency jars from JarJar which have the same identification: Mod File:  and Mod File: . Using Mod File: 
[30Dec2025 03:03:33.908] [main/INFO] [net.minecraftforge.fml.loading.moddiscovery.JarInJarDependencyLocator/]: Found 42 dependencies adding them to mods collection
[30Dec2025 03:03:33.911] [main/DEBUG] [net.minecraftforge.fml.loading.moddiscovery.ModFileParser/LOADING]: Considering mod file candidate /workspaces/creacion1/servidor_minecraft/mods/kubejs-forge-2001.6.5-build.16.jar
[30Dec2025 03:03:33.912] [main/DEBUG] [net.minecraftforge.fml.loading.moddiscovery.ModFileInfo/LOADING]: Found valid mod file kubejs-forge-2001.6.5-build.16.jar with {kubejs} mods - versions {2001.6.5-build.16}
[30Dec2025 03:03:33.914] [main/DEBUG] [net.minecraftforge.fml.loading.moddiscovery.ModFile/LOADING]: Loading mod file /workspaces/creacion1/servidor_minecraft/mods/kubejs-forge-2001.6.5-build.16.jar with languages [LanguageSpec[languageName=javafml, acceptedVersions=[47,)]]
[30Dec2025 03:03:33.915] [main/DEBUG] [net.minecraftforge.fml.loading.moddiscovery.ModFileParser/LOADING]: Considering mod file candidate /workspaces/creacion1/servidor_minecraft/mods/almanac-1.20.x-forge-1.0.2.jar
[30Dec2025 03:03:33.915] [main/DEBUG] [net.minecraftforge.fml.loading.moddiscovery.ModFileInfo/LOADING]: Found valid mod file almanac-1.20.x-forge-1.0.2.jar with {almanac} mods - versions {1.0.2}
[30Dec2025 03:03:33.915] [main/DEBUG] [net.minecraftforge.fml.loading.moddiscovery.ModFile/LOADING]: Loading mod file /workspaces/creacion1/servidor_minecraft/mods/almanac-1.20.x-forge-1.0.2.jar with languages [LanguageSpec[languageName=javafml, acceptedVersions=[47,)]]
[30Dec2025 03:03:33.915] [main/DEBUG] [net.minecraftforge.fml.loading.moddiscovery.ModFileParser/LOADING]: Considering mod file candidate /workspaces/creacion1/servidor_minecraft/mods/auudio_forge_1.0.3_MC_1.19.3.jar
[30Dec2025 03:03:33.916] [main/DEBUG] [net.minecraftforge.fml.loading.moddiscovery.ModFileInfo/LOADING]: Found valid mod file auudio_forge_1.0.3_MC_1.19.3.jar with {auudio} mods - versions {1.0.3}
[30Dec2025 03:03:33.916] [main/DEBUG] [net.minecraftforge.fml.loading.moddiscovery.ModFile/LOADING]: Loading mod file /workspaces/creacion1/servidor_minecraft/mods/auudio_forge_1.0.3_MC_1.19.3.jar with languages [LanguageSpec[languageName=javafml, acceptedVersions=[44,)]]
[30Dec2025 03:03:33.916] [main/DEBUG] [net.minecraftforge.fml.loading.moddiscovery.ModFileParser/LOADING]: Considering mod file candidate /workspaces/creacion1/servidor_minecraft/mods/geckolib-forge-1.20.1-4.7.jar
[30Dec2025 03:03:33.916] [main/DEBUG] [net.minecraftforge.fml.loading.moddiscovery.ModFileInfo/LOADING]: Found valid mod file geckolib-forge-1.20.1-4.7.jar with {geckolib} mods - versions {4.7}
[30Dec2025 03:03:33.917] [main/DEBUG] [net.minecraftforge.fml.loading.moddiscovery.ModFile/LOADING]: Loading mod file /workspaces/creacion1/servidor_minecraft/mods/geckolib-forge-1.20.1-4.7.jar with languages [LanguageSpec[languageName=javafml, acceptedVersions=[47,)]]
[30Dec2025 03:03:33.917] [main/DEBUG] [net.minecraftforge.fml.loading.moddiscovery.ModFileParser/LOADING]: Considering mod file candidate /workspaces/creacion1/servidor_minecraft/mods/player-animation-lib-forge-1.0.2-rc1+1.20.jar
[30Dec2025 03:03:33.917] [main/DEBUG] [net.minecraftforge.fml.loading.moddiscovery.ModFileInfo/LOADING]: Found valid mod file player-animation-lib-forge-1.0.2-rc1+1.20.jar with {playeranimator} mods - versions {1.0.2-rc1+1.20}
[30Dec2025 03:03:33.917] [main/DEBUG] [net.minecraftforge.fml.loading.moddiscovery.ModFile/LOADING]: Loading mod file /workspaces/creacion1/servidor_minecraft/mods/player-animation-lib-forge-1.0.2-rc1+1.20.jar with languages [LanguageSpec[languageName=javafml, acceptedVersions=[46.0.0,)]]
[30Dec2025 03:03:33.917] [main/DEBUG] [net.minecraftforge.fml.loading.moddiscovery.ModFileParser/LOADING]: Considering mod file candidate /workspaces/creacion1/servidor_minecraft/mods/incontrol-1.20-9.2.11.jar
[30Dec2025 03:03:33.918] [main/DEBUG] [net.minecraftforge.fml.loading.moddiscovery.ModFileInfo/LOADING]: Found valid mod file incontrol-1.20-9.2.11.jar with {incontrol} mods - versions {1.20-9.2.11}
[30Dec2025 03:03:33.918] [main/DEBUG] [net.minecraftforge.fml.loading.moddiscovery.ModFile/LOADING]: Loading mod file /workspaces/creacion1/servidor_minecraft/mods/incontrol-1.20-9.2.11.jar with languages [LanguageSpec[languageName=javafml, acceptedVersions=[47,)]]
[30Dec2025 03:03:33.918] [main/DEBUG] [net.minecraftforge.fml.loading.moddiscovery.ModFileParser/LOADING]: Considering mod file candidate /workspaces/creacion1/servidor_minecraft/mods/Not Enough Recipe Book-FORGE-0.4.1+1.20.1.jar
[30Dec2025 03:03:33.919] [main/DEBUG] [net.minecraftforge.fml.loading.moddiscovery.ModFileInfo/LOADING]: Found valid mod file Not Enough Recipe Book-FORGE-0.4.1+1.20.1.jar with {nerb} mods - versions {0.4.1}
[30Dec2025 03:03:33.919] [main/DEBUG] [net.minecraftforge.fml.loading.moddiscovery.ModFile/LOADING]: Loading mod file /workspaces/creacion1/servidor_minecraft/mods/Not Enough Recipe Book-FORGE-0.4.1+1.20.1.jar with languages [LanguageSpec[languageName=javafml, acceptedVersions=[46,)]]
[30Dec2025 03:03:33.919] [main/DEBUG] [net.minecraftforge.fml.loading.moddiscovery.ModFileParser/LOADING]: Considering mod file candidate /workspaces/creacion1/servidor_minecraft/mods/InsaneLib-1.16.1-mc1.20.1.jar
[30Dec2025 03:03:33.919] [main/DEBUG] [net.minecraftforge.fml.loading.moddiscovery.ModFileInfo/LOADING]: Found valid mod file InsaneLib-1.16.1-mc1.20.1.jar with {insanelib} mods - versions {1.16.1}
[30Dec2025 03:03:33.919] [main/DEBUG] [net.minecraftforge.fml.loading.moddiscovery.ModFile/LOADING]: Loading mod file /workspaces/creacion1/servidor_minecraft/mods/InsaneLib-1.16.1-mc1.20.1.jar with languages [LanguageSpec[languageName=javafml, acceptedVersions=[47,)]]
[30Dec2025 03:03:33.920] [main/DEBUG] [net.minecraftforge.fml.loading.moddiscovery.ModFileParser/LOADING]: Considering mod file candidate /workspaces/creacion1/servidor_minecraft/mods/configurableextramobdrops-1.20.1-3.4.jar
[30Dec2025 03:03:33.920] [main/DEBUG] [net.minecraftforge.fml.loading.moddiscovery.ModFileInfo/LOADING]: Found valid mod file configurableextramobdrops-1.20.1-3.4.jar with {configurableextramobdrops} mods - versions {3.4}
[30Dec2025 03:03:33.920] [main/DEBUG] [net.minecraftforge.fml.loading.moddiscovery.ModFile/LOADING]: Loading mod file /workspaces/creacion1/servidor_minecraft/mods/configurableextramobdrops-1.20.1-3.4.jar with languages [LanguageSpec[languageName=javafml, acceptedVersions=*]]
[30Dec2025 03:03:33.920] [main/DEBUG] [net.minecraftforge.fml.loading.moddiscovery.ModFileParser/LOADING]: Considering mod file candidate /workspaces/creacion1/servidor_minecraft/mods/Controlling-forge-1.20.1-12.0.2.jar
[30Dec2025 03:03:33.921] [main/DEBUG] [net.minecraftforge.fml.loading.moddiscovery.ModFileInfo/LOADING]: Found valid mod file Controlling-forge-1.20.1-12.0.2.jar with {controlling} mods - versions {12.0.2}
[30Dec2025 03:03:33.921] [main/DEBUG] [net.minecraftforge.fml.loading.moddiscovery.ModFile/LOADING]: Loading mod file /workspaces/creacion1/servidor_minecraft/mods/Controlling-forge-1.20.1-12.0.2.jar with languages [LanguageSpec[languageName=javafml, acceptedVersions=[41,)]]
[30Dec2025 03:03:33.921] [main/DEBUG] [net.minecraftforge.fml.loading.moddiscovery.ModFileParser/LOADING]: Considering mod file candidate /workspaces/creacion1/servidor_minecraft/mods/citadel-2.6.1-1.20.1.jar
[30Dec2025 03:03:33.922] [main/DEBUG] [net.minecraftforge.fml.loading.moddiscovery.ModFileInfo/LOADING]: Found valid mod file citadel-2.6.1-1.20.1.jar with {citadel} mods - versions {2.6.1}
[30Dec2025 03:03:33.922] [main/DEBUG] [net.minecraftforge.fml.loading.moddiscovery.ModFile/LOADING]: Loading mod file /workspaces/creacion1/servidor_minecraft/mods/citadel-2.6.1-1.20.1.jar with languages [LanguageSpec[languageName=javafml, acceptedVersions=[47,)]]
[30Dec2025 03:03:33.922] [main/DEBUG] [net.minecraftforge.fml.loading.moddiscovery.ModFileParser/LOADING]: Considering mod file candidate /workspaces/creacion1/servidor_minecraft/mods/Placebo-1.20.1-8.6.2.jar
[30Dec2025 03:03:33.922] [main/DEBUG] [net.minecraftforge.fml.loading.moddiscovery.ModFileInfo/LOADING]: Found valid mod file Placebo-1.20.1-8.6.2.jar with {placebo} mods - versions {8.6.2}
[30Dec2025 03:03:33.922] [main/DEBUG] [net.minecraftforge.fml.loading.moddiscovery.ModFile/LOADING]: Loading mod file /workspaces/creacion1/servidor_minecraft/mods/Placebo-1.20.1-8.6.2.jar with languages [LanguageSpec[languageName=javafml, acceptedVersions=[32,)]]
[30Dec2025 03:03:33.925] [main/DEBUG] [net.minecraftforge.fml.loading.moddiscovery.ModFileParser/LOADING]: Found coremod placebo_get_ench_level_event with Javascript path coremods/get_ench_level_event.js
[30Dec2025 03:03:33.925] [main/DEBUG] [net.minecraftforge.fml.loading.moddiscovery.ModFileParser/LOADING]: Found coremod placebo_get_ench_level_event_specific with Javascript path coremods/get_ench_level_event_specific.js
[30Dec2025 03:03:33.925] [main/DEBUG] [net.minecraftforge.fml.loading.moddiscovery.ModFile/LOADING]: Found coremod coremods/get_ench_level_event.js
[30Dec2025 03:03:33.925] [main/DEBUG] [net.minecraftforge.fml.loading.moddiscovery.ModFile/LOADING]: Found coremod coremods/get_ench_level_event_specific.js
[30Dec2025 03:03:33.925] [main/DEBUG] [net.minecraftforge.fml.loading.moddiscovery.ModFileParser/LOADING]: Considering mod file candidate /workspaces/creacion1/servidor_minecraft/mods/Bookshelf-Forge-1.20.1-20.2.13.jar
[30Dec2025 03:03:33.926] [main/DEBUG] [net.minecraftforge.fml.loading.moddiscovery.ModFileInfo/LOADING]: Found valid mod file Bookshelf-Forge-1.20.1-20.2.13.jar with {bookshelf} mods - versions {20.2.13}
[30Dec2025 03:03:33.926] [main/DEBUG] [net.minecraftforge.fml.loading.moddiscovery.ModFile/LOADING]: Loading mod file /workspaces/creacion1/servidor_minecraft/mods/Bookshelf-Forge-1.20.1-20.2.13.jar with languages [LanguageSpec[languageName=javafml, acceptedVersions=[47,)]]
[30Dec2025 03:03:33.927] [main/DEBUG] [net.minecraftforge.fml.loading.moddiscovery.ModFileParser/LOADING]: Considering mod file candidate /workspaces/creacion1/servidor_minecraft/mods/u_team_core-forge-1.20.1-5.1.4.346.jar
[30Dec2025 03:03:33.927] [main/DEBUG] [net.minecraftforge.fml.loading.moddiscovery.ModFileInfo/LOADING]: Found valid mod file u_team_core-forge-1.20.1-5.1.4.346.jar with {uteamcore} mods - versions {5.1.4.346}
[30Dec2025 03:03:33.927] [main/DEBUG] [net.minecraftforge.fml.loading.moddiscovery.ModFile/LOADING]: Loading mod file /workspaces/creacion1/servidor_minecraft/mods/u_team_core-forge-1.20.1-5.1.4.346.jar with languages [LanguageSpec[languageName=javafml, acceptedVersions=[47,)]]
[30Dec2025 03:03:33.928] [main/DEBUG] [net.minecraftforge.fml.loading.moddiscovery.ModFileParser/LOADING]: Found coremod Dataprovider Change Indent to Tab with Javascript path asm/dataprovider-set-indent.js
[30Dec2025 03:03:33.928] [main/DEBUG] [net.minecraftforge.fml.loading.moddiscovery.ModFile/LOADING]: Found coremod asm/dataprovider-set-indent.js
[30Dec2025 03:03:33.928] [main/DEBUG] [net.minecraftforge.fml.loading.moddiscovery.ModFileParser/LOADING]: Considering mod file candidate /workspaces/creacion1/servidor_minecraft/mods/JustEnoughResources-1.20.1-1.4.0.247.jar
[30Dec2025 03:03:33.929] [main/DEBUG] [net.minecraftforge.fml.loading.moddiscovery.ModFileInfo/LOADING]: Found valid mod file JustEnoughResources-1.20.1-1.4.0.247.jar with {jeresources} mods - versions {1.4.0.247}
[30Dec2025 03:03:33.929] [main/DEBUG] [net.minecraftforge.fml.loading.moddiscovery.ModFile/LOADING]: Loading mod file /workspaces/creacion1/servidor_minecraft/mods/JustEnoughResources-1.20.1-1.4.0.247.jar with languages [LanguageSpec[languageName=javafml, acceptedVersions=[47,)]]
[30Dec2025 03:03:33.929] [main/DEBUG] [net.minecraftforge.fml.loading.moddiscovery.ModFileParser/LOADING]: Considering mod file candidate /workspaces/creacion1/servidor_minecraft/mods/melody_forge_1.0.3_MC_1.20.1-1.20.4.jar
[30Dec2025 03:03:33.929] [main/DEBUG] [net.minecraftforge.fml.loading.moddiscovery.ModFileInfo/LOADING]: Found valid mod file melody_forge_1.0.3_MC_1.20.1-1.20.4.jar with {melody} mods - versions {1.0.2}
[30Dec2025 03:03:33.929] [main/DEBUG] [net.minecraftforge.fml.loading.moddiscovery.ModFile/LOADING]: Loading mod file /workspaces/creacion1/servidor_minecraft/mods/melody_forge_1.0.3_MC_1.20.1-1.20.4.jar with languages [LanguageSpec[languageName=javafml, acceptedVersions=[47,)]]
[30Dec2025 03:03:33.930] [main/DEBUG] [net.minecraftforge.fml.loading.moddiscovery.ModFileParser/LOADING]: Considering mod file candidate /workspaces/creacion1/servidor_minecraft/mods/cloth-config-11.1.136-forge.jar
[30Dec2025 03:03:33.930] [main/DEBUG] [net.minecraftforge.fml.loading.moddiscovery.ModFileInfo/LOADING]: Found valid mod file cloth-config-11.1.136-forge.jar with {cloth_config} mods - versions {11.1.136}
[30Dec2025 03:03:33.930] [main/DEBUG] [net.minecraftforge.fml.loading.moddiscovery.ModFile/LOADING]: Loading mod file /workspaces/creacion1/servidor_minecraft/mods/cloth-config-11.1.136-forge.jar with languages [LanguageSpec[languageName=javafml, acceptedVersions=[34,)]]
[30Dec2025 03:03:33.931] [main/DEBUG] [net.minecraftforge.fml.loading.moddiscovery.ModFileParser/LOADING]: Considering mod file candidate /workspaces/creacion1/servidor_minecraft/mods/athena-forge-1.20.1-3.1.2.jar
[30Dec2025 03:03:33.931] [main/DEBUG] [net.minecraftforge.fml.loading.moddiscovery.ModFileInfo/LOADING]: Found valid mod file athena-forge-1.20.1-3.1.2.jar with {athena} mods - versions {3.1.2}
[30Dec2025 03:03:33.931] [main/DEBUG] [net.minecraftforge.fml.loading.moddiscovery.ModFile/LOADING]: Loading mod file /workspaces/creacion1/servidor_minecraft/mods/athena-forge-1.20.1-3.1.2.jar with languages [LanguageSpec[languageName=javafml, acceptedVersions=[47,)]]
[30Dec2025 03:03:33.931] [main/DEBUG] [net.minecraftforge.fml.loading.moddiscovery.ModFileParser/LOADING]: Considering mod file candidate /workspaces/creacion1/servidor_minecraft/mods/cw_additions-1.1.6b-RELEASE-1.0-forge-1.20.1.jar
[30Dec2025 03:03:33.932] [main/DEBUG] [net.minecraftforge.fml.loading.moddiscovery.ModFileInfo/LOADING]: Found valid mod file cw_additions-1.1.6b-RELEASE-1.0-forge-1.20.1.jar with {cw_additions} mods - versions {1.1.6}
[30Dec2025 03:03:33.932] [main/DEBUG] [net.minecraftforge.fml.loading.moddiscovery.ModFile/LOADING]: Loading mod file /workspaces/creacion1/servidor_minecraft/mods/cw_additions-1.1.6b-RELEASE-1.0-forge-1.20.1.jar with languages [LanguageSpec[languageName=javafml, acceptedVersions=[47,)]]
[30Dec2025 03:03:33.932] [main/DEBUG] [net.minecraftforge.fml.loading.moddiscovery.ModFileParser/LOADING]: Considering mod file candidate /workspaces/creacion1/servidor_minecraft/mods/embeddium-0.3.31+mc1.20.1.jar
[30Dec2025 03:03:33.933] [main/DEBUG] [net.minecraftforge.fml.loading.moddiscovery.ModFileInfo/LOADING]: Found valid mod file embeddium-0.3.31+mc1.20.1.jar with {embeddium,rubidium} mods - versions {0.3.31+mc1.20.1,0.7.1}
[30Dec2025 03:03:33.933] [main/DEBUG] [net.minecraftforge.fml.loading.moddiscovery.ModFile/LOADING]: Loading mod file /workspaces/creacion1/servidor_minecraft/mods/embeddium-0.3.31+mc1.20.1.jar with languages [LanguageSpec[languageName=javafml, acceptedVersions=[47,)]]
[30Dec2025 03:03:33.933] [main/DEBUG] [net.minecraftforge.fml.loading.moddiscovery.ModFileParser/LOADING]: Considering mod file candidate /workspaces/creacion1/servidor_minecraft/mods/konkrete_forge_1.8.0_MC_1.20-1.20.1.jar
[30Dec2025 03:03:33.933] [main/DEBUG] [net.minecraftforge.fml.loading.moddiscovery.ModFileInfo/LOADING]: Found valid mod file konkrete_forge_1.8.0_MC_1.20-1.20.1.jar with {konkrete} mods - versions {1.8.0}
[30Dec2025 03:03:33.933] [main/DEBUG] [net.minecraftforge.fml.loading.moddiscovery.ModFile/LOADING]: Loading mod file /workspaces/creacion1/servidor_minecraft/mods/konkrete_forge_1.8.0_MC_1.20-1.20.1.jar with languages [LanguageSpec[languageName=javafml, acceptedVersions=[46,)]]
[30Dec2025 03:03:33.933] [main/DEBUG] [net.minecraftforge.fml.loading.moddiscovery.ModFileParser/LOADING]: Considering mod file candidate /workspaces/creacion1/servidor_minecraft/mods/corpse-forge-1.20.1-1.0.19.jar
[30Dec2025 03:03:33.934] [main/DEBUG] [net.minecraftforge.fml.loading.moddiscovery.ModFileInfo/LOADING]: Found valid mod file corpse-forge-1.20.1-1.0.19.jar with {corpse} mods - versions {1.20.1-1.0.19}
[30Dec2025 03:03:33.935] [main/DEBUG] [net.minecraftforge.fml.loading.moddiscovery.ModFile/LOADING]: Loading mod file /workspaces/creacion1/servidor_minecraft/mods/corpse-forge-1.20.1-1.0.19.jar with languages [LanguageSpec[languageName=javafml, acceptedVersions=*]]
[30Dec2025 03:03:33.935] [main/DEBUG] [net.minecraftforge.fml.loading.moddiscovery.ModFileParser/LOADING]: Considering mod file candidate /workspaces/creacion1/servidor_minecraft/mods/structure_gel-1.20.1-2.16.2.jar
[30Dec2025 03:03:33.936] [main/DEBUG] [net.minecraftforge.fml.loading.moddiscovery.ModFileInfo/LOADING]: Found valid mod file structure_gel-1.20.1-2.16.2.jar with {structure_gel} mods - versions {2.16.2}
[30Dec2025 03:03:33.936] [main/DEBUG] [net.minecraftforge.fml.loading.moddiscovery.ModFile/LOADING]: Loading mod file /workspaces/creacion1/servidor_minecraft/mods/structure_gel-1.20.1-2.16.2.jar with languages [LanguageSpec[languageName=javafml, acceptedVersions=[47,)]]
[30Dec2025 03:03:33.936] [main/DEBUG] [net.minecraftforge.fml.loading.moddiscovery.ModFileParser/LOADING]: Considering mod file candidate /workspaces/creacion1/servidor_minecraft/mods/tenshilib-1.20.1-1.7.6-forge.jar
[30Dec2025 03:03:33.937] [main/DEBUG] [net.minecraftforge.fml.loading.moddiscovery.ModFileInfo/LOADING]: Found valid mod file tenshilib-1.20.1-1.7.6-forge.jar with {tenshilib} mods - versions {1.20.1-1.7.6}
[30Dec2025 03:03:33.938] [main/DEBUG] [net.minecraftforge.fml.loading.moddiscovery.ModFile/LOADING]: Loading mod file /workspaces/creacion1/servidor_minecraft/mods/tenshilib-1.20.1-1.7.6-forge.jar with languages [LanguageSpec[languageName=javafml, acceptedVersions=[0.14.21,)]]
[30Dec2025 03:03:33.938] [main/DEBUG] [net.minecraftforge.fml.loading.moddiscovery.ModFileParser/LOADING]: Considering mod file candidate /workspaces/creacion1/servidor_minecraft/mods/the_deep_void-1.28-forge-1.20.1.jar
[30Dec2025 03:03:33.938] [main/DEBUG] [net.minecraftforge.fml.loading.moddiscovery.ModFileInfo/LOADING]: Found valid mod file the_deep_void-1.28-forge-1.20.1.jar with {the_deep_void} mods - versions {1.28}
[30Dec2025 03:03:33.938] [main/DEBUG] [net.minecraftforge.fml.loading.moddiscovery.ModFile/LOADING]: Loading mod file /workspaces/creacion1/servidor_minecraft/mods/the_deep_void-1.28-forge-1.20.1.jar with languages [LanguageSpec[languageName=javafml, acceptedVersions=[47,)]]
[30Dec2025 03:03:33.939] [main/DEBUG] [net.minecraftforge.fml.loading.moddiscovery.ModFileParser/LOADING]: Considering mod file candidate 
[30Dec2025 03:03:33.940] [main/DEBUG] [net.minecraftforge.fml.loading.moddiscovery.ModFileInfo/LOADING]: Found valid mod file mod-4.0.9.jar with {gml} mods - versions {4.0.9}
[30Dec2025 03:03:33.940] [main/DEBUG] [net.minecraftforge.fml.loading.moddiscovery.ModFile/LOADING]: Loading mod file  with languages [LanguageSpec[languageName=gml, acceptedVersions=[4.0.9,)]]
[30Dec2025 03:03:33.940] [main/DEBUG] [net.minecraftforge.fml.loading.moddiscovery.ModFileParser/LOADING]: Considering mod file candidate /workspaces/creacion1/servidor_minecraft/mods/pandalib-forge-0.4.2-1.20.jar
[30Dec2025 03:03:33.941] [main/DEBUG] [net.minecraftforge.fml.loading.moddiscovery.ModFileInfo/LOADING]: Found valid mod file pandalib-forge-0.4.2-1.20.jar with {pandalib} mods - versions {0.4.2}
[30Dec2025 03:03:33.941] [main/DEBUG] [net.minecraftforge.fml.loading.moddiscovery.ModFile/LOADING]: Loading mod file /workspaces/creacion1/servidor_minecraft/mods/pandalib-forge-0.4.2-1.20.jar with languages [LanguageSpec[languageName=javafml, acceptedVersions=*]]
[30Dec2025 03:03:33.941] [main/DEBUG] [net.minecraftforge.fml.loading.moddiscovery.ModFileParser/LOADING]: Considering mod file candidate /workspaces/creacion1/servidor_minecraft/mods/DimensionAccessManager-1.20.1-3.1.0.jar
[30Dec2025 03:03:33.942] [main/DEBUG] [net.minecraftforge.fml.loading.moddiscovery.ModFileInfo/LOADING]: Found valid mod file DimensionAccessManager-1.20.1-3.1.0.jar with {dimension_access_manager} mods - versions {3.1.0}
[30Dec2025 03:03:33.942] [main/DEBUG] [net.minecraftforge.fml.loading.moddiscovery.ModFile/LOADING]: Loading mod file /workspaces/creacion1/servidor_minecraft/mods/DimensionAccessManager-1.20.1-3.1.0.jar with languages [LanguageSpec[languageName=javafml, acceptedVersions=[47,)]]
[30Dec2025 03:03:33.942] [main/DEBUG] [net.minecraftforge.fml.loading.moddiscovery.ModFileParser/LOADING]: Considering mod file candidate /workspaces/creacion1/servidor_minecraft/mods/Skay's Overworld Netherite RELEASE 1.20.1 Forge.jar
[30Dec2025 03:03:33.942] [main/DEBUG] [net.minecraftforge.fml.loading.moddiscovery.ModFileInfo/LOADING]: Found valid mod file Skay's Overworld Netherite RELEASE 1.20.1 Forge.jar with {overworld_netherite_ore} mods - versions {1.0}
[30Dec2025 03:03:33.943] [main/DEBUG] [net.minecraftforge.fml.loading.moddiscovery.ModFile/LOADING]: Loading mod file /workspaces/creacion1/servidor_minecraft/mods/Skay's Overworld Netherite RELEASE 1.20.1 Forge.jar with languages [LanguageSpec[languageName=javafml, acceptedVersions=[47,)]]
[30Dec2025 03:03:33.943] [main/DEBUG] [net.minecraftforge.fml.loading.moddiscovery.ModFileParser/LOADING]: Considering mod file candidate /workspaces/creacion1/servidor_minecraft/mods/curios-forge-5.11.1+1.20.1.jar
[30Dec2025 03:03:33.943] [main/DEBUG] [net.minecraftforge.fml.loading.moddiscovery.ModFileInfo/LOADING]: Found valid mod file curios-forge-5.11.1+1.20.1.jar with {curios} mods - versions {5.11.1+1.20.1}
[30Dec2025 03:03:33.943] [main/DEBUG] [net.minecraftforge.fml.loading.moddiscovery.ModFile/LOADING]: Loading mod file /workspaces/creacion1/servidor_minecraft/mods/curios-forge-5.11.1+1.20.1.jar with languages [LanguageSpec[languageName=javafml, acceptedVersions=[41,)]]
[30Dec2025 03:03:33.943] [main/DEBUG] [net.minecraftforge.fml.loading.moddiscovery.ModFileParser/LOADING]: Considering mod file candidate /workspaces/creacion1/servidor_minecraft/mods/Patchouli-1.20.1-84-FORGE.jar
[30Dec2025 03:03:33.944] [main/DEBUG] [net.minecraftforge.fml.loading.moddiscovery.ModFileInfo/LOADING]: Found valid mod file Patchouli-1.20.1-84-FORGE.jar with {patchouli} mods - versions {1.20.1-84-FORGE}
[30Dec2025 03:03:33.944] [main/DEBUG] [net.minecraftforge.fml.loading.moddiscovery.ModFile/LOADING]: Loading mod file /workspaces/creacion1/servidor_minecraft/mods/Patchouli-1.20.1-84-FORGE.jar with languages [LanguageSpec[languageName=javafml, acceptedVersions=[47,)]]
[30Dec2025 03:03:33.944] [main/DEBUG] [net.minecraftforge.fml.loading.moddiscovery.ModFileParser/LOADING]: Considering mod file candidate /workspaces/creacion1/servidor_minecraft/mods/itemblacklist-1.20.1-1.0.0f.jar
[30Dec2025 03:03:33.944] [main/DEBUG] [net.minecraftforge.fml.loading.moddiscovery.ModFileInfo/LOADING]: Found valid mod file itemblacklist-1.20.1-1.0.0f.jar with {itemblacklist} mods - versions {1.20.1-1.0.0f}
[30Dec2025 03:03:33.944] [main/DEBUG] [net.minecraftforge.fml.loading.moddiscovery.ModFile/LOADING]: Loading mod file /workspaces/creacion1/servidor_minecraft/mods/itemblacklist-1.20.1-1.0.0f.jar with languages [LanguageSpec[languageName=javafml, acceptedVersions=[41,)]]
[30Dec2025 03:03:33.944] [main/DEBUG] [net.minecraftforge.fml.loading.moddiscovery.ModFileParser/LOADING]: Considering mod file candidate 
[30Dec2025 03:03:33.945] [main/DEBUG] [net.minecraftforge.fml.loading.moddiscovery.ModFileInfo/LOADING]: Found valid mod file cgl-1.20-forge-0.3.3.jar with {commongroovylibrary} mods - versions {0.3.3}
[30Dec2025 03:03:33.945] [main/DEBUG] [net.minecraftforge.fml.loading.moddiscovery.ModFile/LOADING]: Loading mod file  with languages [LanguageSpec[languageName=gml, acceptedVersions=[1,)]]
[30Dec2025 03:03:33.945] [main/DEBUG] [net.minecraftforge.fml.loading.moddiscovery.ModFileParser/LOADING]: Considering mod file candidate /workspaces/creacion1/servidor_minecraft/mods/collective-1.20.1-7.87.jar
[30Dec2025 03:03:33.946] [main/DEBUG] [net.minecraftforge.fml.loading.moddiscovery.ModFileInfo/LOADING]: Found valid mod file collective-1.20.1-7.87.jar with {collective} mods - versions {7.87}
[30Dec2025 03:03:33.946] [main/DEBUG] [net.minecraftforge.fml.loading.moddiscovery.ModFile/LOADING]: Loading mod file /workspaces/creacion1/servidor_minecraft/mods/collective-1.20.1-7.87.jar with languages [LanguageSpec[languageName=javafml, acceptedVersions=*]]
[30Dec2025 03:03:33.946] [main/DEBUG] [net.minecraftforge.fml.loading.moddiscovery.ModFileParser/LOADING]: Considering mod file candidate /workspaces/creacion1/servidor_minecraft/mods/Keerdm Zombie Apocalypse Essentials (TACZ) 1.41.jar
[30Dec2025 03:03:33.946] [main/DEBUG] [net.minecraftforge.fml.loading.moddiscovery.ModFileInfo/LOADING]: Found valid mod file Keerdm Zombie Apocalypse Essentials (TACZ) 1.41.jar with {keerdm_zombie_essentials} mods - versions {1.4}
[30Dec2025 03:03:33.946] [main/DEBUG] [net.minecraftforge.fml.loading.moddiscovery.ModFile/LOADING]: Loading mod file /workspaces/creacion1/servidor_minecraft/mods/Keerdm Zombie Apocalypse Essentials (TACZ) 1.41.jar with languages [LanguageSpec[languageName=lowcodefml, acceptedVersions=[40,)]]
[30Dec2025 03:03:33.946] [main/DEBUG] [net.minecraftforge.fml.loading.moddiscovery.ModFileParser/LOADING]: Considering mod file candidate /workspaces/creacion1/servidor_minecraft/mods/Searchables-forge-1.20.1-1.0.3.jar
[30Dec2025 03:03:33.947] [main/DEBUG] [net.minecraftforge.fml.loading.moddiscovery.ModFileInfo/LOADING]: Found valid mod file Searchables-forge-1.20.1-1.0.3.jar with {searchables} mods - versions {1.0.3}
[30Dec2025 03:03:33.947] [main/DEBUG] [net.minecraftforge.fml.loading.moddiscovery.ModFile/LOADING]: Loading mod file /workspaces/creacion1/servidor_minecraft/mods/Searchables-forge-1.20.1-1.0.3.jar with languages [LanguageSpec[languageName=javafml, acceptedVersions=[41,)]]
[30Dec2025 03:03:33.947] [main/DEBUG] [net.minecraftforge.fml.loading.moddiscovery.ModFileParser/LOADING]: Considering mod file candidate /workspaces/creacion1/servidor_minecraft/mods/lostcities-1.20-7.3.5.jar
[30Dec2025 03:03:33.947] [main/DEBUG] [net.minecraftforge.fml.loading.moddiscovery.ModFileInfo/LOADING]: Found valid mod file lostcities-1.20-7.3.5.jar with {lostcities} mods - versions {1.20-7.3.5}
[30Dec2025 03:03:33.947] [main/DEBUG] [net.minecraftforge.fml.loading.moddiscovery.ModFile/LOADING]: Loading mod file /workspaces/creacion1/servidor_minecraft/mods/lostcities-1.20-7.3.5.jar with languages [LanguageSpec[languageName=javafml, acceptedVersions=[47,)]]
[30Dec2025 03:03:33.948] [main/DEBUG] [net.minecraftforge.fml.loading.moddiscovery.ModFileParser/LOADING]: Considering mod file candidate /workspaces/creacion1/servidor_minecraft/mods/noisium-forge-2.3.0+mc1.20-1.20.1.jar
[30Dec2025 03:03:33.948] [main/DEBUG] [net.minecraftforge.fml.loading.moddiscovery.ModFileInfo/LOADING]: Found valid mod file noisium-forge-2.3.0+mc1.20-1.20.1.jar with {noisium} mods - versions {2.3.0+mc1.20-1.20.1}
[30Dec2025 03:03:33.948] [main/DEBUG] [net.minecraftforge.fml.loading.moddiscovery.ModFile/LOADING]: Loading mod file /workspaces/creacion1/servidor_minecraft/mods/noisium-forge-2.3.0+mc1.20-1.20.1.jar with languages [LanguageSpec[languageName=javafml, acceptedVersions=>=47.1.100]]
[30Dec2025 03:03:33.948] [main/DEBUG] [net.minecraftforge.fml.loading.moddiscovery.ModFileParser/LOADING]: Considering mod file candidate /workspaces/creacion1/servidor_minecraft/mods/pointblank-forge-1.20.1-1.9.6.jar
[30Dec2025 03:03:33.949] [main/DEBUG] [net.minecraftforge.fml.loading.moddiscovery.ModFileInfo/LOADING]: Found valid mod file pointblank-forge-1.20.1-1.9.6.jar with {pointblank} mods - versions {1.9.6}
[30Dec2025 03:03:33.949] [main/DEBUG] [net.minecraftforge.fml.loading.moddiscovery.ModFile/LOADING]: Loading mod file /workspaces/creacion1/servidor_minecraft/mods/pointblank-forge-1.20.1-1.9.6.jar with languages [LanguageSpec[languageName=javafml, acceptedVersions=[47,)]]
[30Dec2025 03:03:33.949] [main/DEBUG] [net.minecraftforge.fml.loading.moddiscovery.ModFileParser/LOADING]: Considering mod file candidate /workspaces/creacion1/servidor_minecraft/mods/Atlas Lib-1.20.1-1.1.12.jar
[30Dec2025 03:03:33.950] [main/DEBUG] [net.minecraftforge.fml.loading.moddiscovery.ModFileInfo/LOADING]: Found valid mod file Atlas Lib-1.20.1-1.1.12.jar with {atlaslib} mods - versions {1.1.12}
[30Dec2025 03:03:33.950] [main/DEBUG] [net.minecraftforge.fml.loading.moddiscovery.ModFile/LOADING]: Loading mod file /workspaces/creacion1/servidor_minecraft/mods/Atlas Lib-1.20.1-1.1.12.jar with languages [LanguageSpec[languageName=javafml, acceptedVersions=[46,)]]
[30Dec2025 03:03:33.950] [main/DEBUG] [net.minecraftforge.fml.loading.moddiscovery.ModFileParser/LOADING]: Considering mod file candidate /workspaces/creacion1/servidor_minecraft/mods/resourcefullib-forge-1.20.1-2.1.29.jar
[30Dec2025 03:03:33.950] [main/DEBUG] [net.minecraftforge.fml.loading.moddiscovery.ModFileInfo/LOADING]: Found valid mod file resourcefullib-forge-1.20.1-2.1.29.jar with {resourcefullib} mods - versions {2.1.29}
[30Dec2025 03:03:33.950] [main/DEBUG] [net.minecraftforge.fml.loading.moddiscovery.ModFile/LOADING]: Loading mod file /workspaces/creacion1/servidor_minecraft/mods/resourcefullib-forge-1.20.1-2.1.29.jar with languages [LanguageSpec[languageName=javafml, acceptedVersions=[46,)]]
[30Dec2025 03:03:33.950] [main/DEBUG] [net.minecraftforge.fml.loading.moddiscovery.ModFileParser/LOADING]: Considering mod file candidate /workspaces/creacion1/servidor_minecraft/mods/ScalingMobs-2.2.2.jar
[30Dec2025 03:03:33.951] [main/DEBUG] [net.minecraftforge.fml.loading.moddiscovery.ModFileInfo/LOADING]: Found valid mod file ScalingMobs-2.2.2.jar with {scalingmobs} mods - versions {2.2.2}
[30Dec2025 03:03:33.951] [main/DEBUG] [net.minecraftforge.fml.loading.moddiscovery.ModFile/LOADING]: Loading mod file /workspaces/creacion1/servidor_minecraft/mods/ScalingMobs-2.2.2.jar with languages [LanguageSpec[languageName=javafml, acceptedVersions=[47,)]]
[30Dec2025 03:03:33.951] [main/DEBUG] [net.minecraftforge.fml.loading.moddiscovery.ModFileParser/LOADING]: Considering mod file candidate /workspaces/creacion1/servidor_minecraft/mods/starterkit-1.20.1-7.1.jar
[30Dec2025 03:03:33.952] [main/DEBUG] [net.minecraftforge.fml.loading.moddiscovery.ModFileInfo/LOADING]: Found valid mod file starterkit-1.20.1-7.1.jar with {starterkit} mods - versions {7.1}
[30Dec2025 03:03:33.952] [main/DEBUG] [net.minecraftforge.fml.loading.moddiscovery.ModFile/LOADING]: Loading mod file /workspaces/creacion1/servidor_minecraft/mods/starterkit-1.20.1-7.1.jar with languages [LanguageSpec[languageName=javafml, acceptedVersions=*]]
[30Dec2025 03:03:33.952] [main/DEBUG] [net.minecraftforge.fml.loading.moddiscovery.ModFileParser/LOADING]: Considering mod file candidate /workspaces/creacion1/servidor_minecraft/mods/architectury-9.2.14-forge.jar
[30Dec2025 03:03:33.952] [main/DEBUG] [net.minecraftforge.fml.loading.moddiscovery.ModFileInfo/LOADING]: Found valid mod file architectury-9.2.14-forge.jar with {architectury} mods - versions {9.2.14}
[30Dec2025 03:03:33.952] [main/DEBUG] [net.minecraftforge.fml.loading.moddiscovery.ModFile/LOADING]: Loading mod file /workspaces/creacion1/servidor_minecraft/mods/architectury-9.2.14-forge.jar with languages [LanguageSpec[languageName=javafml, acceptedVersions=[46,)]]
[30Dec2025 03:03:33.953] [main/DEBUG] [net.minecraftforge.fml.loading.moddiscovery.ModFileParser/LOADING]: Considering mod file candidate /workspaces/creacion1/servidor_minecraft/mods/cupboard-1.20.1-2.7.jar
[30Dec2025 03:03:33.953] [main/DEBUG] [net.minecraftforge.fml.loading.moddiscovery.ModFileInfo/LOADING]: Found valid mod file cupboard-1.20.1-2.7.jar with {cupboard} mods - versions {1.20.1-2.7}
[30Dec2025 03:03:33.953] [main/DEBUG] [net.minecraftforge.fml.loading.moddiscovery.ModFile/LOADING]: Loading mod file /workspaces/creacion1/servidor_minecraft/mods/cupboard-1.20.1-2.7.jar with languages [LanguageSpec[languageName=javafml, acceptedVersions=[36,)]]
[30Dec2025 03:03:33.953] [main/DEBUG] [net.minecraftforge.fml.loading.moddiscovery.ModFileParser/LOADING]: Considering mod file candidate /workspaces/creacion1/servidor_minecraft/mods/firstjoinmessage-1.20.1-3.6.jar
[30Dec2025 03:03:33.954] [main/DEBUG] [net.minecraftforge.fml.loading.moddiscovery.ModFileInfo/LOADING]: Found valid mod file firstjoinmessage-1.20.1-3.6.jar with {firstjoinmessage} mods - versions {3.6}
[30Dec2025 03:03:33.954] [main/DEBUG] [net.minecraftforge.fml.loading.moddiscovery.ModFile/LOADING]: Loading mod file /workspaces/creacion1/servidor_minecraft/mods/firstjoinmessage-1.20.1-3.6.jar with languages [LanguageSpec[languageName=javafml, acceptedVersions=*]]
[30Dec2025 03:03:33.954] [main/DEBUG] [net.minecraftforge.fml.loading.moddiscovery.ModFileParser/LOADING]: Considering mod file candidate /workspaces/creacion1/servidor_minecraft/mods/dynamic-fps-3.9.2+minecraft-1.20.0-forge.jar
[30Dec2025 03:03:33.955] [main/DEBUG] [net.minecraftforge.fml.loading.moddiscovery.ModFileInfo/LOADING]: Found valid mod file dynamic-fps-3.9.2+minecraft-1.20.0-forge.jar with {dynamic_fps} mods - versions {3.9.2}
[30Dec2025 03:03:33.955] [main/DEBUG] [net.minecraftforge.fml.loading.moddiscovery.ModFile/LOADING]: Loading mod file /workspaces/creacion1/servidor_minecraft/mods/dynamic-fps-3.9.2+minecraft-1.20.0-forge.jar with languages [LanguageSpec[languageName=javafml, acceptedVersions=[1,)]]
[30Dec2025 03:03:33.955] [main/DEBUG] [net.minecraftforge.fml.loading.moddiscovery.ModFileParser/LOADING]: Considering mod file candidate /workspaces/creacion1/servidor_minecraft/mods/framework-forge-1.20.1-0.7.12.jar
[30Dec2025 03:03:33.955] [main/DEBUG] [net.minecraftforge.fml.loading.moddiscovery.ModFileInfo/LOADING]: Found valid mod file framework-forge-1.20.1-0.7.12.jar with {framework} mods - versions {0.7.12}
[30Dec2025 03:03:33.955] [main/DEBUG] [net.minecraftforge.fml.loading.moddiscovery.ModFile/LOADING]: Loading mod file /workspaces/creacion1/servidor_minecraft/mods/framework-forge-1.20.1-0.7.12.jar with languages [LanguageSpec[languageName=javafml, acceptedVersions=[39,)]]
[30Dec2025 03:03:33.955] [main/DEBUG] [net.minecraftforge.fml.loading.moddiscovery.ModFileParser/LOADING]: Considering mod file candidate /workspaces/creacion1/servidor_minecraft/mods/UniLib-1.0.4+1.20.1-forge.jar
[30Dec2025 03:03:33.956] [main/DEBUG] [net.minecraftforge.fml.loading.moddiscovery.ModFileInfo/LOADING]: Found valid mod file UniLib-1.0.4+1.20.1-forge.jar with {unilib} mods - versions {1.0.4}
[30Dec2025 03:03:33.956] [main/DEBUG] [net.minecraftforge.fml.loading.moddiscovery.ModFile/LOADING]: Loading mod file /workspaces/creacion1/servidor_minecraft/mods/UniLib-1.0.4+1.20.1-forge.jar with languages [LanguageSpec[languageName=javafml, acceptedVersions=[46,)]]
[30Dec2025 03:03:33.956] [main/DEBUG] [net.minecraftforge.fml.loading.moddiscovery.ModFileParser/LOADING]: Considering mod file candidate /workspaces/creacion1/servidor_minecraft/mods/letmedespawn-1.20.x-forge-1.4.4.jar
[30Dec2025 03:03:33.956] [main/DEBUG] [net.minecraftforge.fml.loading.moddiscovery.ModFileInfo/LOADING]: Found valid mod file letmedespawn-1.20.x-forge-1.4.4.jar with {letmedespawn} mods - versions {1.4.4}
[30Dec2025 03:03:33.956] [main/DEBUG] [net.minecraftforge.fml.loading.moddiscovery.ModFile/LOADING]: Loading mod file /workspaces/creacion1/servidor_minecraft/mods/letmedespawn-1.20.x-forge-1.4.4.jar with languages [LanguageSpec[languageName=javafml, acceptedVersions=[47,)]]
[30Dec2025 03:03:33.957] [main/DEBUG] [net.minecraftforge.fml.loading.moddiscovery.ModFileParser/LOADING]: Considering mod file candidate /workspaces/creacion1/servidor_minecraft/mods/no-ruined-nether-portals-1.0.jar
[30Dec2025 03:03:33.957] [main/DEBUG] [net.minecraftforge.fml.loading.moddiscovery.ModFileInfo/LOADING]: Found valid mod file no-ruined-nether-portals-1.0.jar with {no_ruined_nether_portals} mods - versions {1.0.0}
[30Dec2025 03:03:33.957] [main/DEBUG] [net.minecraftforge.fml.loading.moddiscovery.ModFile/LOADING]: Loading mod file /workspaces/creacion1/servidor_minecraft/mods/no-ruined-nether-portals-1.0.jar with languages [LanguageSpec[languageName=javafml, acceptedVersions=[20,)]]
[30Dec2025 03:03:33.957] [main/DEBUG] [net.minecraftforge.fml.loading.moddiscovery.ModFileParser/LOADING]: Considering mod file candidate /workspaces/creacion1/servidor_minecraft/mods/rhino-forge-2001.2.3-build.6.jar
[30Dec2025 03:03:33.957] [main/DEBUG] [net.minecraftforge.fml.loading.moddiscovery.ModFileInfo/LOADING]: Found valid mod file rhino-forge-2001.2.3-build.6.jar with {rhino} mods - versions {2001.2.3-build.6}
[30Dec2025 03:03:33.958] [main/DEBUG] [net.minecraftforge.fml.loading.moddiscovery.ModFile/LOADING]: Loading mod file /workspaces/creacion1/servidor_minecraft/mods/rhino-forge-2001.2.3-build.6.jar with languages [LanguageSpec[languageName=javafml, acceptedVersions=[38,)]]
[30Dec2025 03:03:33.958] [main/DEBUG] [net.minecraftforge.fml.loading.moddiscovery.ModFileParser/LOADING]: Considering mod file candidate /workspaces/creacion1/servidor_minecraft/mods/Fastload-Reforged-mc1.20.1-3.4.0.jar
[30Dec2025 03:03:33.958] [main/DEBUG] [net.minecraftforge.fml.loading.moddiscovery.ModFileInfo/LOADING]: Found valid mod file Fastload-Reforged-mc1.20.1-3.4.0.jar with {fastload} mods - versions {3.4.0}
[30Dec2025 03:03:33.958] [main/DEBUG] [net.minecraftforge.fml.loading.moddiscovery.ModFile/LOADING]: Loading mod file /workspaces/creacion1/servidor_minecraft/mods/Fastload-Reforged-mc1.20.1-3.4.0.jar with languages [LanguageSpec[languageName=javafml, acceptedVersions=[47,)]]
[30Dec2025 03:03:33.958] [main/DEBUG] [net.minecraftforge.fml.loading.moddiscovery.ModFileParser/LOADING]: Considering mod file candidate /workspaces/creacion1/servidor_minecraft/mods/MutantMonsters-v8.0.7-1.20.1-Forge.jar
[30Dec2025 03:03:33.959] [main/DEBUG] [net.minecraftforge.fml.loading.moddiscovery.ModFileInfo/LOADING]: Found valid mod file MutantMonsters-v8.0.7-1.20.1-Forge.jar with {mutantmonsters} mods - versions {8.0.7}
[30Dec2025 03:03:33.959] [main/DEBUG] [net.minecraftforge.fml.loading.moddiscovery.ModFile/LOADING]: Loading mod file /workspaces/creacion1/servidor_minecraft/mods/MutantMonsters-v8.0.7-1.20.1-Forge.jar with languages [LanguageSpec[languageName=javafml, acceptedVersions=[47,)]]
[30Dec2025 03:03:33.959] [main/DEBUG] [net.minecraftforge.fml.loading.moddiscovery.ModFileParser/LOADING]: Considering mod file candidate /workspaces/creacion1/servidor_minecraft/mods/minecraft-comes-alive-7.6.13+1.20.1-universal.jar
[30Dec2025 03:03:33.960] [main/DEBUG] [net.minecraftforge.fml.loading.moddiscovery.ModFileInfo/LOADING]: Found valid mod file minecraft-comes-alive-7.6.13+1.20.1-universal.jar with {mca} mods - versions {7.6.13+1.20.1}
[30Dec2025 03:03:33.960] [main/DEBUG] [net.minecraftforge.fml.loading.moddiscovery.ModFile/LOADING]: Loading mod file /workspaces/creacion1/servidor_minecraft/mods/minecraft-comes-alive-7.6.13+1.20.1-universal.jar with languages [LanguageSpec[languageName=javafml, acceptedVersions=[44,)]]
[30Dec2025 03:03:33.960] [main/DEBUG] [net.minecraftforge.fml.loading.moddiscovery.ModFileParser/LOADING]: Considering mod file candidate /workspaces/creacion1/servidor_minecraft/mods/nonetherportal-1.20.1-1.0.jar
[30Dec2025 03:03:33.960] [main/DEBUG] [net.minecraftforge.fml.loading.moddiscovery.ModFileInfo/LOADING]: Found valid mod file nonetherportal-1.20.1-1.0.jar with {nonetherportal} mods - versions {1.20.1-1.0}
[30Dec2025 03:03:33.960] [main/DEBUG] [net.minecraftforge.fml.loading.moddiscovery.ModFile/LOADING]: Loading mod file /workspaces/creacion1/servidor_minecraft/mods/nonetherportal-1.20.1-1.0.jar with languages [LanguageSpec[languageName=javafml, acceptedVersions=[47,)]]
[30Dec2025 03:03:33.961] [main/DEBUG] [net.minecraftforge.fml.loading.moddiscovery.ModFileParser/LOADING]: Considering mod file candidate /workspaces/creacion1/servidor_minecraft/mods/fastboot-1.20.x-1.2.jar
[30Dec2025 03:03:33.961] [main/DEBUG] [net.minecraftforge.fml.loading.moddiscovery.ModFileInfo/LOADING]: Found valid mod file fastboot-1.20.x-1.2.jar with {fastboot} mods - versions {1.2}
[30Dec2025 03:03:33.961] [main/DEBUG] [net.minecraftforge.fml.loading.moddiscovery.ModFile/LOADING]: Loading mod file /workspaces/creacion1/servidor_minecraft/mods/fastboot-1.20.x-1.2.jar with languages [LanguageSpec[languageName=javafml, acceptedVersions=[47,)]]
[30Dec2025 03:03:33.961] [main/DEBUG] [net.minecraftforge.fml.loading.moddiscovery.ModFileParser/LOADING]: Considering mod file candidate /workspaces/creacion1/servidor_minecraft/mods/OctoLib-FORGE-0.4.2+1.20.1.jar
[30Dec2025 03:03:33.962] [main/DEBUG] [net.minecraftforge.fml.loading.moddiscovery.ModFileInfo/LOADING]: Found valid mod file OctoLib-FORGE-0.4.2+1.20.1.jar with {octolib} mods - versions {0.4.2}
[30Dec2025 03:03:33.962] [main/DEBUG] [net.minecraftforge.fml.loading.moddiscovery.ModFile/LOADING]: Loading mod file /workspaces/creacion1/servidor_minecraft/mods/OctoLib-FORGE-0.4.2+1.20.1.jar with languages [LanguageSpec[languageName=javafml, acceptedVersions=[47,)]]
[30Dec2025 03:03:33.962] [main/DEBUG] [net.minecraftforge.fml.loading.moddiscovery.ModFileParser/LOADING]: Considering mod file candidate /workspaces/creacion1/servidor_minecraft/mods/jei-1.20.1-forge-15.20.0.105.jar
[30Dec2025 03:03:33.962] [main/DEBUG] [net.minecraftforge.fml.loading.moddiscovery.ModFileInfo/LOADING]: Found valid mod file jei-1.20.1-forge-15.20.0.105.jar with {jei} mods - versions {15.20.0.105}
[30Dec2025 03:03:33.962] [main/DEBUG] [net.minecraftforge.fml.loading.moddiscovery.ModFile/LOADING]: Loading mod file /workspaces/creacion1/servidor_minecraft/mods/jei-1.20.1-forge-15.20.0.105.jar with languages [LanguageSpec[languageName=javafml, acceptedVersions=[47,)]]
[30Dec2025 03:03:33.963] [main/DEBUG] [net.minecraftforge.fml.loading.moddiscovery.ModFileParser/LOADING]: Considering mod file candidate /workspaces/creacion1/servidor_minecraft/mods/tacz-1.20.1-1.0.3-all.jar
[30Dec2025 03:03:33.963] [main/DEBUG] [net.minecraftforge.fml.loading.moddiscovery.ModFileInfo/LOADING]: Found valid mod file tacz-1.20.1-1.0.3-all.jar with {tacz} mods - versions {1.0.3}
[30Dec2025 03:03:33.963] [main/DEBUG] [net.minecraftforge.fml.loading.moddiscovery.ModFile/LOADING]: Loading mod file /workspaces/creacion1/servidor_minecraft/mods/tacz-1.20.1-1.0.3-all.jar with languages [LanguageSpec[languageName=javafml, acceptedVersions=[46,)]]
[30Dec2025 03:03:33.963] [main/DEBUG] [net.minecraftforge.fml.loading.moddiscovery.ModFileParser/LOADING]: Considering mod file candidate /workspaces/creacion1/servidor_minecraft/mods/immersive_weathering-1.20.1-2.0.5-forge.jar
[30Dec2025 03:03:33.964] [main/DEBUG] [net.minecraftforge.fml.loading.moddiscovery.ModFileInfo/LOADING]: Found valid mod file immersive_weathering-1.20.1-2.0.5-forge.jar with {immersive_weathering} mods - versions {1.20.1-2.0.5}
[30Dec2025 03:03:33.964] [main/DEBUG] [net.minecraftforge.fml.loading.moddiscovery.ModFile/LOADING]: Loading mod file /workspaces/creacion1/servidor_minecraft/mods/immersive_weathering-1.20.1-2.0.5-forge.jar with languages [LanguageSpec[languageName=javafml, acceptedVersions=[40,)]]
[30Dec2025 03:03:33.964] [main/DEBUG] [net.minecraftforge.fml.loading.moddiscovery.ModFileParser/LOADING]: Considering mod file candidate /workspaces/creacion1/servidor_minecraft/mods/marbledsarsenal-1.20.1-2.3.0.jar
[30Dec2025 03:03:33.964] [main/DEBUG] [net.minecraftforge.fml.loading.moddiscovery.ModFileInfo/LOADING]: Found valid mod file marbledsarsenal-1.20.1-2.3.0.jar with {marbledsarsenal} mods - versions {1.20.1-2.3.0}
[30Dec2025 03:03:33.965] [main/DEBUG] [net.minecraftforge.fml.loading.moddiscovery.ModFile/LOADING]: Loading mod file /workspaces/creacion1/servidor_minecraft/mods/marbledsarsenal-1.20.1-2.3.0.jar with languages [LanguageSpec[languageName=javafml, acceptedVersions=[47,)]]
[30Dec2025 03:03:33.965] [main/DEBUG] [net.minecraftforge.fml.loading.moddiscovery.ModFileParser/LOADING]: Considering mod file candidate /workspaces/creacion1/servidor_minecraft/mods/nobabyzombies1_20_1forge-1.1.jar
[30Dec2025 03:03:33.965] [main/DEBUG] [net.minecraftforge.fml.loading.moddiscovery.ModFileInfo/LOADING]: Found valid mod file nobabyzombies1_20_1forge-1.1.jar with {nobabyzombies1_20_1forge} mods - versions {1.1}
[30Dec2025 03:03:33.965] [main/DEBUG] [net.minecraftforge.fml.loading.moddiscovery.ModFile/LOADING]: Loading mod file /workspaces/creacion1/servidor_minecraft/mods/nobabyzombies1_20_1forge-1.1.jar with languages [LanguageSpec[languageName=javafml, acceptedVersions=[47,)]]
[30Dec2025 03:03:33.965] [main/DEBUG] [net.minecraftforge.fml.loading.moddiscovery.ModFileParser/LOADING]: Considering mod file candidate /workspaces/creacion1/servidor_minecraft/mods/Clumps-forge-1.20.1-12.0.0.4.jar
[30Dec2025 03:03:33.966] [main/DEBUG] [net.minecraftforge.fml.loading.moddiscovery.ModFileInfo/LOADING]: Found valid mod file Clumps-forge-1.20.1-12.0.0.4.jar with {clumps} mods - versions {12.0.0.4}
[30Dec2025 03:03:33.966] [main/DEBUG] [net.minecraftforge.fml.loading.moddiscovery.ModFile/LOADING]: Loading mod file /workspaces/creacion1/servidor_minecraft/mods/Clumps-forge-1.20.1-12.0.0.4.jar with languages [LanguageSpec[languageName=javafml, acceptedVersions=[41,)]]
[30Dec2025 03:03:33.966] [main/DEBUG] [net.minecraftforge.fml.loading.moddiscovery.ModFileParser/LOADING]: Considering mod file candidate /workspaces/creacion1/servidor_minecraft/mods/fastasyncworldsave-1.20.1-2.4.jar
[30Dec2025 03:03:33.967] [main/DEBUG] [net.minecraftforge.fml.loading.moddiscovery.ModFileInfo/LOADING]: Found valid mod file fastasyncworldsave-1.20.1-2.4.jar with {fastasyncworldsave} mods - versions {1.20.1-2.4}
[30Dec2025 03:03:33.967] [main/DEBUG] [net.minecraftforge.fml.loading.moddiscovery.ModFile/LOADING]: Loading mod file /workspaces/creacion1/servidor_minecraft/mods/fastasyncworldsave-1.20.1-2.4.jar with languages [LanguageSpec[languageName=javafml, acceptedVersions=[36,)]]
[30Dec2025 03:03:33.967] [main/DEBUG] [net.minecraftforge.fml.loading.moddiscovery.ModFileParser/LOADING]: Considering mod file candidate /workspaces/creacion1/servidor_minecraft/mods/forgivingworld-1.20.1-4.7.jar
[30Dec2025 03:03:33.967] [main/DEBUG] [net.minecraftforge.fml.loading.moddiscovery.ModFileInfo/LOADING]: Found valid mod file forgivingworld-1.20.1-4.7.jar with {forgivingworld} mods - versions {1.20.1-4.7}
[30Dec2025 03:03:33.968] [main/DEBUG] [net.minecraftforge.fml.loading.moddiscovery.ModFile/LOADING]: Loading mod file /workspaces/creacion1/servidor_minecraft/mods/forgivingworld-1.20.1-4.7.jar with languages [LanguageSpec[languageName=javafml, acceptedVersions=[36,)]]
[30Dec2025 03:03:33.968] [main/DEBUG] [net.minecraftforge.fml.loading.moddiscovery.ModFileParser/LOADING]: Considering mod file candidate /workspaces/creacion1/servidor_minecraft/mods/mcore-1.20.1-1.0.3.0.jar
[30Dec2025 03:03:33.968] [main/DEBUG] [net.minecraftforge.fml.loading.moddiscovery.ModFileInfo/LOADING]: Found valid mod file mcore-1.20.1-1.0.3.0.jar with {mcore} mods - versions {1.0.3.0}
[30Dec2025 03:03:33.968] [main/DEBUG] [net.minecraftforge.fml.loading.moddiscovery.ModFile/LOADING]: Loading mod file /workspaces/creacion1/servidor_minecraft/mods/mcore-1.20.1-1.0.3.0.jar with languages [LanguageSpec[languageName=javafml, acceptedVersions=[47,)]]
[30Dec2025 03:03:33.968] [main/DEBUG] [net.minecraftforge.fml.loading.moddiscovery.ModFileParser/LOADING]: Considering mod file candidate /workspaces/creacion1/servidor_minecraft/mods/BadMobs-1.20.1-19.0.4.jar
[30Dec2025 03:03:33.969] [main/DEBUG] [net.minecraftforge.fml.loading.moddiscovery.ModFileInfo/LOADING]: Found valid mod file BadMobs-1.20.1-19.0.4.jar with {badmobs} mods - versions {19.0.4}
[30Dec2025 03:03:33.969] [main/DEBUG] [net.minecraftforge.fml.loading.moddiscovery.ModFile/LOADING]: Loading mod file /workspaces/creacion1/servidor_minecraft/mods/BadMobs-1.20.1-19.0.4.jar with languages [LanguageSpec[languageName=javafml, acceptedVersions=[47,]]]
[30Dec2025 03:03:33.969] [main/DEBUG] [net.minecraftforge.fml.loading.moddiscovery.ModFileParser/LOADING]: Considering mod file candidate /workspaces/creacion1/servidor_minecraft/mods/GlitchCore-forge-1.20.1-0.0.1.1.jar
[30Dec2025 03:03:33.969] [main/DEBUG] [net.minecraftforge.fml.loading.moddiscovery.ModFileInfo/LOADING]: Found valid mod file GlitchCore-forge-1.20.1-0.0.1.1.jar with {glitchcore} mods - versions {0.0.1.1}
[30Dec2025 03:03:33.969] [main/DEBUG] [net.minecraftforge.fml.loading.moddiscovery.ModFile/LOADING]: Loading mod file /workspaces/creacion1/servidor_minecraft/mods/GlitchCore-forge-1.20.1-0.0.1.1.jar with languages [LanguageSpec[languageName=javafml, acceptedVersions=[47,)]]
[30Dec2025 03:03:33.969] [main/DEBUG] [net.minecraftforge.fml.loading.moddiscovery.ModFileParser/LOADING]: Considering mod file candidate /workspaces/creacion1/servidor_minecraft/mods/Better Mob Food - Version 1.0.1 (Beta).jar
[30Dec2025 03:03:33.970] [main/DEBUG] [net.minecraftforge.fml.loading.moddiscovery.ModFileInfo/LOADING]: Found valid mod file Better Mob Food - Version 1.0.1 (Beta).jar with {better_mob_food} mods - versions {1.0.0}
[30Dec2025 03:03:33.970] [main/DEBUG] [net.minecraftforge.fml.loading.moddiscovery.ModFile/LOADING]: Loading mod file /workspaces/creacion1/servidor_minecraft/mods/Better Mob Food - Version 1.0.1 (Beta).jar with languages [LanguageSpec[languageName=javafml, acceptedVersions=[47,)]]
[30Dec2025 03:03:33.970] [main/DEBUG] [net.minecraftforge.fml.loading.moddiscovery.ModFileParser/LOADING]: Considering mod file candidate /workspaces/creacion1/servidor_minecraft/mods/cofh_core-1.20.1-11.0.2.56.jar
[30Dec2025 03:03:33.970] [main/DEBUG] [net.minecraftforge.fml.loading.moddiscovery.ModFileInfo/LOADING]: Found valid mod file cofh_core-1.20.1-11.0.2.56.jar with {cofh_core} mods - versions {11.0.2}
[30Dec2025 03:03:33.971] [main/DEBUG] [net.minecraftforge.fml.loading.moddiscovery.ModFile/LOADING]: Loading mod file /workspaces/creacion1/servidor_minecraft/mods/cofh_core-1.20.1-11.0.2.56.jar with languages [LanguageSpec[languageName=javafml, acceptedVersions=[47,)]]
[30Dec2025 03:03:33.971] [main/DEBUG] [net.minecraftforge.fml.loading.moddiscovery.ModFileParser/LOADING]: Considering mod file candidate 
[30Dec2025 03:03:33.971] [main/DEBUG] [net.minecraftforge.fml.loading.moddiscovery.ModFileInfo/LOADING]: Found valid mod file puzzlesaccessapi-forge-8.0.7.jar with {puzzlesaccessapi} mods - versions {8.0.7}
[30Dec2025 03:03:33.971] [main/DEBUG] [net.minecraftforge.fml.loading.moddiscovery.ModFile/LOADING]: Loading mod file  with languages [LanguageSpec[languageName=javafml, acceptedVersions=[47,)]]
[30Dec2025 03:03:33.971] [main/DEBUG] [net.minecraftforge.fml.loading.moddiscovery.ModFileParser/LOADING]: Considering mod file candidate /workspaces/creacion1/servidor_minecraft/libraries/net/minecraftforge/forge/1.20.1-47.4.13/forge-1.20.1-47.4.13-universal.jar
[30Dec2025 03:03:33.972] [main/DEBUG] [net.minecraftforge.fml.loading.moddiscovery.ModFileInfo/LOADING]: Found valid mod file forge-1.20.1-47.4.13-universal.jar with {forge} mods - versions {47.4.13}
[30Dec2025 03:03:33.972] [main/DEBUG] [net.minecraftforge.fml.loading.moddiscovery.ModFile/LOADING]: Loading mod file /workspaces/creacion1/servidor_minecraft/libraries/net/minecraftforge/forge/1.20.1-47.4.13/forge-1.20.1-47.4.13-universal.jar with languages [LanguageSpec[languageName=javafml, acceptedVersions=[24,]]]
[30Dec2025 03:03:33.972] [main/DEBUG] [net.minecraftforge.fml.loading.moddiscovery.ModFileParser/LOADING]: Found coremod field_to_method with Javascript path coremods/field_to_method.js
[30Dec2025 03:03:33.972] [main/DEBUG] [net.minecraftforge.fml.loading.moddiscovery.ModFileParser/LOADING]: Found coremod field_to_instanceof with Javascript path coremods/field_to_instanceof.js
[30Dec2025 03:03:33.972] [main/DEBUG] [net.minecraftforge.fml.loading.moddiscovery.ModFileParser/LOADING]: Found coremod add_bouncer_method with Javascript path coremods/add_bouncer_method.js
[30Dec2025 03:03:33.972] [main/DEBUG] [net.minecraftforge.fml.loading.moddiscovery.ModFileParser/LOADING]: Found coremod method_redirector with Javascript path coremods/method_redirector.js
[30Dec2025 03:03:33.972] [main/DEBUG] [net.minecraftforge.fml.loading.moddiscovery.ModFile/LOADING]: Found coremod coremods/field_to_method.js
[30Dec2025 03:03:33.973] [main/DEBUG] [net.minecraftforge.fml.loading.moddiscovery.ModFile/LOADING]: Found coremod coremods/field_to_instanceof.js
[30Dec2025 03:03:33.973] [main/DEBUG] [net.minecraftforge.fml.loading.moddiscovery.ModFile/LOADING]: Found coremod coremods/add_bouncer_method.js
[30Dec2025 03:03:33.973] [main/DEBUG] [net.minecraftforge.fml.loading.moddiscovery.ModFile/LOADING]: Found coremod coremods/method_redirector.js
[30Dec2025 03:03:33.973] [main/DEBUG] [net.minecraftforge.fml.loading.moddiscovery.ModFileParser/LOADING]: Considering mod file candidate /workspaces/creacion1/servidor_minecraft/mods/drippyloadingscreen_forge_3.0.9_MC_1.20.1.jar
[30Dec2025 03:03:33.973] [main/DEBUG] [net.minecraftforge.fml.loading.moddiscovery.ModFileInfo/LOADING]: Found valid mod file drippyloadingscreen_forge_3.0.9_MC_1.20.1.jar with {drippyloadingscreen} mods - versions {3.0.9}
[30Dec2025 03:03:33.973] [main/DEBUG] [net.minecraftforge.fml.loading.moddiscovery.ModFile/LOADING]: Loading mod file /workspaces/creacion1/servidor_minecraft/mods/drippyloadingscreen_forge_3.0.9_MC_1.20.1.jar with languages [LanguageSpec[languageName=javafml, acceptedVersions=[47,)]]
[30Dec2025 03:03:33.973] [main/DEBUG] [net.minecraftforge.fml.loading.moddiscovery.ModFileInfo/LOADING]: Found valid mod file server-1.20.1-20230612.114412-srg.jar with {minecraft} mods - versions {1.20.1}
[30Dec2025 03:03:33.974] [main/DEBUG] [net.minecraftforge.fml.loading.moddiscovery.ModFile/LOADING]: Loading mod file /workspaces/creacion1/servidor_minecraft/libraries/net/minecraft/server/1.20.1-20230612.114412/server-1.20.1-20230612.114412-srg.jar with languages [LanguageSpec[languageName=minecraft, acceptedVersions=1]]
[30Dec2025 03:03:33.974] [main/DEBUG] [net.minecraftforge.fml.loading.moddiscovery.ModFileParser/LOADING]: Considering mod file candidate /workspaces/creacion1/servidor_minecraft/mods/moonlight-1.20-2.13.47-forge.jar
[30Dec2025 03:03:33.974] [main/DEBUG] [net.minecraftforge.fml.loading.moddiscovery.ModFileInfo/LOADING]: Found valid mod file moonlight-1.20-2.13.47-forge.jar with {moonlight} mods - versions {1.20-2.13.47}
[30Dec2025 03:03:33.974] [main/DEBUG] [net.minecraftforge.fml.loading.moddiscovery.ModFile/LOADING]: Loading mod file /workspaces/creacion1/servidor_minecraft/mods/moonlight-1.20-2.13.47-forge.jar with languages [LanguageSpec[languageName=javafml, acceptedVersions=[40,)]]
[30Dec2025 03:03:33.974] [main/DEBUG] [net.minecraftforge.fml.loading.moddiscovery.ModFileParser/LOADING]: Considering mod file candidate /workspaces/creacion1/servidor_minecraft/mods/MouseTweaks-forge-mc1.20.1-2.25.1.jar
[30Dec2025 03:03:33.975] [main/DEBUG] [net.minecraftforge.fml.loading.moddiscovery.ModFileInfo/LOADING]: Found valid mod file MouseTweaks-forge-mc1.20.1-2.25.1.jar with {mousetweaks} mods - versions {2.25.1}
[30Dec2025 03:03:33.975] [main/DEBUG] [net.minecraftforge.fml.loading.moddiscovery.ModFile/LOADING]: Loading mod file /workspaces/creacion1/servidor_minecraft/mods/MouseTweaks-forge-mc1.20.1-2.25.1.jar with languages [LanguageSpec[languageName=javafml, acceptedVersions=[46,)]]
[30Dec2025 03:03:33.975] [main/DEBUG] [net.minecraftforge.fml.loading.moddiscovery.ModFileParser/LOADING]: Considering mod file candidate /workspaces/creacion1/servidor_minecraft/mods/CreativeCore_FORGE_v2.12.28_mc1.20.1.jar
[30Dec2025 03:03:33.975] [main/DEBUG] [net.minecraftforge.fml.loading.moddiscovery.ModFileInfo/LOADING]: Found valid mod file CreativeCore_FORGE_v2.12.28_mc1.20.1.jar with {creativecore} mods - versions {2.12.28}
[30Dec2025 03:03:33.975] [main/DEBUG] [net.minecraftforge.fml.loading.moddiscovery.ModFile/LOADING]: Loading mod file /workspaces/creacion1/servidor_minecraft/mods/CreativeCore_FORGE_v2.12.28_mc1.20.1.jar with languages [LanguageSpec[languageName=javafml, acceptedVersions=[46,)]]
[30Dec2025 03:03:33.975] [main/DEBUG] [net.minecraftforge.fml.loading.moddiscovery.ModFileParser/LOADING]: Considering mod file candidate 
[30Dec2025 03:03:33.976] [main/DEBUG] [net.minecraftforge.fml.loading.moddiscovery.ModFileInfo/LOADING]: Found valid mod file spectrelib-forge-0.13.17+1.20.1.jar with {spectrelib} mods - versions {0.13.17+1.20.1}
[30Dec2025 03:03:33.976] [main/DEBUG] [net.minecraftforge.fml.loading.moddiscovery.ModFile/LOADING]: Loading mod file  with languages [LanguageSpec[languageName=javafml, acceptedVersions=[41,)]]
[30Dec2025 03:03:33.976] [main/DEBUG] [net.minecraftforge.fml.loading.moddiscovery.ModFileParser/LOADING]: Considering mod file candidate /workspaces/creacion1/servidor_minecraft/mods/Corgilib-Forge-1.20.1-4.0.3.3.jar
[30Dec2025 03:03:33.976] [main/DEBUG] [net.minecraftforge.fml.loading.moddiscovery.ModFileInfo/LOADING]: Found valid mod file Corgilib-Forge-1.20.1-4.0.3.3.jar with {corgilib} mods - versions {4.0.3.3}
[30Dec2025 03:03:33.976] [main/DEBUG] [net.minecraftforge.fml.loading.moddiscovery.ModFile/LOADING]: Loading mod file /workspaces/creacion1/servidor_minecraft/mods/Corgilib-Forge-1.20.1-4.0.3.3.jar with languages [LanguageSpec[languageName=javafml, acceptedVersions=[46,)]]
[30Dec2025 03:03:33.976] [main/DEBUG] [net.minecraftforge.fml.loading.moddiscovery.ModFileParser/LOADING]: Considering mod file candidate /workspaces/creacion1/servidor_minecraft/mods/lastofus-2.8-forge-1.20.1.jar
[30Dec2025 03:03:33.977] [main/DEBUG] [net.minecraftforge.fml.loading.moddiscovery.ModFileInfo/LOADING]: Found valid mod file lastofus-2.8-forge-1.20.1.jar with {last_of_us} mods - versions {2.5}
[30Dec2025 03:03:33.977] [main/DEBUG] [net.minecraftforge.fml.loading.moddiscovery.ModFile/LOADING]: Loading mod file /workspaces/creacion1/servidor_minecraft/mods/lastofus-2.8-forge-1.20.1.jar with languages [LanguageSpec[languageName=javafml, acceptedVersions=[47,)]]
[30Dec2025 03:03:33.977] [main/DEBUG] [net.minecraftforge.fml.loading.moddiscovery.ModFileParser/LOADING]: Considering mod file candidate /workspaces/creacion1/servidor_minecraft/mods/smoothboot(reloaded)-mc1.20.1-0.0.4.jar
[30Dec2025 03:03:33.977] [main/DEBUG] [net.minecraftforge.fml.loading.moddiscovery.ModFileInfo/LOADING]: Found valid mod file smoothboot(reloaded)-mc1.20.1-0.0.4.jar with {smoothboot} mods - versions {0.0.4}
[30Dec2025 03:03:33.977] [main/DEBUG] [net.minecraftforge.fml.loading.moddiscovery.ModFile/LOADING]: Loading mod file /workspaces/creacion1/servidor_minecraft/mods/smoothboot(reloaded)-mc1.20.1-0.0.4.jar with languages [LanguageSpec[languageName=javafml, acceptedVersions=[47,)]]
[30Dec2025 03:03:33.977] [main/DEBUG] [net.minecraftforge.fml.loading.moddiscovery.ModFileParser/LOADING]: Considering mod file candidate /workspaces/creacion1/servidor_minecraft/mods/fastpaintings-1.20-1.2.7.jar
[30Dec2025 03:03:33.978] [main/DEBUG] [net.minecraftforge.fml.loading.moddiscovery.ModFileInfo/LOADING]: Found valid mod file fastpaintings-1.20-1.2.7.jar with {fastpaintings} mods - versions {1.20-1.2.7}
[30Dec2025 03:03:33.978] [main/DEBUG] [net.minecraftforge.fml.loading.moddiscovery.ModFile/LOADING]: Loading mod file /workspaces/creacion1/servidor_minecraft/mods/fastpaintings-1.20-1.2.7.jar with languages [LanguageSpec[languageName=javafml, acceptedVersions=[41,)]]
[30Dec2025 03:03:33.978] [main/DEBUG] [net.minecraftforge.fml.loading.moddiscovery.ModFileParser/LOADING]: Considering mod file candidate 
[30Dec2025 03:03:33.978] [main/DEBUG] [net.minecraftforge.fml.loading.moddiscovery.ModFileInfo/LOADING]: Found valid mod file kffmod-4.11.0.jar with {kotlinforforge} mods - versions {4.11.0}
[30Dec2025 03:03:33.979] [main/DEBUG] [net.minecraftforge.fml.loading.moddiscovery.ModFile/LOADING]: Loading mod file  with languages [LanguageSpec[languageName=kotlinforforge, acceptedVersions=[4,)]]
[30Dec2025 03:03:33.979] [main/DEBUG] [net.minecraftforge.fml.loading.moddiscovery.ModFileParser/LOADING]: Considering mod file candidate /workspaces/creacion1/servidor_minecraft/mods/betterfpsdist-1.20.1-6.0.jar
[30Dec2025 03:03:33.979] [main/DEBUG] [net.minecraftforge.fml.loading.moddiscovery.ModFileInfo/LOADING]: Found valid mod file betterfpsdist-1.20.1-6.0.jar with {betterfpsdist} mods - versions {1.20.1-6.0}
[30Dec2025 03:03:33.979] [main/DEBUG] [net.minecraftforge.fml.loading.moddiscovery.ModFile/LOADING]: Loading mod file /workspaces/creacion1/servidor_minecraft/mods/betterfpsdist-1.20.1-6.0.jar with languages [LanguageSpec[languageName=javafml, acceptedVersions=[26,)]]
[30Dec2025 03:03:33.979] [main/DEBUG] [net.minecraftforge.fml.loading.moddiscovery.ModFileParser/LOADING]: Considering mod file candidate /workspaces/creacion1/servidor_minecraft/mods/marbledsmelees-1.20.1-1.0.0.jar
[30Dec2025 03:03:33.980] [main/DEBUG] [net.minecraftforge.fml.loading.moddiscovery.ModFileInfo/LOADING]: Found valid mod file marbledsmelees-1.20.1-1.0.0.jar with {marbledsmelees} mods - versions {1.20.1-1.0.0}
[30Dec2025 03:03:33.980] [main/DEBUG] [net.minecraftforge.fml.loading.moddiscovery.ModFile/LOADING]: Loading mod file /workspaces/creacion1/servidor_minecraft/mods/marbledsmelees-1.20.1-1.0.0.jar with languages [LanguageSpec[languageName=javafml, acceptedVersions=[47,)]]
[30Dec2025 03:03:33.980] [main/DEBUG] [net.minecraftforge.fml.loading.moddiscovery.ModFileParser/LOADING]: Considering mod file candidate /workspaces/creacion1/servidor_minecraft/mods/mobsunscreen-forge-1.20.1-3.1.1.jar
[30Dec2025 03:03:33.980] [main/DEBUG] [net.minecraftforge.fml.loading.moddiscovery.ModFileInfo/LOADING]: Found valid mod file mobsunscreen-forge-1.20.1-3.1.1.jar with {mobsunscreen} mods - versions {3.1.1}
[30Dec2025 03:03:33.981] [main/DEBUG] [net.minecraftforge.fml.loading.moddiscovery.ModFile/LOADING]: Loading mod file /workspaces/creacion1/servidor_minecraft/mods/mobsunscreen-forge-1.20.1-3.1.1.jar with languages [LanguageSpec[languageName=javafml, acceptedVersions=[46,)]]
[30Dec2025 03:03:33.981] [main/DEBUG] [net.minecraftforge.fml.loading.moddiscovery.ModFileParser/LOADING]: Considering mod file candidate /workspaces/creacion1/servidor_minecraft/mods/FastWorkbench-1.20.1-8.0.4.jar
[30Dec2025 03:03:33.981] [main/DEBUG] [net.minecraftforge.fml.loading.moddiscovery.ModFileInfo/LOADING]: Found valid mod file FastWorkbench-1.20.1-8.0.4.jar with {fastbench} mods - versions {8.0.4}
[30Dec2025 03:03:33.981] [main/DEBUG] [net.minecraftforge.fml.loading.moddiscovery.ModFile/LOADING]: Loading mod file /workspaces/creacion1/servidor_minecraft/mods/FastWorkbench-1.20.1-8.0.4.jar with languages [LanguageSpec[languageName=javafml, acceptedVersions=[32,)]]
[30Dec2025 03:03:33.981] [main/DEBUG] [net.minecraftforge.fml.loading.moddiscovery.ModFileParser/LOADING]: Considering mod file candidate /workspaces/creacion1/servidor_minecraft/mods/[1.20.1] SecurityCraft v1.10.1.jar
[30Dec2025 03:03:33.982] [main/DEBUG] [net.minecraftforge.fml.loading.moddiscovery.ModFileInfo/LOADING]: Found valid mod file [1.20.1] SecurityCraft v1.10.1.jar with {securitycraft} mods - versions {1.10.1}
[30Dec2025 03:03:33.982] [main/DEBUG] [net.minecraftforge.fml.loading.moddiscovery.ModFile/LOADING]: Loading mod file /workspaces/creacion1/servidor_minecraft/mods/[1.20.1] SecurityCraft v1.10.1.jar with languages [LanguageSpec[languageName=javafml, acceptedVersions=[46,)]]
[30Dec2025 03:03:33.982] [main/DEBUG] [net.minecraftforge.fml.loading.moddiscovery.ModFileParser/LOADING]: Considering mod file candidate /workspaces/creacion1/servidor_minecraft/mods/polymorph-forge-0.49.8+1.20.1.jar
[30Dec2025 03:03:33.982] [main/DEBUG] [net.minecraftforge.fml.loading.moddiscovery.ModFileInfo/LOADING]: Found valid mod file polymorph-forge-0.49.8+1.20.1.jar with {polymorph} mods - versions {0.49.8+1.20.1}
[30Dec2025 03:03:33.982] [main/DEBUG] [net.minecraftforge.fml.loading.moddiscovery.ModFile/LOADING]: Loading mod file /workspaces/creacion1/servidor_minecraft/mods/polymorph-forge-0.49.8+1.20.1.jar with languages [LanguageSpec[languageName=javafml, acceptedVersions=[41,)]]
[30Dec2025 03:03:33.983] [main/DEBUG] [net.minecraftforge.fml.loading.moddiscovery.ModFileParser/LOADING]: Considering mod file candidate /workspaces/creacion1/servidor_minecraft/mods/better_mob_drops.jar
[30Dec2025 03:03:33.983] [main/DEBUG] [net.minecraftforge.fml.loading.moddiscovery.ModFileInfo/LOADING]: Found valid mod file better_mob_drops.jar with {better_zombie_drops} mods - versions {1.0.0}
[30Dec2025 03:03:33.983] [main/DEBUG] [net.minecraftforge.fml.loading.moddiscovery.ModFile/LOADING]: Loading mod file /workspaces/creacion1/servidor_minecraft/mods/better_mob_drops.jar with languages [LanguageSpec[languageName=javafml, acceptedVersions=[47,)]]
[30Dec2025 03:03:33.983] [main/DEBUG] [net.minecraftforge.fml.loading.moddiscovery.ModFileParser/LOADING]: Considering mod file candidate /workspaces/creacion1/servidor_minecraft/mods/fancymenu_forge_3.3.2_MC_1.20.1.jar
[30Dec2025 03:03:33.984] [main/DEBUG] [net.minecraftforge.fml.loading.moddiscovery.ModFileInfo/LOADING]: Found valid mod file fancymenu_forge_3.3.2_MC_1.20.1.jar with {fancymenu} mods - versions {3.3.2}
[30Dec2025 03:03:33.984] [main/DEBUG] [net.minecraftforge.fml.loading.moddiscovery.ModFile/LOADING]: Loading mod file /workspaces/creacion1/servidor_minecraft/mods/fancymenu_forge_3.3.2_MC_1.20.1.jar with languages [LanguageSpec[languageName=javafml, acceptedVersions=[47,)]]
[30Dec2025 03:03:33.984] [main/DEBUG] [net.minecraftforge.fml.loading.moddiscovery.ModFileParser/LOADING]: Considering mod file candidate /workspaces/creacion1/servidor_minecraft/mods/coroutil-forge-1.20.1-1.3.7.jar
[30Dec2025 03:03:33.984] [main/DEBUG] [net.minecraftforge.fml.loading.moddiscovery.ModFileInfo/LOADING]: Found valid mod file coroutil-forge-1.20.1-1.3.7.jar with {coroutil} mods - versions {1.20.1-1.3.7}
[30Dec2025 03:03:33.984] [main/DEBUG] [net.minecraftforge.fml.loading.moddiscovery.ModFile/LOADING]: Loading mod file /workspaces/creacion1/servidor_minecraft/mods/coroutil-forge-1.20.1-1.3.7.jar with languages [LanguageSpec[languageName=javafml, acceptedVersions=[47,)]]
[30Dec2025 03:03:33.984] [main/DEBUG] [net.minecraftforge.fml.loading.moddiscovery.ModFileParser/LOADING]: Considering mod file candidate /workspaces/creacion1/servidor_minecraft/mods/ImmediatelyFast-Forge-1.5.0+1.20.4.jar
[30Dec2025 03:03:33.985] [main/DEBUG] [net.minecraftforge.fml.loading.moddiscovery.ModFileInfo/LOADING]: Found valid mod file ImmediatelyFast-Forge-1.5.0+1.20.4.jar with {immediatelyfast} mods - versions {1.5.0+1.20.4}
[30Dec2025 03:03:33.985] [main/DEBUG] [net.minecraftforge.fml.loading.moddiscovery.ModFile/LOADING]: Loading mod file /workspaces/creacion1/servidor_minecraft/mods/ImmediatelyFast-Forge-1.5.0+1.20.4.jar with languages [LanguageSpec[languageName=javafml, acceptedVersions=[46,)]]
[30Dec2025 03:03:33.985] [main/DEBUG] [net.minecraftforge.fml.loading.moddiscovery.ModFileParser/LOADING]: Considering mod file candidate /workspaces/creacion1/servidor_minecraft/mods/FastFurnace-1.20.1-8.0.2.jar
[30Dec2025 03:03:33.985] [main/DEBUG] [net.minecraftforge.fml.loading.moddiscovery.ModFileInfo/LOADING]: Found valid mod file FastFurnace-1.20.1-8.0.2.jar with {fastfurnace} mods - versions {8.0.2}
[30Dec2025 03:03:33.985] [main/DEBUG] [net.minecraftforge.fml.loading.moddiscovery.ModFile/LOADING]: Loading mod file /workspaces/creacion1/servidor_minecraft/mods/FastFurnace-1.20.1-8.0.2.jar with languages [LanguageSpec[languageName=javafml, acceptedVersions=[32,)]]
[30Dec2025 03:03:33.986] [main/DEBUG] [net.minecraftforge.fml.loading.moddiscovery.ModFileParser/LOADING]: Considering mod file candidate /workspaces/creacion1/servidor_minecraft/mods/ferritecore-6.0.1-forge.jar
[30Dec2025 03:03:33.986] [main/DEBUG] [net.minecraftforge.fml.loading.moddiscovery.ModFileInfo/LOADING]: Found valid mod file ferritecore-6.0.1-forge.jar with {ferritecore} mods - versions {6.0.1}
[30Dec2025 03:03:33.986] [main/DEBUG] [net.minecraftforge.fml.loading.moddiscovery.ModFile/LOADING]: Loading mod file /workspaces/creacion1/servidor_minecraft/mods/ferritecore-6.0.1-forge.jar with languages [LanguageSpec[languageName=javafml, acceptedVersions=[28,)]]
[30Dec2025 03:03:33.986] [main/DEBUG] [net.minecraftforge.fml.loading.moddiscovery.ModFileParser/LOADING]: Considering mod file candidate /workspaces/creacion1/servidor_minecraft/mods/lootr-forge-1.20-0.7.35.90.jar
[30Dec2025 03:03:33.987] [main/DEBUG] [net.minecraftforge.fml.loading.moddiscovery.ModFileInfo/LOADING]: Found valid mod file lootr-forge-1.20-0.7.35.90.jar with {lootr} mods - versions {0.7.35.90}
[30Dec2025 03:03:33.987] [main/DEBUG] [net.minecraftforge.fml.loading.moddiscovery.ModFile/LOADING]: Loading mod file /workspaces/creacion1/servidor_minecraft/mods/lootr-forge-1.20-0.7.35.90.jar with languages [LanguageSpec[languageName=javafml, acceptedVersions=[44,)]]
[30Dec2025 03:03:33.987] [main/DEBUG] [net.minecraftforge.fml.loading.moddiscovery.ModFileParser/LOADING]: Considering mod file candidate /workspaces/creacion1/servidor_minecraft/mods/PuzzlesLib-v8.1.25-1.20.1-Forge.jar
[30Dec2025 03:03:33.987] [main/DEBUG] [net.minecraftforge.fml.loading.moddiscovery.ModFileInfo/LOADING]: Found valid mod file PuzzlesLib-v8.1.25-1.20.1-Forge.jar with {puzzleslib} mods - versions {8.1.25}
[30Dec2025 03:03:33.987] [main/DEBUG] [net.minecraftforge.fml.loading.moddiscovery.ModFile/LOADING]: Loading mod file /workspaces/creacion1/servidor_minecraft/mods/PuzzlesLib-v8.1.25-1.20.1-Forge.jar with languages [LanguageSpec[languageName=javafml, acceptedVersions=[47,)]]
[30Dec2025 03:03:33.987] [main/DEBUG] [net.minecraftforge.fml.loading.moddiscovery.ModFileParser/LOADING]: Considering mod file candidate /workspaces/creacion1/servidor_minecraft/mods/charmofundying-forge-6.5.0+1.20.1.jar
[30Dec2025 03:03:33.988] [main/DEBUG] [net.minecraftforge.fml.loading.moddiscovery.ModFileInfo/LOADING]: Found valid mod file charmofundying-forge-6.5.0+1.20.1.jar with {charmofundying} mods - versions {6.5.0+1.20.1}
[30Dec2025 03:03:33.988] [main/DEBUG] [net.minecraftforge.fml.loading.moddiscovery.ModFile/LOADING]: Loading mod file /workspaces/creacion1/servidor_minecraft/mods/charmofundying-forge-6.5.0+1.20.1.jar with languages [LanguageSpec[languageName=javafml, acceptedVersions=[41,)]]
[30Dec2025 03:03:33.988] [main/DEBUG] [net.minecraftforge.fml.loading.moddiscovery.ModFileParser/LOADING]: Considering mod file candidate /workspaces/creacion1/servidor_minecraft/mods/justzoom_forge_2.0.0_MC_1.20.1.jar
[30Dec2025 03:03:33.988] [main/DEBUG] [net.minecraftforge.fml.loading.moddiscovery.ModFileInfo/LOADING]: Found valid mod file justzoom_forge_2.0.0_MC_1.20.1.jar with {justzoom} mods - versions {2.0.0}
[30Dec2025 03:03:33.988] [main/DEBUG] [net.minecraftforge.fml.loading.moddiscovery.ModFile/LOADING]: Loading mod file /workspaces/creacion1/servidor_minecraft/mods/justzoom_forge_2.0.0_MC_1.20.1.jar with languages [LanguageSpec[languageName=javafml, acceptedVersions=[47,)]]
[30Dec2025 03:03:33.989] [main/DEBUG] [net.minecraftforge.fml.loading.moddiscovery.ModFileParser/LOADING]: Considering mod file candidate /workspaces/creacion1/servidor_minecraft/mods/packetfixer-forge-1.4.3-1.19-to-1.20.1.jar
[30Dec2025 03:03:33.989] [main/DEBUG] [net.minecraftforge.fml.loading.moddiscovery.ModFileInfo/LOADING]: Found valid mod file packetfixer-forge-1.4.3-1.19-to-1.20.1.jar with {packetfixer} mods - versions {1.4.3}
[30Dec2025 03:03:33.989] [main/DEBUG] [net.minecraftforge.fml.loading.moddiscovery.ModFile/LOADING]: Loading mod file /workspaces/creacion1/servidor_minecraft/mods/packetfixer-forge-1.4.3-1.19-to-1.20.1.jar with languages [LanguageSpec[languageName=javafml, acceptedVersions=[0,)]]
[30Dec2025 03:03:33.989] [main/DEBUG] [net.minecraftforge.fml.loading.moddiscovery.ModFileParser/LOADING]: Considering mod file candidate /workspaces/creacion1/servidor_minecraft/mods/OpenLoader-Forge-1.20.1-19.0.4.jar
[30Dec2025 03:03:33.989] [main/DEBUG] [net.minecraftforge.fml.loading.moddiscovery.ModFileInfo/LOADING]: Found valid mod file OpenLoader-Forge-1.20.1-19.0.4.jar with {openloader} mods - versions {19.0.4}
[30Dec2025 03:03:33.989] [main/DEBUG] [net.minecraftforge.fml.loading.moddiscovery.ModFile/LOADING]: Loading mod file /workspaces/creacion1/servidor_minecraft/mods/OpenLoader-Forge-1.20.1-19.0.4.jar with languages [LanguageSpec[languageName=javafml, acceptedVersions=[47,)]]
[30Dec2025 03:03:33.990] [main/DEBUG] [net.minecraftforge.fml.loading.moddiscovery.ModFile/LOADING]: Loading mod file  with languages []
[30Dec2025 03:03:33.990] [main/DEBUG] [net.minecraftforge.fml.loading.moddiscovery.ModFile/LOADING]: Loading mod file  with languages []
[30Dec2025 03:03:33.990] [main/DEBUG] [net.minecraftforge.fml.loading.moddiscovery.ModFileParser/LOADING]: Considering mod file candidate 
[30Dec2025 03:03:33.990] [main/DEBUG] [net.minecraftforge.fml.loading.moddiscovery.ModFileInfo/LOADING]: Found valid mod file mixinextras-forge-0.3.6.jar with {mixinextras} mods - versions {0.3.6}
[30Dec2025 03:03:33.990] [main/DEBUG] [net.minecraftforge.fml.loading.moddiscovery.ModFile/LOADING]: Loading mod file  with languages [LanguageSpec[languageName=javafml, acceptedVersions=*]]
[30Dec2025 03:03:33.990] [main/DEBUG] [net.minecraftforge.fml.loading.moddiscovery.ModFile/LOADING]: Loading mod file  with languages []
[30Dec2025 03:03:33.990] [main/DEBUG] [net.minecraftforge.fml.loading.moddiscovery.ModFile/LOADING]: Loading mod file  with languages []
[30Dec2025 03:03:33.991] [main/DEBUG] [net.minecraftforge.fml.loading.moddiscovery.ModFile/LOADING]: Loading mod file  with languages []
[30Dec2025 03:03:33.991] [main/DEBUG] [net.minecraftforge.fml.loading.moddiscovery.ModFile/LOADING]: Loading mod file  with languages []
[30Dec2025 03:03:33.991] [main/DEBUG] [net.minecraftforge.fml.loading.moddiscovery.ModFile/LOADING]: Loading mod file  with languages []
[30Dec2025 03:03:33.991] [main/DEBUG] [net.minecraftforge.fml.loading.moddiscovery.ModFile/LOADING]: Loading mod file  with languages []
[30Dec2025 03:03:33.991] [main/DEBUG] [net.minecraftforge.fml.loading.moddiscovery.ModFile/LOADING]: Loading mod file  with languages []
[30Dec2025 03:03:33.991] [main/DEBUG] [net.minecraftforge.fml.loading.moddiscovery.ModFile/LOADING]: Loading mod file  with languages []
[30Dec2025 03:03:33.991] [main/DEBUG] [net.minecraftforge.fml.loading.moddiscovery.ModFile/LOADING]: Loading mod file  with languages []
[30Dec2025 03:03:33.991] [main/DEBUG] [net.minecraftforge.fml.loading.moddiscovery.ModFile/LOADING]: Loading mod file  with languages []
[30Dec2025 03:03:33.991] [main/DEBUG] [net.minecraftforge.fml.loading.moddiscovery.ModFile/LOADING]: Loading mod file  with languages []
[30Dec2025 03:03:33.992] [main/DEBUG] [net.minecraftforge.fml.loading.moddiscovery.ModFile/LOADING]: Loading mod file  with languages []
[30Dec2025 03:03:33.992] [main/DEBUG] [net.minecraftforge.fml.loading.moddiscovery.ModFile/LOADING]: Loading mod file  with languages []
[30Dec2025 03:03:33.992] [main/DEBUG] [net.minecraftforge.fml.loading.moddiscovery.ModFile/LOADING]: Loading mod file  with languages []
[30Dec2025 03:03:33.992] [main/DEBUG] [net.minecraftforge.fml.loading.moddiscovery.ModFile/LOADING]: Loading mod file  with languages []
[30Dec2025 03:03:33.992] [main/DEBUG] [net.minecraftforge.fml.loading.moddiscovery.ModFileParser/LOADING]: Considering mod file candidate 
[30Dec2025 03:03:33.992] [main/DEBUG] [net.minecraftforge.fml.loading.moddiscovery.ModFileInfo/LOADING]: Found valid mod file mixinextras-forge-0.3.6.jar with {mixinextras} mods - versions {0.3.6}
[30Dec2025 03:03:33.992] [main/DEBUG] [net.minecraftforge.fml.loading.moddiscovery.ModFile/LOADING]: Loading mod file  with languages [LanguageSpec[languageName=javafml, acceptedVersions=*]]
[30Dec2025 03:03:33.992] [main/DEBUG] [net.minecraftforge.fml.loading.moddiscovery.ModFile/LOADING]: Loading mod file  with languages []
[30Dec2025 03:03:33.993] [main/DEBUG] [net.minecraftforge.fml.loading.moddiscovery.ModFile/LOADING]: Loading mod file  with languages []
[30Dec2025 03:03:33.993] [main/DEBUG] [net.minecraftforge.fml.loading.moddiscovery.ModFile/LOADING]: Loading mod file  with languages []
[30Dec2025 03:03:33.993] [main/DEBUG] [net.minecraftforge.fml.loading.moddiscovery.ModFile/LOADING]: Loading mod file  with languages []
[30Dec2025 03:03:33.993] [main/DEBUG] [net.minecraftforge.fml.loading.moddiscovery.ModFile/LOADING]: Loading mod file  with languages []
[30Dec2025 03:03:33.993] [main/DEBUG] [net.minecraftforge.fml.loading.moddiscovery.ModFile/LOADING]: Loading mod file  with languages []
[30Dec2025 03:03:33.993] [main/DEBUG] [net.minecraftforge.fml.loading.moddiscovery.ModFile/LOADING]: Loading mod file  with languages []
[30Dec2025 03:03:33.993] [main/DEBUG] [net.minecraftforge.fml.loading.moddiscovery.ModFile/LOADING]: Loading mod file  with languages []
[30Dec2025 03:03:33.993] [main/DEBUG] [net.minecraftforge.fml.loading.moddiscovery.ModFile/LOADING]: Loading mod file  with languages []
[30Dec2025 03:03:33.993] [main/DEBUG] [net.minecraftforge.fml.loading.moddiscovery.ModFile/LOADING]: Loading mod file  with languages []
[30Dec2025 03:03:33.993] [main/DEBUG] [net.minecraftforge.fml.loading.moddiscovery.ModFile/LOADING]: Loading mod file  with languages []
[30Dec2025 03:03:33.994] [main/DEBUG] [net.minecraftforge.fml.loading.moddiscovery.ModFile/LOADING]: Loading mod file  with languages []
[30Dec2025 03:03:33.994] [main/DEBUG] [net.minecraftforge.fml.loading.moddiscovery.ModFile/LOADING]: Loading mod file  with languages []
[30Dec2025 03:03:33.995] [main/DEBUG] [cpw.mods.modlauncher.TransformationServiceDecorator/MODLAUNCHER]: End scan trigger - transformation service fml
[30Dec2025 03:03:34.307] [main/INFO] [org.groovymc.gml.mappings.MappingsProvider/]: Starting runtime mappings setup...
[30Dec2025 03:03:34.336] [main/INFO] [org.groovymc.gml.internal.locator.ModLocatorInjector/]: Injecting ScriptModLocator candidates...
[30Dec2025 03:03:34.347] [main/INFO] [org.groovymc.gml.scriptmods.ScriptModLocator/]: Injected Jimfs file system
[30Dec2025 03:03:34.358] [main/INFO] [org.groovymc.gml.scriptmods.ScriptModLocator/]: Skipped loading script mods from directory /workspaces/creacion1/servidor_minecraft/mods/scripts as it did not exist.
[30Dec2025 03:03:34.373] [main/INFO] [org.groovymc.gml.internal.locator.ModLocatorInjector/]: Injected ScriptModLocator mod candidates. Found 0 valid mod candidates and 0 broken mod files.
[30Dec2025 03:03:34.374] [main/DEBUG] [net.minecraftforge.fml.loading.LanguageLoadingProvider/CORE]: Found 5 language providers
[30Dec2025 03:03:34.375] [main/DEBUG] [net.minecraftforge.fml.loading.LanguageLoadingProvider/CORE]: Found language provider javafml, version 47
[30Dec2025 03:03:34.376] [main/DEBUG] [net.minecraftforge.fml.loading.LanguageLoadingProvider/CORE]: Found language provider lowcodefml, version 47
[30Dec2025 03:03:34.376] [main/DEBUG] [net.minecraftforge.fml.loading.LanguageLoadingProvider/CORE]: Found language provider minecraft, version 1.0
[30Dec2025 03:03:34.376] [main/DEBUG] [net.minecraftforge.fml.loading.LanguageLoadingProvider/CORE]: Found language provider gml, version 4.0.9
[30Dec2025 03:03:34.376] [main/DEBUG] [net.minecraftforge.fml.loading.LanguageLoadingProvider/CORE]: Found language provider kotlinforforge, version 4.11.0
[30Dec2025 03:03:34.381] [main/DEBUG] [net.minecraftforge.fml.loading.UniqueModListBuilder/]: Found 2 mods for first modid mclib, selecting most recent based on version data
[30Dec2025 03:03:34.381] [main/DEBUG] [net.minecraftforge.fml.loading.UniqueModListBuilder/]: Selected file mclib-20.jar for modid mclib with version 0.0NONE
[30Dec2025 03:03:34.381] [main/DEBUG] [net.minecraftforge.fml.loading.UniqueModListBuilder/]: Found 2 mods for first modid luaj.core, selecting most recent based on version data
[30Dec2025 03:03:34.382] [main/DEBUG] [net.minecraftforge.fml.loading.UniqueModListBuilder/]: Selected file luaj-core-3.0.3.jar for modid luaj.core with version 0.0NONE
[30Dec2025 03:03:34.382] [main/DEBUG] [net.minecraftforge.fml.loading.UniqueModListBuilder/]: Found 2 mods for first modid mixinextras, selecting most recent based on version data
[30Dec2025 03:03:34.385] [main/DEBUG] [net.minecraftforge.fml.loading.UniqueModListBuilder/]: Selected file mixinextras-forge-0.3.6.jar for modid mixinextras with version 0.3.6
[30Dec2025 03:03:34.385] [main/DEBUG] [net.minecraftforge.fml.loading.UniqueModListBuilder/]: Found 2 mods for first modid org.yaml.snakeyaml, selecting most recent based on version data
[30Dec2025 03:03:34.385] [main/DEBUG] [net.minecraftforge.fml.loading.UniqueModListBuilder/]: Selected file snakeyaml-2.2.jar for modid org.yaml.snakeyaml with version 0.0NONE
[30Dec2025 03:03:34.385] [main/DEBUG] [net.minecraftforge.fml.loading.UniqueModListBuilder/]: Found 2 mods for first modid battery, selecting most recent based on version data
[30Dec2025 03:03:34.385] [main/DEBUG] [net.minecraftforge.fml.loading.UniqueModListBuilder/]: Selected file battery-1.3.0.jar for modid battery with version 0.0NONE
[30Dec2025 03:03:34.385] [main/DEBUG] [net.minecraftforge.fml.loading.UniqueModListBuilder/]: Found 2 mods for first modid com.madgag.gif.fmsware, selecting most recent based on version data
[30Dec2025 03:03:34.385] [main/DEBUG] [net.minecraftforge.fml.loading.UniqueModListBuilder/]: Selected file animated-gif-lib-for-java-animated-gif-lib-1.7.jar for modid com.madgag.gif.fmsware with version 0.0NONE
[30Dec2025 03:03:34.386] [main/DEBUG] [net.minecraftforge.fml.loading.UniqueModListBuilder/]: Found 2 mods for first modid luaj.jse, selecting most recent based on version data
[30Dec2025 03:03:34.386] [main/DEBUG] [net.minecraftforge.fml.loading.UniqueModListBuilder/]: Selected file luaj-jse-3.0.3.jar for modid luaj.jse with version 0.0NONE
[30Dec2025 03:03:34.386] [main/DEBUG] [net.minecraftforge.fml.loading.UniqueModListBuilder/]: Found 2 mods for first modid yabn, selecting most recent based on version data
[30Dec2025 03:03:34.386] [main/DEBUG] [net.minecraftforge.fml.loading.UniqueModListBuilder/]: Selected file yabn-1.0.3.jar for modid yabn with version 0.0NONE
[30Dec2025 03:03:34.386] [main/DEBUG] [net.minecraftforge.fml.loading.UniqueModListBuilder/]: Found 2 mods for first modid Reflect, selecting most recent based on version data
[30Dec2025 03:03:34.386] [main/DEBUG] [net.minecraftforge.fml.loading.UniqueModListBuilder/]: Selected file Reflect-1.3.4.jar for modid Reflect with version 0.0NONE
[30Dec2025 03:03:34.386] [main/DEBUG] [net.minecraftforge.fml.loading.UniqueModListBuilder/]: Found 2 mods for first modid commons.math3, selecting most recent based on version data
[30Dec2025 03:03:34.386] [main/DEBUG] [net.minecraftforge.fml.loading.UniqueModListBuilder/]: Selected file commons-math3-3.6.1.jar for modid commons.math3 with version 3.6.1
[30Dec2025 03:03:34.386] [main/DEBUG] [net.minecraftforge.fml.loading.UniqueModListBuilder/]: Found 2 mods for first modid japng, selecting most recent based on version data
[30Dec2025 03:03:34.386] [main/DEBUG] [net.minecraftforge.fml.loading.UniqueModListBuilder/]: Selected file japng-0.5.3.jar for modid japng with version 0.5.3
[30Dec2025 03:03:34.386] [main/DEBUG] [net.minecraftforge.fml.loading.UniqueModListBuilder/]: Found 2 mods for first modid bytecodecs, selecting most recent based on version data
[30Dec2025 03:03:34.386] [main/DEBUG] [net.minecraftforge.fml.loading.UniqueModListBuilder/]: Selected file bytecodecs-1.0.2.jar for modid bytecodecs with version 0.0NONE
[30Dec2025 03:03:34.386] [main/DEBUG] [net.minecraftforge.fml.loading.UniqueModListBuilder/]: Found 2 mods for first modid jankson, selecting most recent based on version data
[30Dec2025 03:03:34.386] [main/DEBUG] [net.minecraftforge.fml.loading.UniqueModListBuilder/]: Selected file jankson-1.2.2.jar for modid jankson with version 0.0NONE
[30Dec2025 03:03:34.387] [main/DEBUG] [net.minecraftforge.fml.loading.UniqueModListBuilder/]: Found 2 mods for first modid MinecraftForgeAPI, selecting most recent based on version data
[30Dec2025 03:03:34.387] [main/DEBUG] [net.minecraftforge.fml.loading.UniqueModListBuilder/]: Selected file MinecraftForgeAPI-1.20.1-1.0.0.jar for modid MinecraftForgeAPI with version 1.0.0
[30Dec2025 03:03:34.387] [main/DEBUG] [net.minecraftforge.fml.loading.UniqueModListBuilder/]: Found 2 mods for first modid thedarkcolour.kotlinforforge.kfflib, selecting most recent based on version data
[30Dec2025 03:03:34.387] [main/DEBUG] [net.minecraftforge.fml.loading.UniqueModListBuilder/]: Selected file kfflib-4.11.0.jar for modid thedarkcolour.kotlinforforge.kfflib with version 4.11.0
[30Dec2025 03:03:34.387] [main/DEBUG] [net.minecraftforge.fml.loading.UniqueModListBuilder/]: Found 2 mods for first modid MixinExtras, selecting most recent based on version data
[30Dec2025 03:03:34.387] [main/DEBUG] [net.minecraftforge.fml.loading.UniqueModListBuilder/]: Selected file MixinExtras-0.4.1.jar for modid MixinExtras with version 0.0NONE
[30Dec2025 03:03:34.389] [main/DEBUG] [net.minecraftforge.fml.loading.ModSorter/]: Configured system mods: [minecraft, forge]
[30Dec2025 03:03:34.389] [main/DEBUG] [net.minecraftforge.fml.loading.ModSorter/]: Found system mod: minecraft
[30Dec2025 03:03:34.389] [main/DEBUG] [net.minecraftforge.fml.loading.ModSorter/]: Found system mod: forge
[30Dec2025 03:03:34.393] [main/DEBUG] [net.minecraftforge.fml.loading.ModSorter/LOADING]: Found 189 mod requirements (177 mandatory, 12 optional)
[30Dec2025 03:03:34.394] [main/DEBUG] [net.minecraftforge.fml.loading.ModSorter/LOADING]: Found 0 mod requirements missing (0 mandatory, 0 optional)
[30Dec2025 03:03:35.179] [main/DEBUG] [cpw.mods.modlauncher.TransformationServicesHandler/MODLAUNCHER]: Transformation services loading transformers
[30Dec2025 03:03:35.179] [main/DEBUG] [cpw.mods.modlauncher.TransformationServiceDecorator/MODLAUNCHER]: Initializing transformers for transformation service mixin
[30Dec2025 03:03:35.180] [main/DEBUG] [cpw.mods.modlauncher.TransformationServiceDecorator/MODLAUNCHER]: Initialized transformers for transformation service mixin
[30Dec2025 03:03:35.180] [main/DEBUG] [cpw.mods.modlauncher.TransformationServiceDecorator/MODLAUNCHER]: Initializing transformers for transformation service fml
[30Dec2025 03:03:35.180] [main/DEBUG] [net.minecraftforge.fml.loading.FMLServiceProvider/CORE]: Loading coremod transformers
[30Dec2025 03:03:35.180] [main/DEBUG] [net.minecraftforge.coremod.CoreModEngine/COREMOD]: Loading CoreMod from coremods/get_ench_level_event.js
[30Dec2025 03:03:35.434] [main/DEBUG] [net.minecraftforge.coremod.CoreModEngine/COREMOD]: CoreMod loaded successfully
[30Dec2025 03:03:35.434] [main/DEBUG] [net.minecraftforge.coremod.CoreModEngine/COREMOD]: Loading CoreMod from coremods/get_ench_level_event_specific.js
[30Dec2025 03:03:35.457] [main/DEBUG] [net.minecraftforge.coremod.CoreModEngine/COREMOD]: CoreMod loaded successfully
[30Dec2025 03:03:35.460] [main/DEBUG] [net.minecraftforge.coremod.CoreModEngine/COREMOD]: Loading CoreMod from asm/dataprovider-set-indent.js
[30Dec2025 03:03:35.514] [main/DEBUG] [net.minecraftforge.coremod.CoreModEngine/COREMOD]: CoreMod loaded successfully
[30Dec2025 03:03:35.517] [main/DEBUG] [net.minecraftforge.coremod.CoreModEngine/COREMOD]: Loading CoreMod from coremods/field_to_method.js
[30Dec2025 03:03:35.562] [main/DEBUG] [net.minecraftforge.coremod.CoreModEngine/COREMOD]: CoreMod loaded successfully
[30Dec2025 03:03:35.562] [main/DEBUG] [net.minecraftforge.coremod.CoreModEngine/COREMOD]: Loading CoreMod from coremods/field_to_instanceof.js
[30Dec2025 03:03:35.664] [main/DEBUG] [net.minecraftforge.coremod.CoreModEngine/COREMOD]: CoreMod loaded successfully
[30Dec2025 03:03:35.664] [main/DEBUG] [net.minecraftforge.coremod.CoreModEngine/COREMOD]: Loading CoreMod from coremods/add_bouncer_method.js
[30Dec2025 03:03:35.716] [main/DEBUG] [net.minecraftforge.coremod.CoreModEngine/COREMOD]: CoreMod loaded successfully
[30Dec2025 03:03:35.720] [main/DEBUG] [net.minecraftforge.coremod.CoreModEngine/COREMOD]: Loading CoreMod from coremods/method_redirector.js
[30Dec2025 03:03:35.878] [main/DEBUG] [net.minecraftforge.coremod.CoreModEngine/COREMOD]: CoreMod loaded successfully
[30Dec2025 03:03:35.895] [main/DEBUG] [cpw.mods.modlauncher.TransformStore/MODLAUNCHER]: Adding transformer net.minecraftforge.coremod.transformer.CoreModClassTransformer@30036a18 to Target : CLASS {Lnet/minecraft/data/DataProvider;} {} {V}
[30Dec2025 03:03:35.895] [main/DEBUG] [cpw.mods.modlauncher.TransformStore/MODLAUNCHER]: Adding transformer net.minecraftforge.coremod.transformer.CoreModClassTransformer@119d4443 to Target : CLASS {Lnet/minecraft/world/level/biome/Biome;} {} {V}
[30Dec2025 03:03:35.896] [main/DEBUG] [cpw.mods.modlauncher.TransformStore/MODLAUNCHER]: Adding transformer net.minecraftforge.coremod.transformer.CoreModClassTransformer@773eca84 to Target : CLASS {Lnet/minecraft/world/level/levelgen/structure/Structure;} {} {V}
[30Dec2025 03:03:35.896] [main/DEBUG] [cpw.mods.modlauncher.TransformStore/MODLAUNCHER]: Adding transformer net.minecraftforge.coremod.transformer.CoreModClassTransformer@7d47dfed to Target : CLASS {Lnet/minecraft/world/effect/MobEffectInstance;} {} {V}
[30Dec2025 03:03:35.899] [main/DEBUG] [cpw.mods.modlauncher.TransformStore/MODLAUNCHER]: Adding transformer net.minecraftforge.coremod.transformer.CoreModClassTransformer@3a38e4dc to Target : CLASS {Lnet/minecraft/world/level/block/LiquidBlock;} {} {V}
[30Dec2025 03:03:35.899] [main/DEBUG] [cpw.mods.modlauncher.TransformStore/MODLAUNCHER]: Adding transformer net.minecraftforge.coremod.transformer.CoreModClassTransformer@41fc0084 to Target : CLASS {Lnet/minecraft/world/item/BucketItem;} {} {V}
[30Dec2025 03:03:35.899] [main/DEBUG] [cpw.mods.modlauncher.TransformStore/MODLAUNCHER]: Adding transformer net.minecraftforge.coremod.transformer.CoreModClassTransformer@401788d5 to Target : CLASS {Lnet/minecraft/world/level/block/StairBlock;} {} {V}
[30Dec2025 03:03:35.899] [main/DEBUG] [cpw.mods.modlauncher.TransformStore/MODLAUNCHER]: Adding transformer net.minecraftforge.coremod.transformer.CoreModClassTransformer@3ec9f8d to Target : CLASS {Lnet/minecraft/world/level/block/FlowerPotBlock;} {} {V}
[30Dec2025 03:03:35.899] [main/DEBUG] [cpw.mods.modlauncher.TransformStore/MODLAUNCHER]: Adding transformer net.minecraftforge.coremod.transformer.CoreModClassTransformer@7e0f9528 to Target : CLASS {Lnet/minecraft/world/item/ItemStack;} {} {V}
[30Dec2025 03:03:35.899] [main/DEBUG] [cpw.mods.modlauncher.TransformStore/MODLAUNCHER]: Adding transformer net.minecraftforge.coremod.transformer.CoreModClassTransformer@5f56424d to Target : CLASS {Lnet/minecraft/network/play/client/CClientSettingsPacket;} {} {V}
[30Dec2025 03:03:35.899] [main/DEBUG] [cpw.mods.modlauncher.TransformStore/MODLAUNCHER]: Adding transformer net.minecraftforge.coremod.transformer.CoreModClassTransformer@237b2852 to Target : CLASS {Lnet/minecraft/world/entity/monster/Evoker$EvokerSummonSpellGoal;} {} {V}
[30Dec2025 03:03:35.900] [main/DEBUG] [cpw.mods.modlauncher.TransformStore/MODLAUNCHER]: Adding transformer net.minecraftforge.coremod.transformer.CoreModClassTransformer@237b2852 to Target : CLASS {Lnet/minecraft/world/entity/npc/Villager;} {} {V}
[30Dec2025 03:03:35.900] [main/DEBUG] [cpw.mods.modlauncher.TransformStore/MODLAUNCHER]: Adding transformer net.minecraftforge.coremod.transformer.CoreModClassTransformer@237b2852 to Target : CLASS {Lnet/minecraft/world/entity/EntityType;} {} {V}
[30Dec2025 03:03:35.900] [main/DEBUG] [cpw.mods.modlauncher.TransformStore/MODLAUNCHER]: Adding transformer net.minecraftforge.coremod.transformer.CoreModClassTransformer@237b2852 to Target : CLASS {Lnet/minecraft/server/commands/SummonCommand;} {} {V}
[30Dec2025 03:03:35.900] [main/DEBUG] [cpw.mods.modlauncher.TransformStore/MODLAUNCHER]: Adding transformer net.minecraftforge.coremod.transformer.CoreModClassTransformer@237b2852 to Target : CLASS {Lnet/minecraft/world/level/levelgen/structure/templatesystem/StructureTemplate;} {} {V}
[30Dec2025 03:03:35.900] [main/DEBUG] [cpw.mods.modlauncher.TransformStore/MODLAUNCHER]: Adding transformer net.minecraftforge.coremod.transformer.CoreModClassTransformer@237b2852 to Target : CLASS {Lnet/minecraft/world/entity/ai/village/VillageSiege;} {} {V}
[30Dec2025 03:03:35.900] [main/DEBUG] [cpw.mods.modlauncher.TransformStore/MODLAUNCHER]: Adding transformer net.minecraftforge.coremod.transformer.CoreModClassTransformer@237b2852 to Target : CLASS {Lnet/minecraft/world/level/levelgen/PatrolSpawner;} {} {V}
[30Dec2025 03:03:35.900] [main/DEBUG] [cpw.mods.modlauncher.TransformStore/MODLAUNCHER]: Adding transformer net.minecraftforge.coremod.transformer.CoreModClassTransformer@237b2852 to Target : CLASS {Lnet/minecraft/world/level/levelgen/structure/structures/OceanRuinPieces$OceanRuinPiece;} {} {V}
[30Dec2025 03:03:35.900] [main/DEBUG] [cpw.mods.modlauncher.TransformStore/MODLAUNCHER]: Adding transformer net.minecraftforge.coremod.transformer.CoreModClassTransformer@237b2852 to Target : CLASS {Lnet/minecraft/world/entity/animal/horse/SkeletonTrapGoal;} {} {V}
[30Dec2025 03:03:35.900] [main/DEBUG] [cpw.mods.modlauncher.TransformStore/MODLAUNCHER]: Adding transformer net.minecraftforge.coremod.transformer.CoreModClassTransformer@237b2852 to Target : CLASS {Lnet/minecraft/world/entity/monster/Zombie;} {} {V}
[30Dec2025 03:03:35.900] [main/DEBUG] [cpw.mods.modlauncher.TransformStore/MODLAUNCHER]: Adding transformer net.minecraftforge.coremod.transformer.CoreModClassTransformer@237b2852 to Target : CLASS {Lnet/minecraft/world/level/levelgen/structure/structures/SwampHutPiece;} {} {V}
[30Dec2025 03:03:35.900] [main/DEBUG] [cpw.mods.modlauncher.TransformStore/MODLAUNCHER]: Adding transformer net.minecraftforge.coremod.transformer.CoreModClassTransformer@237b2852 to Target : CLASS {Lnet/minecraft/world/level/levelgen/structure/structures/WoodlandMansionPieces$WoodlandMansionPiece;} {} {V}
[30Dec2025 03:03:35.900] [main/DEBUG] [cpw.mods.modlauncher.TransformStore/MODLAUNCHER]: Adding transformer net.minecraftforge.coremod.transformer.CoreModClassTransformer@237b2852 to Target : CLASS {Lnet/minecraft/world/entity/raid/Raid;} {} {V}
[30Dec2025 03:03:35.903] [main/DEBUG] [cpw.mods.modlauncher.TransformStore/MODLAUNCHER]: Adding transformer net.minecraftforge.coremod.transformer.CoreModClassTransformer@237b2852 to Target : CLASS {Lnet/minecraft/world/entity/monster/Spider;} {} {V}
[30Dec2025 03:03:35.903] [main/DEBUG] [cpw.mods.modlauncher.TransformStore/MODLAUNCHER]: Adding transformer net.minecraftforge.coremod.transformer.CoreModClassTransformer@237b2852 to Target : CLASS {Lnet/minecraft/world/entity/monster/Strider;} {} {V}
[30Dec2025 03:03:35.903] [main/DEBUG] [cpw.mods.modlauncher.TransformStore/MODLAUNCHER]: Adding transformer net.minecraftforge.coremod.transformer.CoreModClassTransformer@237b2852 to Target : CLASS {Lnet/minecraft/world/entity/npc/CatSpawner;} {} {V}
[30Dec2025 03:03:35.903] [main/DEBUG] [cpw.mods.modlauncher.TransformStore/MODLAUNCHER]: Adding transformer net.minecraftforge.coremod.transformer.CoreModClassTransformer@237b2852 to Target : CLASS {Lnet/minecraft/world/entity/animal/frog/Tadpole;} {} {V}
[30Dec2025 03:03:35.903] [main/DEBUG] [cpw.mods.modlauncher.TransformStore/MODLAUNCHER]: Adding transformer net.minecraftforge.coremod.transformer.CoreModClassTransformer@237b2852 to Target : CLASS {Lnet/minecraft/world/level/levelgen/PhantomSpawner;} {} {V}
[30Dec2025 03:03:35.903] [main/DEBUG] [cpw.mods.modlauncher.TransformStore/MODLAUNCHER]: Adding transformer net.minecraftforge.coremod.transformer.CoreModClassTransformer@237b2852 to Target : CLASS {Lnet/minecraft/world/level/levelgen/structure/structures/OceanMonumentPieces$OceanMonumentPiece;} {} {V}
[30Dec2025 03:03:35.903] [main/DEBUG] [cpw.mods.modlauncher.TransformStore/MODLAUNCHER]: Adding transformer net.minecraftforge.coremod.transformer.CoreModClassTransformer@237b2852 to Target : CLASS {Lnet/minecraft/world/level/NaturalSpawner;} {} {V}
[30Dec2025 03:03:35.903] [main/DEBUG] [cpw.mods.modlauncher.TransformStore/MODLAUNCHER]: Adding transformer net.minecraftforge.coremod.transformer.CoreModClassTransformer@237b2852 to Target : CLASS {Lnet/minecraft/server/commands/RaidCommand;} {} {V}
[30Dec2025 03:03:35.903] [main/DEBUG] [cpw.mods.modlauncher.TransformStore/MODLAUNCHER]: Adding transformer net.minecraftforge.coremod.transformer.CoreModClassTransformer@237b2852 to Target : CLASS {Lnet/minecraft/world/entity/monster/ZombieVillager;} {} {V}
[30Dec2025 03:03:35.904] [main/DEBUG] [cpw.mods.modlauncher.TransformStore/MODLAUNCHER]: Adding transformer net.minecraftforge.coremod.transformer.CoreModMethodTransformer@4628a02b to Target : METHOD {Lnet/minecraftforge/common/extensions/IForgeItemStack;} {getAllEnchantments} {()Ljava/util/Map;}
[30Dec2025 03:03:35.904] [main/DEBUG] [cpw.mods.modlauncher.TransformStore/MODLAUNCHER]: Adding transformer net.minecraftforge.coremod.transformer.CoreModMethodTransformer@2b01c689 to Target : METHOD {Lnet/minecraftforge/common/extensions/IForgeItemStack;} {getEnchantmentLevel} {(Lnet/minecraft/world/item/enchantment/Enchantment;)I}
[30Dec2025 03:03:35.904] [main/DEBUG] [cpw.mods.modlauncher.TransformationServiceDecorator/MODLAUNCHER]: Initialized transformers for transformation service fml
[30Dec2025 03:03:37.013] [pool-2-thread-1/DEBUG] [org.groovymc.gml.internal.GMLLangProvider/]: Found GMod entry-point class org.groovymc.gml.mod.GMLMod for mod gml
[30Dec2025 03:03:37.202] [GML Mappings Thread/INFO] [org.groovymc.gml.mappings.MappingsProvider/]: Loaded runtime mappings in 2823ms
[30Dec2025 03:03:37.203] [GML Mappings Thread/INFO] [org.groovymc.gml.mappings.MappingsProvider/]: Finished runtime mappings setup.
[30Dec2025 03:03:37.211] [pool-2-thread-1/DEBUG] [org.groovymc.gml.internal.GMLLangProvider/]: Found GMod entry-point class org.groovymc.cgl.impl.forge.CGLForge for mod commongroovylibrary
[30Dec2025 03:03:37.524] [main/DEBUG] [mixin/]: Processing prepare() for PlatformAgent[MixinPlatformAgentDefault:ModLauncher Root Container(ModLauncher:4f56a0a2)]
[30Dec2025 03:03:37.524] [main/DEBUG] [mixin/]: Processing launch tasks for PlatformAgent[MixinPlatformAgentDefault:ModLauncher Root Container(ModLauncher:4f56a0a2)]
[30Dec2025 03:03:37.524] [main/DEBUG] [mixin/]: Adding mixin platform agents for container SecureJarResource(auudio)
[30Dec2025 03:03:37.524] [main/DEBUG] [mixin/]: Instancing new MixinPlatformAgentMinecraftForge for SecureJarResource(auudio)
[30Dec2025 03:03:37.525] [main/DEBUG] [mixin/]: MixinPlatformAgentMinecraftForge rejected container SecureJarResource(auudio)
[30Dec2025 03:03:37.525] [main/DEBUG] [mixin/]: Instancing new MixinPlatformAgentDefault for SecureJarResource(auudio)
[30Dec2025 03:03:37.525] [main/DEBUG] [mixin/]: MixinPlatformAgentDefault accepted container SecureJarResource(auudio)
[30Dec2025 03:03:37.525] [main/DEBUG] [mixin/]: Processing prepare() for PlatformAgent[MixinPlatformAgentDefault:SecureJarResource(auudio)]
[30Dec2025 03:03:37.525] [main/DEBUG] [mixin/]: Registering mixin config: auudio.mixin.json
[30Dec2025 03:03:37.539] [main/DEBUG] [mixin/]: Compatibility level JAVA_17 specified by auudio.mixin.json is higher than the maximum level supported by this version of mixin (JAVA_13).
[30Dec2025 03:03:37.543] [main/INFO] [mixin/]: Compatibility level set to JAVA_17
[30Dec2025 03:03:37.544] [main/DEBUG] [mixin/]: Adding mixin platform agents for container SecureJarResource(almanac)
[30Dec2025 03:03:37.544] [main/DEBUG] [mixin/]: Instancing new MixinPlatformAgentMinecraftForge for SecureJarResource(almanac)
[30Dec2025 03:03:37.545] [main/DEBUG] [mixin/]: MixinPlatformAgentMinecraftForge rejected container SecureJarResource(almanac)
[30Dec2025 03:03:37.545] [main/DEBUG] [mixin/]: Instancing new MixinPlatformAgentDefault for SecureJarResource(almanac)
[30Dec2025 03:03:37.545] [main/DEBUG] [mixin/]: MixinPlatformAgentDefault accepted container SecureJarResource(almanac)
[30Dec2025 03:03:37.545] [main/DEBUG] [mixin/]: Processing prepare() for PlatformAgent[MixinPlatformAgentDefault:SecureJarResource(almanac)]
[30Dec2025 03:03:37.545] [main/DEBUG] [mixin/]: Registering mixin config: almanac.mixins.json
[30Dec2025 03:03:37.548] [main/DEBUG] [mixin/]: Adding mixin platform agents for container SecureJarResource(geckolib)
[30Dec2025 03:03:37.548] [main/DEBUG] [mixin/]: Instancing new MixinPlatformAgentMinecraftForge for SecureJarResource(geckolib)
[30Dec2025 03:03:37.548] [main/DEBUG] [mixin/]: MixinPlatformAgentMinecraftForge rejected container SecureJarResource(geckolib)
[30Dec2025 03:03:37.548] [main/DEBUG] [mixin/]: Instancing new MixinPlatformAgentDefault for SecureJarResource(geckolib)
[30Dec2025 03:03:37.548] [main/DEBUG] [mixin/]: MixinPlatformAgentDefault accepted container SecureJarResource(geckolib)
[30Dec2025 03:03:37.548] [main/DEBUG] [mixin/]: Processing prepare() for PlatformAgent[MixinPlatformAgentDefault:SecureJarResource(geckolib)]
[30Dec2025 03:03:37.548] [main/DEBUG] [mixin/]: Registering mixin config: geckolib.mixins.json
[30Dec2025 03:03:37.551] [main/DEBUG] [mixin/]: Adding mixin platform agents for container SecureJarResource(playeranimator)
[30Dec2025 03:03:37.551] [main/DEBUG] [mixin/]: Instancing new MixinPlatformAgentMinecraftForge for SecureJarResource(playeranimator)
[30Dec2025 03:03:37.551] [main/DEBUG] [mixin/]: MixinPlatformAgentMinecraftForge rejected container SecureJarResource(playeranimator)
[30Dec2025 03:03:37.551] [main/DEBUG] [mixin/]: Instancing new MixinPlatformAgentDefault for SecureJarResource(playeranimator)
[30Dec2025 03:03:37.551] [main/DEBUG] [mixin/]: MixinPlatformAgentDefault accepted container SecureJarResource(playeranimator)
[30Dec2025 03:03:37.551] [main/DEBUG] [mixin/]: Processing prepare() for PlatformAgent[MixinPlatformAgentDefault:SecureJarResource(playeranimator)]
[30Dec2025 03:03:37.552] [main/DEBUG] [mixin/]: Registering mixin config: playerAnimator-common.mixins.json
[30Dec2025 03:03:37.558] [main/DEBUG] [mixin/]: Compatibility level JAVA_16 specified by playerAnimator-common.mixins.json is higher than the maximum level supported by this version of mixin (JAVA_13).
[30Dec2025 03:03:37.558] [main/DEBUG] [mixin/]: Adding mixin platform agents for container SecureJarResource(incontrol)
[30Dec2025 03:03:37.558] [main/DEBUG] [mixin/]: Instancing new MixinPlatformAgentMinecraftForge for SecureJarResource(incontrol)
[30Dec2025 03:03:37.558] [main/DEBUG] [mixin/]: MixinPlatformAgentMinecraftForge rejected container SecureJarResource(incontrol)
[30Dec2025 03:03:37.558] [main/DEBUG] [mixin/]: Instancing new MixinPlatformAgentDefault for SecureJarResource(incontrol)
[30Dec2025 03:03:37.558] [main/DEBUG] [mixin/]: MixinPlatformAgentDefault accepted container SecureJarResource(incontrol)
[30Dec2025 03:03:37.558] [main/DEBUG] [mixin/]: Processing prepare() for PlatformAgent[MixinPlatformAgentDefault:SecureJarResource(incontrol)]
[30Dec2025 03:03:37.558] [main/DEBUG] [mixin/]: Adding mixin platform agents for container SecureJarResource(insanelib)
[30Dec2025 03:03:37.560] [main/DEBUG] [mixin/]: Instancing new MixinPlatformAgentMinecraftForge for SecureJarResource(insanelib)
[30Dec2025 03:03:37.560] [main/DEBUG] [mixin/]: MixinPlatformAgentMinecraftForge rejected container SecureJarResource(insanelib)
[30Dec2025 03:03:37.560] [main/DEBUG] [mixin/]: Instancing new MixinPlatformAgentDefault for SecureJarResource(insanelib)
[30Dec2025 03:03:37.560] [main/DEBUG] [mixin/]: MixinPlatformAgentDefault accepted container SecureJarResource(insanelib)
[30Dec2025 03:03:37.560] [main/DEBUG] [mixin/]: Processing prepare() for PlatformAgent[MixinPlatformAgentDefault:SecureJarResource(insanelib)]
[30Dec2025 03:03:37.560] [main/DEBUG] [mixin/]: Registering mixin config: insanelib.mixins.json
[30Dec2025 03:03:37.563] [main/DEBUG] [mixin/]: Compatibility level JAVA_8 specified by insanelib.mixins.json is lower than the default level supported by the current mixin service (JAVA_16).
[30Dec2025 03:03:37.563] [main/DEBUG] [mixin/]: Adding mixin platform agents for container SecureJarResource(configurableextramobdrops)
[30Dec2025 03:03:37.563] [main/DEBUG] [mixin/]: Instancing new MixinPlatformAgentMinecraftForge for SecureJarResource(configurableextramobdrops)
[30Dec2025 03:03:37.563] [main/DEBUG] [mixin/]: MixinPlatformAgentMinecraftForge rejected container SecureJarResource(configurableextramobdrops)
[30Dec2025 03:03:37.563] [main/DEBUG] [mixin/]: Instancing new MixinPlatformAgentDefault for SecureJarResource(configurableextramobdrops)
[30Dec2025 03:03:37.563] [main/DEBUG] [mixin/]: MixinPlatformAgentDefault accepted container SecureJarResource(configurableextramobdrops)
[30Dec2025 03:03:37.563] [main/DEBUG] [mixin/]: Processing prepare() for PlatformAgent[MixinPlatformAgentDefault:SecureJarResource(configurableextramobdrops)]
[30Dec2025 03:03:37.564] [main/DEBUG] [mixin/]: Registering mixin config: configurableextramobdrops_forge.mixins.json
[30Dec2025 03:03:37.566] [main/DEBUG] [mixin/]: Adding mixin platform agents for container SecureJarResource(controlling)
[30Dec2025 03:03:37.566] [main/DEBUG] [mixin/]: Instancing new MixinPlatformAgentMinecraftForge for SecureJarResource(controlling)
[30Dec2025 03:03:37.566] [main/DEBUG] [mixin/]: MixinPlatformAgentMinecraftForge rejected container SecureJarResource(controlling)
[30Dec2025 03:03:37.566] [main/DEBUG] [mixin/]: Instancing new MixinPlatformAgentDefault for SecureJarResource(controlling)
[30Dec2025 03:03:37.566] [main/DEBUG] [mixin/]: MixinPlatformAgentDefault accepted container SecureJarResource(controlling)
[30Dec2025 03:03:37.566] [main/DEBUG] [mixin/]: Processing prepare() for PlatformAgent[MixinPlatformAgentDefault:SecureJarResource(controlling)]
[30Dec2025 03:03:37.566] [main/DEBUG] [mixin/]: Registering mixin config: controlling.mixins.json
[30Dec2025 03:03:37.568] [main/DEBUG] [mixin/]: Registering mixin config: controlling.forge.mixins.json
[30Dec2025 03:03:37.570] [main/DEBUG] [mixin/]: Adding mixin platform agents for container SecureJarResource(placebo)
[30Dec2025 03:03:37.571] [main/DEBUG] [mixin/]: Instancing new MixinPlatformAgentMinecraftForge for SecureJarResource(placebo)
[30Dec2025 03:03:37.571] [main/DEBUG] [mixin/]: MixinPlatformAgentMinecraftForge rejected container SecureJarResource(placebo)
[30Dec2025 03:03:37.571] [main/DEBUG] [mixin/]: Instancing new MixinPlatformAgentDefault for SecureJarResource(placebo)
[30Dec2025 03:03:37.571] [main/DEBUG] [mixin/]: MixinPlatformAgentDefault accepted container SecureJarResource(placebo)
[30Dec2025 03:03:37.571] [main/DEBUG] [mixin/]: Processing prepare() for PlatformAgent[MixinPlatformAgentDefault:SecureJarResource(placebo)]
[30Dec2025 03:03:37.571] [main/DEBUG] [mixin/]: Registering mixin config: placebo.mixins.json
[30Dec2025 03:03:37.574] [main/DEBUG] [mixin/]: Adding mixin platform agents for container SecureJarResource(citadel)
[30Dec2025 03:03:37.574] [main/DEBUG] [mixin/]: Instancing new MixinPlatformAgentMinecraftForge for SecureJarResource(citadel)
[30Dec2025 03:03:37.574] [main/DEBUG] [mixin/]: MixinPlatformAgentMinecraftForge rejected container SecureJarResource(citadel)
[30Dec2025 03:03:37.574] [main/DEBUG] [mixin/]: Instancing new MixinPlatformAgentDefault for SecureJarResource(citadel)
[30Dec2025 03:03:37.574] [main/DEBUG] [mixin/]: MixinPlatformAgentDefault accepted container SecureJarResource(citadel)
[30Dec2025 03:03:37.574] [main/DEBUG] [mixin/]: Processing prepare() for PlatformAgent[MixinPlatformAgentDefault:SecureJarResource(citadel)]
[30Dec2025 03:03:37.575] [main/DEBUG] [mixin/]: Registering mixin config: citadel.mixins.json
[30Dec2025 03:03:37.577] [main/DEBUG] [mixin/]: Adding mixin platform agents for container SecureJarResource(mixinextras)
[30Dec2025 03:03:37.577] [main/DEBUG] [mixin/]: Instancing new MixinPlatformAgentMinecraftForge for SecureJarResource(mixinextras)
[30Dec2025 03:03:37.577] [main/DEBUG] [mixin/]: MixinPlatformAgentMinecraftForge rejected container SecureJarResource(mixinextras)
[30Dec2025 03:03:37.577] [main/DEBUG] [mixin/]: Instancing new MixinPlatformAgentDefault for SecureJarResource(mixinextras)
[30Dec2025 03:03:37.577] [main/DEBUG] [mixin/]: MixinPlatformAgentDefault accepted container SecureJarResource(mixinextras)
[30Dec2025 03:03:37.577] [main/DEBUG] [mixin/]: Processing prepare() for PlatformAgent[MixinPlatformAgentDefault:SecureJarResource(mixinextras)]
[30Dec2025 03:03:37.577] [main/DEBUG] [mixin/]: Registering mixin config: mixinextras.init.mixins.json
[30Dec2025 03:03:37.579] [main/DEBUG] [mixin/]: Adding mixin platform agents for container SecureJarResource(bookshelf)
[30Dec2025 03:03:37.580] [main/DEBUG] [mixin/]: Instancing new MixinPlatformAgentMinecraftForge for SecureJarResource(bookshelf)
[30Dec2025 03:03:37.580] [main/DEBUG] [mixin/]: MixinPlatformAgentMinecraftForge rejected container SecureJarResource(bookshelf)
[30Dec2025 03:03:37.580] [main/DEBUG] [mixin/]: Instancing new MixinPlatformAgentDefault for SecureJarResource(bookshelf)
[30Dec2025 03:03:37.580] [main/DEBUG] [mixin/]: MixinPlatformAgentDefault accepted container SecureJarResource(bookshelf)
[30Dec2025 03:03:37.580] [main/DEBUG] [mixin/]: Processing prepare() for PlatformAgent[MixinPlatformAgentDefault:SecureJarResource(bookshelf)]
[30Dec2025 03:03:37.580] [main/DEBUG] [mixin/]: Registering mixin config: bookshelf.common.mixins.json
[30Dec2025 03:03:37.583] [main/DEBUG] [mixin/]: Registering mixin config: bookshelf.forge.mixins.json
[30Dec2025 03:03:37.585] [main/DEBUG] [mixin/]: Adding mixin platform agents for container SecureJarResource(uteamcore)
[30Dec2025 03:03:37.585] [main/DEBUG] [mixin/]: Instancing new MixinPlatformAgentMinecraftForge for SecureJarResource(uteamcore)
[30Dec2025 03:03:37.585] [main/DEBUG] [mixin/]: MixinPlatformAgentMinecraftForge rejected container SecureJarResource(uteamcore)
[30Dec2025 03:03:37.585] [main/DEBUG] [mixin/]: Instancing new MixinPlatformAgentDefault for SecureJarResource(uteamcore)
[30Dec2025 03:03:37.586] [main/DEBUG] [mixin/]: MixinPlatformAgentDefault accepted container SecureJarResource(uteamcore)
[30Dec2025 03:03:37.586] [main/DEBUG] [mixin/]: Processing prepare() for PlatformAgent[MixinPlatformAgentDefault:SecureJarResource(uteamcore)]
[30Dec2025 03:03:37.586] [main/DEBUG] [mixin/]: Registering mixin config: uteamcore.mixins.json
[30Dec2025 03:03:37.588] [main/DEBUG] [mixin/]: Adding mixin platform agents for container SecureJarResource(melody)
[30Dec2025 03:03:37.588] [main/DEBUG] [mixin/]: Instancing new MixinPlatformAgentMinecraftForge for SecureJarResource(melody)
[30Dec2025 03:03:37.588] [main/DEBUG] [mixin/]: MixinPlatformAgentMinecraftForge rejected container SecureJarResource(melody)
[30Dec2025 03:03:37.588] [main/DEBUG] [mixin/]: Instancing new MixinPlatformAgentDefault for SecureJarResource(melody)
[30Dec2025 03:03:37.589] [main/DEBUG] [mixin/]: MixinPlatformAgentDefault accepted container SecureJarResource(melody)
[30Dec2025 03:03:37.589] [main/DEBUG] [mixin/]: Processing prepare() for PlatformAgent[MixinPlatformAgentDefault:SecureJarResource(melody)]
[30Dec2025 03:03:37.589] [main/DEBUG] [mixin/]: Registering mixin config: melody.mixins.json
[30Dec2025 03:03:37.591] [main/DEBUG] [mixin/]: Registering mixin config: melody.forge.mixins.json
[30Dec2025 03:03:37.593] [main/DEBUG] [mixin/]: Adding mixin platform agents for container SecureJarResource(jeresources)
[30Dec2025 03:03:37.593] [main/DEBUG] [mixin/]: Instancing new MixinPlatformAgentMinecraftForge for SecureJarResource(jeresources)
[30Dec2025 03:03:37.593] [main/DEBUG] [mixin/]: MixinPlatformAgentMinecraftForge rejected container SecureJarResource(jeresources)
[30Dec2025 03:03:37.593] [main/DEBUG] [mixin/]: Instancing new MixinPlatformAgentDefault for SecureJarResource(jeresources)
[30Dec2025 03:03:37.594] [main/DEBUG] [mixin/]: MixinPlatformAgentDefault accepted container SecureJarResource(jeresources)
[30Dec2025 03:03:37.594] [main/DEBUG] [mixin/]: Processing prepare() for PlatformAgent[MixinPlatformAgentDefault:SecureJarResource(jeresources)]
[30Dec2025 03:03:37.594] [main/DEBUG] [mixin/]: Adding mixin platform agents for container SecureJarResource(cloth_config)
[30Dec2025 03:03:37.594] [main/DEBUG] [mixin/]: Instancing new MixinPlatformAgentMinecraftForge for SecureJarResource(cloth_config)
[30Dec2025 03:03:37.594] [main/DEBUG] [mixin/]: MixinPlatformAgentMinecraftForge rejected container SecureJarResource(cloth_config)
[30Dec2025 03:03:37.594] [main/DEBUG] [mixin/]: Instancing new MixinPlatformAgentDefault for SecureJarResource(cloth_config)
[30Dec2025 03:03:37.594] [main/DEBUG] [mixin/]: MixinPlatformAgentDefault accepted container SecureJarResource(cloth_config)
[30Dec2025 03:03:37.594] [main/DEBUG] [mixin/]: Processing prepare() for PlatformAgent[MixinPlatformAgentDefault:SecureJarResource(cloth_config)]
[30Dec2025 03:03:37.595] [main/DEBUG] [mixin/]: Adding mixin platform agents for container SecureJarResource(konkrete)
[30Dec2025 03:03:37.595] [main/DEBUG] [mixin/]: Instancing new MixinPlatformAgentMinecraftForge for SecureJarResource(konkrete)
[30Dec2025 03:03:37.595] [main/DEBUG] [mixin/]: MixinPlatformAgentMinecraftForge rejected container SecureJarResource(konkrete)
[30Dec2025 03:03:37.595] [main/DEBUG] [mixin/]: Instancing new MixinPlatformAgentDefault for SecureJarResource(konkrete)
[30Dec2025 03:03:37.595] [main/DEBUG] [mixin/]: MixinPlatformAgentDefault accepted container SecureJarResource(konkrete)
[30Dec2025 03:03:37.595] [main/DEBUG] [mixin/]: Processing prepare() for PlatformAgent[MixinPlatformAgentDefault:SecureJarResource(konkrete)]
[30Dec2025 03:03:37.595] [main/DEBUG] [mixin/]: Registering mixin config: konkrete.mixin.json
[30Dec2025 03:03:37.597] [main/DEBUG] [mixin/]: Adding mixin platform agents for container SecureJarResource(embeddium)
[30Dec2025 03:03:37.598] [main/DEBUG] [mixin/]: Instancing new MixinPlatformAgentMinecraftForge for SecureJarResource(embeddium)
[30Dec2025 03:03:37.598] [main/DEBUG] [mixin/]: MixinPlatformAgentMinecraftForge rejected container SecureJarResource(embeddium)
[30Dec2025 03:03:37.598] [main/DEBUG] [mixin/]: Instancing new MixinPlatformAgentDefault for SecureJarResource(embeddium)
[30Dec2025 03:03:37.598] [main/DEBUG] [mixin/]: MixinPlatformAgentDefault accepted container SecureJarResource(embeddium)
[30Dec2025 03:03:37.598] [main/DEBUG] [mixin/]: Processing prepare() for PlatformAgent[MixinPlatformAgentDefault:SecureJarResource(embeddium)]
[30Dec2025 03:03:37.598] [main/DEBUG] [mixin/]: Registering mixin config: embeddium.mixins.json
[30Dec2025 03:03:37.600] [main/DEBUG] [mixin/]: Adding mixin platform agents for container SecureJarResource(athena)
[30Dec2025 03:03:37.601] [main/DEBUG] [mixin/]: Instancing new MixinPlatformAgentMinecraftForge for SecureJarResource(athena)
[30Dec2025 03:03:37.601] [main/DEBUG] [mixin/]: MixinPlatformAgentMinecraftForge rejected container SecureJarResource(athena)
[30Dec2025 03:03:37.601] [main/DEBUG] [mixin/]: Instancing new MixinPlatformAgentDefault for SecureJarResource(athena)
[30Dec2025 03:03:37.601] [main/DEBUG] [mixin/]: MixinPlatformAgentDefault accepted container SecureJarResource(athena)
[30Dec2025 03:03:37.601] [main/DEBUG] [mixin/]: Processing prepare() for PlatformAgent[MixinPlatformAgentDefault:SecureJarResource(athena)]
[30Dec2025 03:03:37.601] [main/DEBUG] [mixin/]: Registering mixin config: athena.mixins.json
[30Dec2025 03:03:37.603] [main/DEBUG] [mixin/]: Registering mixin config: athena-forge.mixins.json
[30Dec2025 03:03:37.606] [main/DEBUG] [mixin/]: Adding mixin platform agents for container SecureJarResource(structure_gel)
[30Dec2025 03:03:37.606] [main/DEBUG] [mixin/]: Instancing new MixinPlatformAgentMinecraftForge for SecureJarResource(structure_gel)
[30Dec2025 03:03:37.606] [main/DEBUG] [mixin/]: MixinPlatformAgentMinecraftForge rejected container SecureJarResource(structure_gel)
[30Dec2025 03:03:37.606] [main/DEBUG] [mixin/]: Instancing new MixinPlatformAgentDefault for SecureJarResource(structure_gel)
[30Dec2025 03:03:37.606] [main/DEBUG] [mixin/]: MixinPlatformAgentDefault accepted container SecureJarResource(structure_gel)
[30Dec2025 03:03:37.606] [main/DEBUG] [mixin/]: Processing prepare() for PlatformAgent[MixinPlatformAgentDefault:SecureJarResource(structure_gel)]
[30Dec2025 03:03:37.606] [main/DEBUG] [mixin/]: Registering mixin config: structure_gel.mixins.json
[30Dec2025 03:03:37.608] [main/DEBUG] [mixin/]: Adding mixin platform agents for container SecureJarResource(corpse)
[30Dec2025 03:03:37.608] [main/DEBUG] [mixin/]: Instancing new MixinPlatformAgentMinecraftForge for SecureJarResource(corpse)
[30Dec2025 03:03:37.608] [main/DEBUG] [mixin/]: MixinPlatformAgentMinecraftForge rejected container SecureJarResource(corpse)
[30Dec2025 03:03:37.609] [main/DEBUG] [mixin/]: Instancing new MixinPlatformAgentDefault for SecureJarResource(corpse)
[30Dec2025 03:03:37.609] [main/DEBUG] [mixin/]: MixinPlatformAgentDefault accepted container SecureJarResource(corpse)
[30Dec2025 03:03:37.609] [main/DEBUG] [mixin/]: Processing prepare() for PlatformAgent[MixinPlatformAgentDefault:SecureJarResource(corpse)]
[30Dec2025 03:03:37.609] [main/DEBUG] [mixin/]: Adding mixin platform agents for container SecureJarResource(tenshilib)
[30Dec2025 03:03:37.609] [main/DEBUG] [mixin/]: Instancing new MixinPlatformAgentMinecraftForge for SecureJarResource(tenshilib)
[30Dec2025 03:03:37.609] [main/DEBUG] [mixin/]: MixinPlatformAgentMinecraftForge rejected container SecureJarResource(tenshilib)
[30Dec2025 03:03:37.609] [main/DEBUG] [mixin/]: Instancing new MixinPlatformAgentDefault for SecureJarResource(tenshilib)
[30Dec2025 03:03:37.609] [main/DEBUG] [mixin/]: MixinPlatformAgentDefault accepted container SecureJarResource(tenshilib)
[30Dec2025 03:03:37.610] [main/DEBUG] [mixin/]: Processing prepare() for PlatformAgent[MixinPlatformAgentDefault:SecureJarResource(tenshilib)]
[30Dec2025 03:03:37.610] [main/DEBUG] [mixin/]: Registering mixin config: tenshilib.mixins.json
[30Dec2025 03:03:37.612] [main/DEBUG] [mixin/]: Compatibility level JAVA_16 specified by tenshilib.mixins.json is higher than the maximum level supported by this version of mixin (JAVA_13).
[30Dec2025 03:03:37.613] [main/DEBUG] [mixin/]: Adding mixin platform agents for container SecureJarResource(gml)
[30Dec2025 03:03:37.613] [main/DEBUG] [mixin/]: Instancing new MixinPlatformAgentMinecraftForge for SecureJarResource(gml)
[30Dec2025 03:03:37.613] [main/DEBUG] [mixin/]: MixinPlatformAgentMinecraftForge rejected container SecureJarResource(gml)
[30Dec2025 03:03:37.613] [main/DEBUG] [mixin/]: Instancing new MixinPlatformAgentDefault for SecureJarResource(gml)
[30Dec2025 03:03:37.613] [main/DEBUG] [mixin/]: MixinPlatformAgentDefault accepted container SecureJarResource(gml)
[30Dec2025 03:03:37.613] [main/DEBUG] [mixin/]: Processing prepare() for PlatformAgent[MixinPlatformAgentDefault:SecureJarResource(gml)]
[30Dec2025 03:03:37.613] [main/DEBUG] [mixin/]: Adding mixin platform agents for container SecureJarResource(dimension_access_manager)
[30Dec2025 03:03:37.613] [main/DEBUG] [mixin/]: Instancing new MixinPlatformAgentMinecraftForge for SecureJarResource(dimension_access_manager)
[30Dec2025 03:03:37.613] [main/DEBUG] [mixin/]: MixinPlatformAgentMinecraftForge rejected container SecureJarResource(dimension_access_manager)
[30Dec2025 03:03:37.614] [main/DEBUG] [mixin/]: Instancing new MixinPlatformAgentDefault for SecureJarResource(dimension_access_manager)
[30Dec2025 03:03:37.614] [main/DEBUG] [mixin/]: MixinPlatformAgentDefault accepted container SecureJarResource(dimension_access_manager)
[30Dec2025 03:03:37.614] [main/DEBUG] [mixin/]: Processing prepare() for PlatformAgent[MixinPlatformAgentDefault:SecureJarResource(dimension_access_manager)]
[30Dec2025 03:03:37.614] [main/DEBUG] [mixin/]: Adding mixin platform agents for container SecureJarResource(overworld_netherite_ore)
[30Dec2025 03:03:37.614] [main/DEBUG] [mixin/]: Instancing new MixinPlatformAgentMinecraftForge for SecureJarResource(overworld_netherite_ore)
[30Dec2025 03:03:37.614] [main/DEBUG] [mixin/]: MixinPlatformAgentMinecraftForge rejected container SecureJarResource(overworld_netherite_ore)
[30Dec2025 03:03:37.614] [main/DEBUG] [mixin/]: Instancing new MixinPlatformAgentDefault for SecureJarResource(overworld_netherite_ore)
[30Dec2025 03:03:37.614] [main/DEBUG] [mixin/]: MixinPlatformAgentDefault accepted container SecureJarResource(overworld_netherite_ore)
[30Dec2025 03:03:37.614] [main/DEBUG] [mixin/]: Processing prepare() for PlatformAgent[MixinPlatformAgentDefault:SecureJarResource(overworld_netherite_ore)]
[30Dec2025 03:03:37.615] [main/DEBUG] [mixin/]: Adding mixin platform agents for container SecureJarResource(curios)
[30Dec2025 03:03:37.615] [main/DEBUG] [mixin/]: Instancing new MixinPlatformAgentMinecraftForge for SecureJarResource(curios)
[30Dec2025 03:03:37.615] [main/DEBUG] [mixin/]: MixinPlatformAgentMinecraftForge rejected container SecureJarResource(curios)
[30Dec2025 03:03:37.615] [main/DEBUG] [mixin/]: Instancing new MixinPlatformAgentDefault for SecureJarResource(curios)
[30Dec2025 03:03:37.615] [main/DEBUG] [mixin/]: MixinPlatformAgentDefault accepted container SecureJarResource(curios)
[30Dec2025 03:03:37.615] [main/DEBUG] [mixin/]: Processing prepare() for PlatformAgent[MixinPlatformAgentDefault:SecureJarResource(curios)]
[30Dec2025 03:03:37.615] [main/DEBUG] [mixin/]: Registering mixin config: curios.mixins.json
[30Dec2025 03:03:37.617] [main/DEBUG] [mixin/]: Adding mixin platform agents for container SecureJarResource(patchouli)
[30Dec2025 03:03:37.617] [main/DEBUG] [mixin/]: Instancing new MixinPlatformAgentMinecraftForge for SecureJarResource(patchouli)
[30Dec2025 03:03:37.617] [main/DEBUG] [mixin/]: MixinPlatformAgentMinecraftForge rejected container SecureJarResource(patchouli)
[30Dec2025 03:03:37.618] [main/DEBUG] [mixin/]: Instancing new MixinPlatformAgentDefault for SecureJarResource(patchouli)
[30Dec2025 03:03:37.618] [main/DEBUG] [mixin/]: MixinPlatformAgentDefault accepted container SecureJarResource(patchouli)
[30Dec2025 03:03:37.618] [main/DEBUG] [mixin/]: Processing prepare() for PlatformAgent[MixinPlatformAgentDefault:SecureJarResource(patchouli)]
[30Dec2025 03:03:37.618] [main/DEBUG] [mixin/]: Registering mixin config: patchouli_xplat.mixins.json
[30Dec2025 03:03:37.620] [main/DEBUG] [mixin/]: Adding mixin platform agents for container SecureJarResource(itemblacklist)
[30Dec2025 03:03:37.620] [main/DEBUG] [mixin/]: Instancing new MixinPlatformAgentMinecraftForge for SecureJarResource(itemblacklist)
[30Dec2025 03:03:37.621] [main/DEBUG] [mixin/]: MixinPlatformAgentMinecraftForge rejected container SecureJarResource(itemblacklist)
[30Dec2025 03:03:37.621] [main/DEBUG] [mixin/]: Instancing new MixinPlatformAgentDefault for SecureJarResource(itemblacklist)
[30Dec2025 03:03:37.621] [main/DEBUG] [mixin/]: MixinPlatformAgentDefault accepted container SecureJarResource(itemblacklist)
[30Dec2025 03:03:37.621] [main/DEBUG] [mixin/]: Processing prepare() for PlatformAgent[MixinPlatformAgentDefault:SecureJarResource(itemblacklist)]
[30Dec2025 03:03:37.621] [main/DEBUG] [mixin/]: Registering mixin config: itemblacklist.mixins.json
[30Dec2025 03:03:37.623] [main/DEBUG] [mixin/]: Adding mixin platform agents for container SecureJarResource(collective)
[30Dec2025 03:03:37.623] [main/DEBUG] [mixin/]: Instancing new MixinPlatformAgentMinecraftForge for SecureJarResource(collective)
[30Dec2025 03:03:37.623] [main/DEBUG] [mixin/]: MixinPlatformAgentMinecraftForge rejected container SecureJarResource(collective)
[30Dec2025 03:03:37.623] [main/DEBUG] [mixin/]: Instancing new MixinPlatformAgentDefault for SecureJarResource(collective)
[30Dec2025 03:03:37.624] [main/DEBUG] [mixin/]: MixinPlatformAgentDefault accepted container SecureJarResource(collective)
[30Dec2025 03:03:37.624] [main/DEBUG] [mixin/]: Processing prepare() for PlatformAgent[MixinPlatformAgentDefault:SecureJarResource(collective)]
[30Dec2025 03:03:37.624] [main/DEBUG] [mixin/]: Registering mixin config: collective_forge.mixins.json
[30Dec2025 03:03:37.626] [main/DEBUG] [mixin/]: Adding mixin platform agents for container SecureJarResource(commongroovylibrary)
[30Dec2025 03:03:37.626] [main/DEBUG] [mixin/]: Instancing new MixinPlatformAgentMinecraftForge for SecureJarResource(commongroovylibrary)
[30Dec2025 03:03:37.627] [main/DEBUG] [mixin/]: MixinPlatformAgentMinecraftForge rejected container SecureJarResource(commongroovylibrary)
[30Dec2025 03:03:37.627] [main/DEBUG] [mixin/]: Instancing new MixinPlatformAgentDefault for SecureJarResource(commongroovylibrary)
[30Dec2025 03:03:37.627] [main/DEBUG] [mixin/]: MixinPlatformAgentDefault accepted container SecureJarResource(commongroovylibrary)
[30Dec2025 03:03:37.627] [main/DEBUG] [mixin/]: Processing prepare() for PlatformAgent[MixinPlatformAgentDefault:SecureJarResource(commongroovylibrary)]
[30Dec2025 03:03:37.627] [main/DEBUG] [mixin/]: Adding mixin platform agents for container SecureJarResource(searchables)
[30Dec2025 03:03:37.627] [main/DEBUG] [mixin/]: Instancing new MixinPlatformAgentMinecraftForge for SecureJarResource(searchables)
[30Dec2025 03:03:37.627] [main/DEBUG] [mixin/]: MixinPlatformAgentMinecraftForge rejected container SecureJarResource(searchables)
[30Dec2025 03:03:37.628] [main/DEBUG] [mixin/]: Instancing new MixinPlatformAgentDefault for SecureJarResource(searchables)
[30Dec2025 03:03:37.628] [main/DEBUG] [mixin/]: MixinPlatformAgentDefault accepted container SecureJarResource(searchables)
[30Dec2025 03:03:37.628] [main/DEBUG] [mixin/]: Processing prepare() for PlatformAgent[MixinPlatformAgentDefault:SecureJarResource(searchables)]
[30Dec2025 03:03:37.628] [main/DEBUG] [mixin/]: Registering mixin config: searchables.mixins.json
[30Dec2025 03:03:37.630] [main/DEBUG] [mixin/]: Registering mixin config: searchables.forge.mixins.json
[30Dec2025 03:03:37.632] [main/DEBUG] [mixin/]: Adding mixin platform agents for container SecureJarResource(noisium)
[30Dec2025 03:03:37.632] [main/DEBUG] [mixin/]: Instancing new MixinPlatformAgentMinecraftForge for SecureJarResource(noisium)
[30Dec2025 03:03:37.632] [main/DEBUG] [mixin/]: MixinPlatformAgentMinecraftForge rejected container SecureJarResource(noisium)
[30Dec2025 03:03:37.632] [main/DEBUG] [mixin/]: Instancing new MixinPlatformAgentDefault for SecureJarResource(noisium)
[30Dec2025 03:03:37.632] [main/DEBUG] [mixin/]: MixinPlatformAgentDefault accepted container SecureJarResource(noisium)
[30Dec2025 03:03:37.632] [main/DEBUG] [mixin/]: Processing prepare() for PlatformAgent[MixinPlatformAgentDefault:SecureJarResource(noisium)]
[30Dec2025 03:03:37.632] [main/DEBUG] [mixin/]: Registering mixin config: noisium-common.mixins.json
[30Dec2025 03:03:37.634] [main/DEBUG] [mixin/]: Adding mixin platform agents for container SecureJarResource(lostcities)
[30Dec2025 03:03:37.635] [main/DEBUG] [mixin/]: Instancing new MixinPlatformAgentMinecraftForge for SecureJarResource(lostcities)
[30Dec2025 03:03:37.635] [main/DEBUG] [mixin/]: MixinPlatformAgentMinecraftForge rejected container SecureJarResource(lostcities)
[30Dec2025 03:03:37.635] [main/DEBUG] [mixin/]: Instancing new MixinPlatformAgentDefault for SecureJarResource(lostcities)
[30Dec2025 03:03:37.635] [main/DEBUG] [mixin/]: MixinPlatformAgentDefault accepted container SecureJarResource(lostcities)
[30Dec2025 03:03:37.635] [main/DEBUG] [mixin/]: Processing prepare() for PlatformAgent[MixinPlatformAgentDefault:SecureJarResource(lostcities)]
[30Dec2025 03:03:37.635] [main/DEBUG] [mixin/]: Adding mixin platform agents for container SecureJarResource(pointblank)
[30Dec2025 03:03:37.635] [main/DEBUG] [mixin/]: Instancing new MixinPlatformAgentMinecraftForge for SecureJarResource(pointblank)
[30Dec2025 03:03:37.635] [main/DEBUG] [mixin/]: MixinPlatformAgentMinecraftForge rejected container SecureJarResource(pointblank)
[30Dec2025 03:03:37.636] [main/DEBUG] [mixin/]: Instancing new MixinPlatformAgentDefault for SecureJarResource(pointblank)
[30Dec2025 03:03:37.636] [main/DEBUG] [mixin/]: MixinPlatformAgentDefault accepted container SecureJarResource(pointblank)
[30Dec2025 03:03:37.636] [main/DEBUG] [mixin/]: Processing prepare() for PlatformAgent[MixinPlatformAgentDefault:SecureJarResource(pointblank)]
[30Dec2025 03:03:37.636] [main/DEBUG] [mixin/]: Registering mixin config: pointblank.mixins.json
[30Dec2025 03:03:37.638] [main/DEBUG] [mixin/]: Registering mixin config: pointblank.mixins.compat.iris.json
[30Dec2025 03:03:37.640] [main/DEBUG] [mixin/]: Registering mixin config: pointblank.mixins.compat.iris16.json
[30Dec2025 03:03:37.642] [main/DEBUG] [mixin/]: Adding mixin platform agents for container SecureJarResource(resourcefullib)
[30Dec2025 03:03:37.642] [main/DEBUG] [mixin/]: Instancing new MixinPlatformAgentMinecraftForge for SecureJarResource(resourcefullib)
[30Dec2025 03:03:37.642] [main/DEBUG] [mixin/]: MixinPlatformAgentMinecraftForge rejected container SecureJarResource(resourcefullib)
[30Dec2025 03:03:37.642] [main/DEBUG] [mixin/]: Instancing new MixinPlatformAgentDefault for SecureJarResource(resourcefullib)
[30Dec2025 03:03:37.642] [main/DEBUG] [mixin/]: MixinPlatformAgentDefault accepted container SecureJarResource(resourcefullib)
[30Dec2025 03:03:37.642] [main/DEBUG] [mixin/]: Processing prepare() for PlatformAgent[MixinPlatformAgentDefault:SecureJarResource(resourcefullib)]
[30Dec2025 03:03:37.643] [main/DEBUG] [mixin/]: Adding mixin platform agents for container SecureJarResource(atlaslib)
[30Dec2025 03:03:37.643] [main/DEBUG] [mixin/]: Instancing new MixinPlatformAgentMinecraftForge for SecureJarResource(atlaslib)
[30Dec2025 03:03:37.643] [main/DEBUG] [mixin/]: MixinPlatformAgentMinecraftForge rejected container SecureJarResource(atlaslib)
[30Dec2025 03:03:37.643] [main/DEBUG] [mixin/]: Instancing new MixinPlatformAgentDefault for SecureJarResource(atlaslib)
[30Dec2025 03:03:37.643] [main/DEBUG] [mixin/]: MixinPlatformAgentDefault accepted container SecureJarResource(atlaslib)
[30Dec2025 03:03:37.643] [main/DEBUG] [mixin/]: Processing prepare() for PlatformAgent[MixinPlatformAgentDefault:SecureJarResource(atlaslib)]
[30Dec2025 03:03:37.643] [main/DEBUG] [mixin/]: Adding mixin platform agents for container SecureJarResource(starterkit)
[30Dec2025 03:03:37.643] [main/DEBUG] [mixin/]: Instancing new MixinPlatformAgentMinecraftForge for SecureJarResource(starterkit)
[30Dec2025 03:03:37.644] [main/DEBUG] [mixin/]: MixinPlatformAgentMinecraftForge rejected container SecureJarResource(starterkit)
[30Dec2025 03:03:37.644] [main/DEBUG] [mixin/]: Instancing new MixinPlatformAgentDefault for SecureJarResource(starterkit)
[30Dec2025 03:03:37.644] [main/DEBUG] [mixin/]: MixinPlatformAgentDefault accepted container SecureJarResource(starterkit)
[30Dec2025 03:03:37.644] [main/DEBUG] [mixin/]: Processing prepare() for PlatformAgent[MixinPlatformAgentDefault:SecureJarResource(starterkit)]
[30Dec2025 03:03:37.644] [main/DEBUG] [mixin/]: Registering mixin config: starterkit_forge.mixins.json
[30Dec2025 03:03:37.646] [main/DEBUG] [mixin/]: Adding mixin platform agents for container SecureJarResource(scalingmobs)
[30Dec2025 03:03:37.646] [main/DEBUG] [mixin/]: Instancing new MixinPlatformAgentMinecraftForge for SecureJarResource(scalingmobs)
[30Dec2025 03:03:37.646] [main/DEBUG] [mixin/]: MixinPlatformAgentMinecraftForge rejected container SecureJarResource(scalingmobs)
[30Dec2025 03:03:37.646] [main/DEBUG] [mixin/]: Instancing new MixinPlatformAgentDefault for SecureJarResource(scalingmobs)
[30Dec2025 03:03:37.646] [main/DEBUG] [mixin/]: MixinPlatformAgentDefault accepted container SecureJarResource(scalingmobs)
[30Dec2025 03:03:37.646] [main/DEBUG] [mixin/]: Processing prepare() for PlatformAgent[MixinPlatformAgentDefault:SecureJarResource(scalingmobs)]
[30Dec2025 03:03:37.647] [main/DEBUG] [mixin/]: Registering mixin config: scaling_mobs.mixin.json
[30Dec2025 03:03:37.648] [main/DEBUG] [mixin/]: Compatibility level JAVA_8 specified by scaling_mobs.mixin.json is lower than the default level supported by the current mixin service (JAVA_16).
[30Dec2025 03:03:37.649] [main/ERROR] [mixin/]: Mixin config scaling_mobs.mixin.json does not specify "minVersion" property
[30Dec2025 03:03:37.649] [main/DEBUG] [mixin/]: Adding mixin platform agents for container SecureJarResource(architectury)
[30Dec2025 03:03:37.649] [main/DEBUG] [mixin/]: Instancing new MixinPlatformAgentMinecraftForge for SecureJarResource(architectury)
[30Dec2025 03:03:37.649] [main/DEBUG] [mixin/]: MixinPlatformAgentMinecraftForge rejected container SecureJarResource(architectury)
[30Dec2025 03:03:37.650] [main/DEBUG] [mixin/]: Instancing new MixinPlatformAgentDefault for SecureJarResource(architectury)
[30Dec2025 03:03:37.650] [main/DEBUG] [mixin/]: MixinPlatformAgentDefault accepted container SecureJarResource(architectury)
[30Dec2025 03:03:37.650] [main/DEBUG] [mixin/]: Processing prepare() for PlatformAgent[MixinPlatformAgentDefault:SecureJarResource(architectury)]
[30Dec2025 03:03:37.650] [main/DEBUG] [mixin/]: Registering mixin config: architectury.mixins.json
[30Dec2025 03:03:37.652] [main/DEBUG] [mixin/]: Compatibility level JAVA_16 specified by architectury.mixins.json is higher than the maximum level supported by this version of mixin (JAVA_13).
[30Dec2025 03:03:37.652] [main/DEBUG] [mixin/]: Registering mixin config: architectury-common.mixins.json
[30Dec2025 03:03:37.654] [main/DEBUG] [mixin/]: Compatibility level JAVA_16 specified by architectury-common.mixins.json is higher than the maximum level supported by this version of mixin (JAVA_13).
[30Dec2025 03:03:37.654] [main/DEBUG] [mixin/]: Adding mixin platform agents for container SecureJarResource(nerb)
[30Dec2025 03:03:37.654] [main/DEBUG] [mixin/]: Instancing new MixinPlatformAgentMinecraftForge for SecureJarResource(nerb)
[30Dec2025 03:03:37.655] [main/DEBUG] [mixin/]: MixinPlatformAgentMinecraftForge rejected container SecureJarResource(nerb)
[30Dec2025 03:03:37.655] [main/DEBUG] [mixin/]: Instancing new MixinPlatformAgentDefault for SecureJarResource(nerb)
[30Dec2025 03:03:37.655] [main/DEBUG] [mixin/]: MixinPlatformAgentDefault accepted container SecureJarResource(nerb)
[30Dec2025 03:03:37.655] [main/DEBUG] [mixin/]: Processing prepare() for PlatformAgent[MixinPlatformAgentDefault:SecureJarResource(nerb)]
[30Dec2025 03:03:37.655] [main/DEBUG] [mixin/]: Registering mixin config: nerb-common.mixins.json
[30Dec2025 03:03:37.657] [main/DEBUG] [mixin/]: Adding mixin platform agents for container SecureJarResource(pandalib)
[30Dec2025 03:03:37.657] [main/DEBUG] [mixin/]: Instancing new MixinPlatformAgentMinecraftForge for SecureJarResource(pandalib)
[30Dec2025 03:03:37.658] [main/DEBUG] [mixin/]: MixinPlatformAgentMinecraftForge rejected container SecureJarResource(pandalib)
[30Dec2025 03:03:37.658] [main/DEBUG] [mixin/]: Instancing new MixinPlatformAgentDefault for SecureJarResource(pandalib)
[30Dec2025 03:03:37.658] [main/DEBUG] [mixin/]: MixinPlatformAgentDefault accepted container SecureJarResource(pandalib)
[30Dec2025 03:03:37.658] [main/DEBUG] [mixin/]: Processing prepare() for PlatformAgent[MixinPlatformAgentDefault:SecureJarResource(pandalib)]
[30Dec2025 03:03:37.658] [main/DEBUG] [mixin/]: Registering mixin config: pandalib-common.mixins.json
[30Dec2025 03:03:37.660] [main/DEBUG] [mixin/]: Registering mixin config: pandalib.mixins.json
[30Dec2025 03:03:37.662] [main/DEBUG] [mixin/]: Adding mixin platform agents for container SecureJarResource(cupboard)
[30Dec2025 03:03:37.662] [main/DEBUG] [mixin/]: Instancing new MixinPlatformAgentMinecraftForge for SecureJarResource(cupboard)
[30Dec2025 03:03:37.662] [main/DEBUG] [mixin/]: MixinPlatformAgentMinecraftForge rejected container SecureJarResource(cupboard)
[30Dec2025 03:03:37.662] [main/DEBUG] [mixin/]: Instancing new MixinPlatformAgentDefault for SecureJarResource(cupboard)
[30Dec2025 03:03:37.663] [main/DEBUG] [mixin/]: MixinPlatformAgentDefault accepted container SecureJarResource(cupboard)
[30Dec2025 03:03:37.663] [main/DEBUG] [mixin/]: Processing prepare() for PlatformAgent[MixinPlatformAgentDefault:SecureJarResource(cupboard)]
[30Dec2025 03:03:37.663] [main/DEBUG] [mixin/]: Registering mixin config: cupboard.mixins.json
[30Dec2025 03:03:37.665] [main/DEBUG] [mixin/]: Adding mixin platform agents for container SecureJarResource(firstjoinmessage)
[30Dec2025 03:03:37.665] [main/DEBUG] [mixin/]: Instancing new MixinPlatformAgentMinecraftForge for SecureJarResource(firstjoinmessage)
[30Dec2025 03:03:37.665] [main/DEBUG] [mixin/]: MixinPlatformAgentMinecraftForge rejected container SecureJarResource(firstjoinmessage)
[30Dec2025 03:03:37.665] [main/DEBUG] [mixin/]: Instancing new MixinPlatformAgentDefault for SecureJarResource(firstjoinmessage)
[30Dec2025 03:03:37.666] [main/DEBUG] [mixin/]: MixinPlatformAgentDefault accepted container SecureJarResource(firstjoinmessage)
[30Dec2025 03:03:37.666] [main/DEBUG] [mixin/]: Processing prepare() for PlatformAgent[MixinPlatformAgentDefault:SecureJarResource(firstjoinmessage)]
[30Dec2025 03:03:37.666] [main/DEBUG] [mixin/]: Registering mixin config: firstjoinmessage_forge.mixins.json
[30Dec2025 03:03:37.668] [main/DEBUG] [mixin/]: Adding mixin platform agents for container SecureJarResource(dynamic_fps)
[30Dec2025 03:03:37.668] [main/DEBUG] [mixin/]: Instancing new MixinPlatformAgentMinecraftForge for SecureJarResource(dynamic_fps)
[30Dec2025 03:03:37.668] [main/DEBUG] [mixin/]: MixinPlatformAgentMinecraftForge rejected container SecureJarResource(dynamic_fps)
[30Dec2025 03:03:37.668] [main/DEBUG] [mixin/]: Instancing new MixinPlatformAgentDefault for SecureJarResource(dynamic_fps)
[30Dec2025 03:03:37.668] [main/DEBUG] [mixin/]: MixinPlatformAgentDefault accepted container SecureJarResource(dynamic_fps)
[30Dec2025 03:03:37.668] [main/DEBUG] [mixin/]: Processing prepare() for PlatformAgent[MixinPlatformAgentDefault:SecureJarResource(dynamic_fps)]
[30Dec2025 03:03:37.669] [main/DEBUG] [mixin/]: Registering mixin config: dynamic_fps.mixins.json
[30Dec2025 03:03:37.670] [main/DEBUG] [mixin/]: Registering mixin config: dynamic_fps-common.mixins.json
[30Dec2025 03:03:37.672] [main/DEBUG] [mixin/]: Adding mixin platform agents for container SecureJarResource(unilib)
[30Dec2025 03:03:37.672] [main/DEBUG] [mixin/]: Instancing new MixinPlatformAgentMinecraftForge for SecureJarResource(unilib)
[30Dec2025 03:03:37.673] [main/DEBUG] [mixin/]: MixinPlatformAgentMinecraftForge rejected container SecureJarResource(unilib)
[30Dec2025 03:03:37.673] [main/DEBUG] [mixin/]: Instancing new MixinPlatformAgentDefault for SecureJarResource(unilib)
[30Dec2025 03:03:37.673] [main/DEBUG] [mixin/]: MixinPlatformAgentDefault accepted container SecureJarResource(unilib)
[30Dec2025 03:03:37.673] [main/DEBUG] [mixin/]: Processing prepare() for PlatformAgent[MixinPlatformAgentDefault:SecureJarResource(unilib)]
[30Dec2025 03:03:37.673] [main/DEBUG] [mixin/]: Adding mixin platform agents for container SecureJarResource(framework)
[30Dec2025 03:03:37.673] [main/DEBUG] [mixin/]: Instancing new MixinPlatformAgentMinecraftForge for SecureJarResource(framework)
[30Dec2025 03:03:37.673] [main/DEBUG] [mixin/]: MixinPlatformAgentMinecraftForge rejected container SecureJarResource(framework)
[30Dec2025 03:03:37.674] [main/DEBUG] [mixin/]: Instancing new MixinPlatformAgentDefault for SecureJarResource(framework)
[30Dec2025 03:03:37.674] [main/DEBUG] [mixin/]: MixinPlatformAgentDefault accepted container SecureJarResource(framework)
[30Dec2025 03:03:37.674] [main/DEBUG] [mixin/]: Processing prepare() for PlatformAgent[MixinPlatformAgentDefault:SecureJarResource(framework)]
[30Dec2025 03:03:37.674] [main/DEBUG] [mixin/]: Adding mixin platform agents for container SecureJarResource(letmedespawn)
[30Dec2025 03:03:37.674] [main/DEBUG] [mixin/]: Instancing new MixinPlatformAgentMinecraftForge for SecureJarResource(letmedespawn)
[30Dec2025 03:03:37.674] [main/DEBUG] [mixin/]: MixinPlatformAgentMinecraftForge rejected container SecureJarResource(letmedespawn)
[30Dec2025 03:03:37.674] [main/DEBUG] [mixin/]: Instancing new MixinPlatformAgentDefault for SecureJarResource(letmedespawn)
[30Dec2025 03:03:37.674] [main/DEBUG] [mixin/]: MixinPlatformAgentDefault accepted container SecureJarResource(letmedespawn)
[30Dec2025 03:03:37.674] [main/DEBUG] [mixin/]: Processing prepare() for PlatformAgent[MixinPlatformAgentDefault:SecureJarResource(letmedespawn)]
[30Dec2025 03:03:37.675] [main/DEBUG] [mixin/]: Registering mixin config: letmedespawn.mixins.json
[30Dec2025 03:03:37.676] [main/DEBUG] [mixin/]: Adding mixin platform agents for container SecureJarResource(no_ruined_nether_portals)
[30Dec2025 03:03:37.677] [main/DEBUG] [mixin/]: Instancing new MixinPlatformAgentMinecraftForge for SecureJarResource(no_ruined_nether_portals)
[30Dec2025 03:03:37.677] [main/DEBUG] [mixin/]: MixinPlatformAgentMinecraftForge rejected container SecureJarResource(no_ruined_nether_portals)
[30Dec2025 03:03:37.677] [main/DEBUG] [mixin/]: Instancing new MixinPlatformAgentDefault for SecureJarResource(no_ruined_nether_portals)
[30Dec2025 03:03:37.677] [main/DEBUG] [mixin/]: MixinPlatformAgentDefault accepted container SecureJarResource(no_ruined_nether_portals)
[30Dec2025 03:03:37.677] [main/DEBUG] [mixin/]: Processing prepare() for PlatformAgent[MixinPlatformAgentDefault:SecureJarResource(no_ruined_nether_portals)]
[30Dec2025 03:03:37.677] [main/DEBUG] [mixin/]: Adding mixin platform agents for container SecureJarResource(rhino)
[30Dec2025 03:03:37.677] [main/DEBUG] [mixin/]: Instancing new MixinPlatformAgentMinecraftForge for SecureJarResource(rhino)
[30Dec2025 03:03:37.677] [main/DEBUG] [mixin/]: MixinPlatformAgentMinecraftForge rejected container SecureJarResource(rhino)
[30Dec2025 03:03:37.678] [main/DEBUG] [mixin/]: Instancing new MixinPlatformAgentDefault for SecureJarResource(rhino)
[30Dec2025 03:03:37.678] [main/DEBUG] [mixin/]: MixinPlatformAgentDefault accepted container SecureJarResource(rhino)
[30Dec2025 03:03:37.678] [main/DEBUG] [mixin/]: Processing prepare() for PlatformAgent[MixinPlatformAgentDefault:SecureJarResource(rhino)]
[30Dec2025 03:03:37.678] [main/DEBUG] [mixin/]: Registering mixin config: rhino-common.mixins.json
[30Dec2025 03:03:37.680] [main/DEBUG] [mixin/]: Adding mixin platform agents for container SecureJarResource(fastload)
[30Dec2025 03:03:37.680] [main/DEBUG] [mixin/]: Instancing new MixinPlatformAgentMinecraftForge for SecureJarResource(fastload)
[30Dec2025 03:03:37.680] [main/DEBUG] [mixin/]: MixinPlatformAgentMinecraftForge rejected container SecureJarResource(fastload)
[30Dec2025 03:03:37.680] [main/DEBUG] [mixin/]: Instancing new MixinPlatformAgentDefault for SecureJarResource(fastload)
[30Dec2025 03:03:37.680] [main/DEBUG] [mixin/]: MixinPlatformAgentDefault accepted container SecureJarResource(fastload)
[30Dec2025 03:03:37.681] [main/DEBUG] [mixin/]: Processing prepare() for PlatformAgent[MixinPlatformAgentDefault:SecureJarResource(fastload)]
[30Dec2025 03:03:37.681] [main/DEBUG] [mixin/]: Registering mixin config: fastload.mixins.json
[30Dec2025 03:03:37.683] [main/DEBUG] [mixin/]: Adding mixin platform agents for container SecureJarResource(mutantmonsters)
[30Dec2025 03:03:37.683] [main/DEBUG] [mixin/]: Instancing new MixinPlatformAgentMinecraftForge for SecureJarResource(mutantmonsters)
[30Dec2025 03:03:37.683] [main/DEBUG] [mixin/]: MixinPlatformAgentMinecraftForge rejected container SecureJarResource(mutantmonsters)
[30Dec2025 03:03:37.683] [main/DEBUG] [mixin/]: Instancing new MixinPlatformAgentDefault for SecureJarResource(mutantmonsters)
[30Dec2025 03:03:37.683] [main/DEBUG] [mixin/]: MixinPlatformAgentDefault accepted container SecureJarResource(mutantmonsters)
[30Dec2025 03:03:37.683] [main/DEBUG] [mixin/]: Processing prepare() for PlatformAgent[MixinPlatformAgentDefault:SecureJarResource(mutantmonsters)]
[30Dec2025 03:03:37.683] [main/DEBUG] [mixin/]: Registering mixin config: mutantmonsters.common.mixins.json
[30Dec2025 03:03:37.685] [main/DEBUG] [mixin/]: Adding mixin platform agents for container SecureJarResource(mca)
[30Dec2025 03:03:37.685] [main/DEBUG] [mixin/]: Instancing new MixinPlatformAgentMinecraftForge for SecureJarResource(mca)
[30Dec2025 03:03:37.686] [main/DEBUG] [mixin/]: MixinPlatformAgentMinecraftForge rejected container SecureJarResource(mca)
[30Dec2025 03:03:37.686] [main/DEBUG] [mixin/]: Instancing new MixinPlatformAgentDefault for SecureJarResource(mca)
[30Dec2025 03:03:37.686] [main/DEBUG] [mixin/]: MixinPlatformAgentDefault accepted container SecureJarResource(mca)
[30Dec2025 03:03:37.686] [main/DEBUG] [mixin/]: Processing prepare() for PlatformAgent[MixinPlatformAgentDefault:SecureJarResource(mca)]
[30Dec2025 03:03:37.686] [main/DEBUG] [mixin/]: Registering mixin config: forge-mca.mixin.json
[30Dec2025 03:03:37.688] [main/DEBUG] [mixin/]: Adding mixin platform agents for container SecureJarResource(nonetherportal)
[30Dec2025 03:03:37.688] [main/DEBUG] [mixin/]: Instancing new MixinPlatformAgentMinecraftForge for SecureJarResource(nonetherportal)
[30Dec2025 03:03:37.688] [main/DEBUG] [mixin/]: MixinPlatformAgentMinecraftForge rejected container SecureJarResource(nonetherportal)
[30Dec2025 03:03:37.688] [main/DEBUG] [mixin/]: Instancing new MixinPlatformAgentDefault for SecureJarResource(nonetherportal)
[30Dec2025 03:03:37.688] [main/DEBUG] [mixin/]: MixinPlatformAgentDefault accepted container SecureJarResource(nonetherportal)
[30Dec2025 03:03:37.689] [main/DEBUG] [mixin/]: Processing prepare() for PlatformAgent[MixinPlatformAgentDefault:SecureJarResource(nonetherportal)]
[30Dec2025 03:03:37.689] [main/DEBUG] [mixin/]: Adding mixin platform agents for container SecureJarResource(octolib)
[30Dec2025 03:03:37.689] [main/DEBUG] [mixin/]: Instancing new MixinPlatformAgentMinecraftForge for SecureJarResource(octolib)
[30Dec2025 03:03:37.689] [main/DEBUG] [mixin/]: MixinPlatformAgentMinecraftForge rejected container SecureJarResource(octolib)
[30Dec2025 03:03:37.689] [main/DEBUG] [mixin/]: Instancing new MixinPlatformAgentDefault for SecureJarResource(octolib)
[30Dec2025 03:03:37.689] [main/DEBUG] [mixin/]: MixinPlatformAgentDefault accepted container SecureJarResource(octolib)
[30Dec2025 03:03:37.689] [main/DEBUG] [mixin/]: Processing prepare() for PlatformAgent[MixinPlatformAgentDefault:SecureJarResource(octolib)]
[30Dec2025 03:03:37.689] [main/DEBUG] [mixin/]: Adding mixin platform agents for container SecureJarResource(fastboot)
[30Dec2025 03:03:37.690] [main/DEBUG] [mixin/]: Instancing new MixinPlatformAgentMinecraftForge for SecureJarResource(fastboot)
[30Dec2025 03:03:37.690] [main/DEBUG] [mixin/]: MixinPlatformAgentMinecraftForge rejected container SecureJarResource(fastboot)
[30Dec2025 03:03:37.690] [main/DEBUG] [mixin/]: Instancing new MixinPlatformAgentDefault for SecureJarResource(fastboot)
[30Dec2025 03:03:37.690] [main/DEBUG] [mixin/]: MixinPlatformAgentDefault accepted container SecureJarResource(fastboot)
[30Dec2025 03:03:37.690] [main/DEBUG] [mixin/]: Processing prepare() for PlatformAgent[MixinPlatformAgentDefault:SecureJarResource(fastboot)]
[30Dec2025 03:03:37.690] [main/DEBUG] [mixin/]: Adding mixin platform agents for container SecureJarResource(jei)
[30Dec2025 03:03:37.690] [main/DEBUG] [mixin/]: Instancing new MixinPlatformAgentMinecraftForge for SecureJarResource(jei)
[30Dec2025 03:03:37.690] [main/DEBUG] [mixin/]: MixinPlatformAgentMinecraftForge rejected container SecureJarResource(jei)
[30Dec2025 03:03:37.690] [main/DEBUG] [mixin/]: Instancing new MixinPlatformAgentDefault for SecureJarResource(jei)
[30Dec2025 03:03:37.691] [main/DEBUG] [mixin/]: MixinPlatformAgentDefault accepted container SecureJarResource(jei)
[30Dec2025 03:03:37.691] [main/DEBUG] [mixin/]: Processing prepare() for PlatformAgent[MixinPlatformAgentDefault:SecureJarResource(jei)]
[30Dec2025 03:03:37.691] [main/DEBUG] [mixin/]: Adding mixin platform agents for container SecureJarResource(kubejs)
[30Dec2025 03:03:37.691] [main/DEBUG] [mixin/]: Instancing new MixinPlatformAgentMinecraftForge for SecureJarResource(kubejs)
[30Dec2025 03:03:37.691] [main/DEBUG] [mixin/]: MixinPlatformAgentMinecraftForge rejected container SecureJarResource(kubejs)
[30Dec2025 03:03:37.691] [main/DEBUG] [mixin/]: Instancing new MixinPlatformAgentDefault for SecureJarResource(kubejs)
[30Dec2025 03:03:37.691] [main/DEBUG] [mixin/]: MixinPlatformAgentDefault accepted container SecureJarResource(kubejs)
[30Dec2025 03:03:37.691] [main/DEBUG] [mixin/]: Processing prepare() for PlatformAgent[MixinPlatformAgentDefault:SecureJarResource(kubejs)]
[30Dec2025 03:03:37.691] [main/DEBUG] [mixin/]: Registering mixin config: kubejs-forge.mixins.json
[30Dec2025 03:03:37.694] [main/DEBUG] [mixin/]: Registering mixin config: kubejs-common.mixins.json
[30Dec2025 03:03:37.696] [main/DEBUG] [mixin/]: Adding mixin platform agents for container SecureJarResource(tacz)
[30Dec2025 03:03:37.696] [main/DEBUG] [mixin/]: Instancing new MixinPlatformAgentMinecraftForge for SecureJarResource(tacz)
[30Dec2025 03:03:37.696] [main/DEBUG] [mixin/]: MixinPlatformAgentMinecraftForge rejected container SecureJarResource(tacz)
[30Dec2025 03:03:37.696] [main/DEBUG] [mixin/]: Instancing new MixinPlatformAgentDefault for SecureJarResource(tacz)
[30Dec2025 03:03:37.696] [main/DEBUG] [mixin/]: MixinPlatformAgentDefault accepted container SecureJarResource(tacz)
[30Dec2025 03:03:37.696] [main/DEBUG] [mixin/]: Processing prepare() for PlatformAgent[MixinPlatformAgentDefault:SecureJarResource(tacz)]
[30Dec2025 03:03:37.696] [main/DEBUG] [mixin/]: Registering mixin config: tacz.mixins.json
[30Dec2025 03:03:37.698] [main/DEBUG] [mixin/]: Adding mixin platform agents for container SecureJarResource(immersive_weathering)
[30Dec2025 03:03:37.698] [main/DEBUG] [mixin/]: Instancing new MixinPlatformAgentMinecraftForge for SecureJarResource(immersive_weathering)
[30Dec2025 03:03:37.699] [main/DEBUG] [mixin/]: MixinPlatformAgentMinecraftForge rejected container SecureJarResource(immersive_weathering)
[30Dec2025 03:03:37.699] [main/DEBUG] [mixin/]: Instancing new MixinPlatformAgentDefault for SecureJarResource(immersive_weathering)
[30Dec2025 03:03:37.699] [main/DEBUG] [mixin/]: MixinPlatformAgentDefault accepted container SecureJarResource(immersive_weathering)
[30Dec2025 03:03:37.699] [main/DEBUG] [mixin/]: Processing prepare() for PlatformAgent[MixinPlatformAgentDefault:SecureJarResource(immersive_weathering)]
[30Dec2025 03:03:37.699] [main/DEBUG] [mixin/]: Registering mixin config: immersive_weathering-common.mixins.json
[30Dec2025 03:03:37.701] [main/DEBUG] [mixin/]: Registering mixin config: immersive_weathering.mixins.json
[30Dec2025 03:03:37.703] [main/DEBUG] [mixin/]: Compatibility level JAVA_16 specified by immersive_weathering.mixins.json is higher than the maximum level supported by this version of mixin (JAVA_13).
[30Dec2025 03:03:37.704] [main/DEBUG] [mixin/]: Adding mixin platform agents for container SecureJarResource(keerdm_zombie_essentials)
[30Dec2025 03:03:37.704] [main/DEBUG] [mixin/]: Instancing new MixinPlatformAgentMinecraftForge for SecureJarResource(keerdm_zombie_essentials)
[30Dec2025 03:03:37.704] [main/DEBUG] [mixin/]: MixinPlatformAgentMinecraftForge rejected container SecureJarResource(keerdm_zombie_essentials)
[30Dec2025 03:03:37.704] [main/DEBUG] [mixin/]: Instancing new MixinPlatformAgentDefault for SecureJarResource(keerdm_zombie_essentials)
[30Dec2025 03:03:37.704] [main/DEBUG] [mixin/]: MixinPlatformAgentDefault accepted container SecureJarResource(keerdm_zombie_essentials)
[30Dec2025 03:03:37.705] [main/DEBUG] [mixin/]: Processing prepare() for PlatformAgent[MixinPlatformAgentDefault:SecureJarResource(keerdm_zombie_essentials)]
[30Dec2025 03:03:37.705] [main/DEBUG] [mixin/]: Adding mixin platform agents for container SecureJarResource(nobabyzombies1_20_1forge)
[30Dec2025 03:03:37.705] [main/DEBUG] [mixin/]: Instancing new MixinPlatformAgentMinecraftForge for SecureJarResource(nobabyzombies1_20_1forge)
[30Dec2025 03:03:37.705] [main/DEBUG] [mixin/]: MixinPlatformAgentMinecraftForge rejected container SecureJarResource(nobabyzombies1_20_1forge)
[30Dec2025 03:03:37.705] [main/DEBUG] [mixin/]: Instancing new MixinPlatformAgentDefault for SecureJarResource(nobabyzombies1_20_1forge)
[30Dec2025 03:03:37.705] [main/DEBUG] [mixin/]: MixinPlatformAgentDefault accepted container SecureJarResource(nobabyzombies1_20_1forge)
[30Dec2025 03:03:37.705] [main/DEBUG] [mixin/]: Processing prepare() for PlatformAgent[MixinPlatformAgentDefault:SecureJarResource(nobabyzombies1_20_1forge)]
[30Dec2025 03:03:37.705] [main/DEBUG] [mixin/]: Adding mixin platform agents for container SecureJarResource(marbledsarsenal)
[30Dec2025 03:03:37.706] [main/DEBUG] [mixin/]: Instancing new MixinPlatformAgentMinecraftForge for SecureJarResource(marbledsarsenal)
[30Dec2025 03:03:37.706] [main/DEBUG] [mixin/]: MixinPlatformAgentMinecraftForge rejected container SecureJarResource(marbledsarsenal)
[30Dec2025 03:03:37.706] [main/DEBUG] [mixin/]: Instancing new MixinPlatformAgentDefault for SecureJarResource(marbledsarsenal)
[30Dec2025 03:03:37.706] [main/DEBUG] [mixin/]: MixinPlatformAgentDefault accepted container SecureJarResource(marbledsarsenal)
[30Dec2025 03:03:37.706] [main/DEBUG] [mixin/]: Processing prepare() for PlatformAgent[MixinPlatformAgentDefault:SecureJarResource(marbledsarsenal)]
[30Dec2025 03:03:37.706] [main/DEBUG] [mixin/]: Adding mixin platform agents for container SecureJarResource(clumps)
[30Dec2025 03:03:37.706] [main/DEBUG] [mixin/]: Instancing new MixinPlatformAgentMinecraftForge for SecureJarResource(clumps)
[30Dec2025 03:03:37.707] [main/DEBUG] [mixin/]: MixinPlatformAgentMinecraftForge rejected container SecureJarResource(clumps)
[30Dec2025 03:03:37.707] [main/DEBUG] [mixin/]: Instancing new MixinPlatformAgentDefault for SecureJarResource(clumps)
[30Dec2025 03:03:37.707] [main/DEBUG] [mixin/]: MixinPlatformAgentDefault accepted container SecureJarResource(clumps)
[30Dec2025 03:03:37.707] [main/DEBUG] [mixin/]: Processing prepare() for PlatformAgent[MixinPlatformAgentDefault:SecureJarResource(clumps)]
[30Dec2025 03:03:37.707] [main/DEBUG] [mixin/]: Registering mixin config: clumps.mixins.json
[30Dec2025 03:03:37.709] [main/DEBUG] [mixin/]: Adding mixin platform agents for container SecureJarResource(fastasyncworldsave)
[30Dec2025 03:03:37.709] [main/DEBUG] [mixin/]: Instancing new MixinPlatformAgentMinecraftForge for SecureJarResource(fastasyncworldsave)
[30Dec2025 03:03:37.709] [main/DEBUG] [mixin/]: MixinPlatformAgentMinecraftForge rejected container SecureJarResource(fastasyncworldsave)
[30Dec2025 03:03:37.709] [main/DEBUG] [mixin/]: Instancing new MixinPlatformAgentDefault for SecureJarResource(fastasyncworldsave)
[30Dec2025 03:03:37.709] [main/DEBUG] [mixin/]: MixinPlatformAgentDefault accepted container SecureJarResource(fastasyncworldsave)
[30Dec2025 03:03:37.710] [main/DEBUG] [mixin/]: Processing prepare() for PlatformAgent[MixinPlatformAgentDefault:SecureJarResource(fastasyncworldsave)]
[30Dec2025 03:03:37.710] [main/DEBUG] [mixin/]: Registering mixin config: fastasyncworldsave.mixins.json
[30Dec2025 03:03:37.712] [main/DEBUG] [mixin/]: Adding mixin platform agents for container SecureJarResource(forgivingworld)
[30Dec2025 03:03:37.713] [main/DEBUG] [mixin/]: Instancing new MixinPlatformAgentMinecraftForge for SecureJarResource(forgivingworld)
[30Dec2025 03:03:37.713] [main/DEBUG] [mixin/]: MixinPlatformAgentMinecraftForge rejected container SecureJarResource(forgivingworld)
[30Dec2025 03:03:37.713] [main/DEBUG] [mixin/]: Instancing new MixinPlatformAgentDefault for SecureJarResource(forgivingworld)
[30Dec2025 03:03:37.713] [main/DEBUG] [mixin/]: MixinPlatformAgentDefault accepted container SecureJarResource(forgivingworld)
[30Dec2025 03:03:37.713] [main/DEBUG] [mixin/]: Processing prepare() for PlatformAgent[MixinPlatformAgentDefault:SecureJarResource(forgivingworld)]
[30Dec2025 03:03:37.713] [main/DEBUG] [mixin/]: Registering mixin config: forgivingworld.mixins.json
[30Dec2025 03:03:37.715] [main/DEBUG] [mixin/]: Adding mixin platform agents for container SecureJarResource(mcore)
[30Dec2025 03:03:37.715] [main/DEBUG] [mixin/]: Instancing new MixinPlatformAgentMinecraftForge for SecureJarResource(mcore)
[30Dec2025 03:03:37.715] [main/DEBUG] [mixin/]: MixinPlatformAgentMinecraftForge rejected container SecureJarResource(mcore)
[30Dec2025 03:03:37.715] [main/DEBUG] [mixin/]: Instancing new MixinPlatformAgentDefault for SecureJarResource(mcore)
[30Dec2025 03:03:37.715] [main/DEBUG] [mixin/]: MixinPlatformAgentDefault accepted container SecureJarResource(mcore)
[30Dec2025 03:03:37.715] [main/DEBUG] [mixin/]: Processing prepare() for PlatformAgent[MixinPlatformAgentDefault:SecureJarResource(mcore)]
[30Dec2025 03:03:37.715] [main/DEBUG] [mixin/]: Adding mixin platform agents for container SecureJarResource(glitchcore)
[30Dec2025 03:03:37.715] [main/DEBUG] [mixin/]: Instancing new MixinPlatformAgentMinecraftForge for SecureJarResource(glitchcore)
[30Dec2025 03:03:37.715] [main/DEBUG] [mixin/]: MixinPlatformAgentMinecraftForge rejected container SecureJarResource(glitchcore)
[30Dec2025 03:03:37.715] [main/DEBUG] [mixin/]: Instancing new MixinPlatformAgentDefault for SecureJarResource(glitchcore)
[30Dec2025 03:03:37.715] [main/DEBUG] [mixin/]: MixinPlatformAgentDefault accepted container SecureJarResource(glitchcore)
[30Dec2025 03:03:37.715] [main/DEBUG] [mixin/]: Processing prepare() for PlatformAgent[MixinPlatformAgentDefault:SecureJarResource(glitchcore)]
[30Dec2025 03:03:37.715] [main/DEBUG] [mixin/]: Registering mixin config: glitchcore.mixins.json
[30Dec2025 03:03:37.717] [main/DEBUG] [mixin/]: Registering mixin config: glitchcore.forge.mixins.json
[30Dec2025 03:03:37.719] [main/DEBUG] [mixin/]: Adding mixin platform agents for container SecureJarResource(badmobs)
[30Dec2025 03:03:37.719] [main/DEBUG] [mixin/]: Instancing new MixinPlatformAgentMinecraftForge for SecureJarResource(badmobs)
[30Dec2025 03:03:37.719] [main/DEBUG] [mixin/]: MixinPlatformAgentMinecraftForge rejected container SecureJarResource(badmobs)
[30Dec2025 03:03:37.719] [main/DEBUG] [mixin/]: Instancing new MixinPlatformAgentDefault for SecureJarResource(badmobs)
[30Dec2025 03:03:37.720] [main/DEBUG] [mixin/]: MixinPlatformAgentDefault accepted container SecureJarResource(badmobs)
[30Dec2025 03:03:37.720] [main/DEBUG] [mixin/]: Processing prepare() for PlatformAgent[MixinPlatformAgentDefault:SecureJarResource(badmobs)]
[30Dec2025 03:03:37.720] [main/DEBUG] [mixin/]: Adding mixin platform agents for container SecureJarResource(better_mob_food)
[30Dec2025 03:03:37.720] [main/DEBUG] [mixin/]: Instancing new MixinPlatformAgentMinecraftForge for SecureJarResource(better_mob_food)
[30Dec2025 03:03:37.720] [main/DEBUG] [mixin/]: MixinPlatformAgentMinecraftForge rejected container SecureJarResource(better_mob_food)
[30Dec2025 03:03:37.720] [main/DEBUG] [mixin/]: Instancing new MixinPlatformAgentDefault for SecureJarResource(better_mob_food)
[30Dec2025 03:03:37.720] [main/DEBUG] [mixin/]: MixinPlatformAgentDefault accepted container SecureJarResource(better_mob_food)
[30Dec2025 03:03:37.720] [main/DEBUG] [mixin/]: Processing prepare() for PlatformAgent[MixinPlatformAgentDefault:SecureJarResource(better_mob_food)]
[30Dec2025 03:03:37.720] [main/DEBUG] [mixin/]: Adding mixin platform agents for container SecureJarResource(puzzlesaccessapi)
[30Dec2025 03:03:37.720] [main/DEBUG] [mixin/]: Instancing new MixinPlatformAgentMinecraftForge for SecureJarResource(puzzlesaccessapi)
[30Dec2025 03:03:37.720] [main/DEBUG] [mixin/]: MixinPlatformAgentMinecraftForge rejected container SecureJarResource(puzzlesaccessapi)
[30Dec2025 03:03:37.720] [main/DEBUG] [mixin/]: Instancing new MixinPlatformAgentDefault for SecureJarResource(puzzlesaccessapi)
[30Dec2025 03:03:37.720] [main/DEBUG] [mixin/]: MixinPlatformAgentDefault accepted container SecureJarResource(puzzlesaccessapi)
[30Dec2025 03:03:37.720] [main/DEBUG] [mixin/]: Processing prepare() for PlatformAgent[MixinPlatformAgentDefault:SecureJarResource(puzzlesaccessapi)]
[30Dec2025 03:03:37.720] [main/DEBUG] [mixin/]: Adding mixin platform agents for container SecureJarResource(forge)
[30Dec2025 03:03:37.720] [main/DEBUG] [mixin/]: Instancing new MixinPlatformAgentMinecraftForge for SecureJarResource(forge)
[30Dec2025 03:03:37.720] [main/DEBUG] [mixin/]: MixinPlatformAgentMinecraftForge rejected container SecureJarResource(forge)
[30Dec2025 03:03:37.720] [main/DEBUG] [mixin/]: Instancing new MixinPlatformAgentDefault for SecureJarResource(forge)
[30Dec2025 03:03:37.720] [main/DEBUG] [mixin/]: MixinPlatformAgentDefault accepted container SecureJarResource(forge)
[30Dec2025 03:03:37.720] [main/DEBUG] [mixin/]: Processing prepare() for PlatformAgent[MixinPlatformAgentDefault:SecureJarResource(forge)]
[30Dec2025 03:03:37.720] [main/DEBUG] [mixin/]: Adding mixin platform agents for container SecureJarResource(drippyloadingscreen)
[30Dec2025 03:03:37.720] [main/DEBUG] [mixin/]: Instancing new MixinPlatformAgentMinecraftForge for SecureJarResource(drippyloadingscreen)
[30Dec2025 03:03:37.720] [main/DEBUG] [mixin/]: MixinPlatformAgentMinecraftForge rejected container SecureJarResource(drippyloadingscreen)
[30Dec2025 03:03:37.720] [main/DEBUG] [mixin/]: Instancing new MixinPlatformAgentDefault for SecureJarResource(drippyloadingscreen)
[30Dec2025 03:03:37.721] [main/DEBUG] [mixin/]: MixinPlatformAgentDefault accepted container SecureJarResource(drippyloadingscreen)
[30Dec2025 03:03:37.721] [main/DEBUG] [mixin/]: Processing prepare() for PlatformAgent[MixinPlatformAgentDefault:SecureJarResource(drippyloadingscreen)]
[30Dec2025 03:03:37.721] [main/DEBUG] [mixin/]: Registering mixin config: drippyloadingscreen.mixins.json
[30Dec2025 03:03:37.722] [main/DEBUG] [mixin/]: Registering mixin config: drippyloadingscreen.forge.mixins.json
[30Dec2025 03:03:37.725] [main/DEBUG] [mixin/]: Adding mixin platform agents for container SecureJarResource(minecraft)
[30Dec2025 03:03:37.726] [main/DEBUG] [mixin/]: Instancing new MixinPlatformAgentMinecraftForge for SecureJarResource(minecraft)
[30Dec2025 03:03:37.726] [main/DEBUG] [mixin/]: MixinPlatformAgentMinecraftForge rejected container SecureJarResource(minecraft)
[30Dec2025 03:03:37.726] [main/DEBUG] [mixin/]: Instancing new MixinPlatformAgentDefault for SecureJarResource(minecraft)
[30Dec2025 03:03:37.726] [main/DEBUG] [mixin/]: MixinPlatformAgentDefault accepted container SecureJarResource(minecraft)
[30Dec2025 03:03:37.726] [main/DEBUG] [mixin/]: Processing prepare() for PlatformAgent[MixinPlatformAgentDefault:SecureJarResource(minecraft)]
[30Dec2025 03:03:37.726] [main/DEBUG] [mixin/]: Adding mixin platform agents for container SecureJarResource(cw_additions)
[30Dec2025 03:03:37.726] [main/DEBUG] [mixin/]: Instancing new MixinPlatformAgentMinecraftForge for SecureJarResource(cw_additions)
[30Dec2025 03:03:37.726] [main/DEBUG] [mixin/]: MixinPlatformAgentMinecraftForge rejected container SecureJarResource(cw_additions)
[30Dec2025 03:03:37.726] [main/DEBUG] [mixin/]: Instancing new MixinPlatformAgentDefault for SecureJarResource(cw_additions)
[30Dec2025 03:03:37.726] [main/DEBUG] [mixin/]: MixinPlatformAgentDefault accepted container SecureJarResource(cw_additions)
[30Dec2025 03:03:37.726] [main/DEBUG] [mixin/]: Processing prepare() for PlatformAgent[MixinPlatformAgentDefault:SecureJarResource(cw_additions)]
[30Dec2025 03:03:37.726] [main/DEBUG] [mixin/]: Adding mixin platform agents for container SecureJarResource(the_deep_void)
[30Dec2025 03:03:37.726] [main/DEBUG] [mixin/]: Instancing new MixinPlatformAgentMinecraftForge for SecureJarResource(the_deep_void)
[30Dec2025 03:03:37.726] [main/DEBUG] [mixin/]: MixinPlatformAgentMinecraftForge rejected container SecureJarResource(the_deep_void)
[30Dec2025 03:03:37.726] [main/DEBUG] [mixin/]: Instancing new MixinPlatformAgentDefault for SecureJarResource(the_deep_void)
[30Dec2025 03:03:37.726] [main/DEBUG] [mixin/]: MixinPlatformAgentDefault accepted container SecureJarResource(the_deep_void)
[30Dec2025 03:03:37.726] [main/DEBUG] [mixin/]: Processing prepare() for PlatformAgent[MixinPlatformAgentDefault:SecureJarResource(the_deep_void)]
[30Dec2025 03:03:37.726] [main/DEBUG] [mixin/]: Adding mixin platform agents for container SecureJarResource(cofh_core)
[30Dec2025 03:03:37.726] [main/DEBUG] [mixin/]: Instancing new MixinPlatformAgentMinecraftForge for SecureJarResource(cofh_core)
[30Dec2025 03:03:37.726] [main/DEBUG] [mixin/]: MixinPlatformAgentMinecraftForge rejected container SecureJarResource(cofh_core)
[30Dec2025 03:03:37.726] [main/DEBUG] [mixin/]: Instancing new MixinPlatformAgentDefault for SecureJarResource(cofh_core)
[30Dec2025 03:03:37.726] [main/DEBUG] [mixin/]: MixinPlatformAgentDefault accepted container SecureJarResource(cofh_core)
[30Dec2025 03:03:37.726] [main/DEBUG] [mixin/]: Processing prepare() for PlatformAgent[MixinPlatformAgentDefault:SecureJarResource(cofh_core)]
[30Dec2025 03:03:37.726] [main/DEBUG] [mixin/]: Registering mixin config: mixins.cofhcore.json
[30Dec2025 03:03:37.728] [main/DEBUG] [mixin/]: Adding mixin platform agents for container SecureJarResource(moonlight)
[30Dec2025 03:03:37.728] [main/DEBUG] [mixin/]: Instancing new MixinPlatformAgentMinecraftForge for SecureJarResource(moonlight)
[30Dec2025 03:03:37.728] [main/DEBUG] [mixin/]: MixinPlatformAgentMinecraftForge rejected container SecureJarResource(moonlight)
[30Dec2025 03:03:37.728] [main/DEBUG] [mixin/]: Instancing new MixinPlatformAgentDefault for SecureJarResource(moonlight)
[30Dec2025 03:03:37.728] [main/DEBUG] [mixin/]: MixinPlatformAgentDefault accepted container SecureJarResource(moonlight)
[30Dec2025 03:03:37.728] [main/DEBUG] [mixin/]: Processing prepare() for PlatformAgent[MixinPlatformAgentDefault:SecureJarResource(moonlight)]
[30Dec2025 03:03:37.729] [main/DEBUG] [mixin/]: Registering mixin config: moonlight-common.mixins.json
[30Dec2025 03:03:37.730] [main/DEBUG] [mixin/]: Registering mixin config: moonlight.mixins.json
[30Dec2025 03:03:37.734] [main/DEBUG] [mixin/]: Adding mixin platform agents for container SecureJarResource(mousetweaks)
[30Dec2025 03:03:37.734] [main/DEBUG] [mixin/]: Instancing new MixinPlatformAgentMinecraftForge for SecureJarResource(mousetweaks)
[30Dec2025 03:03:37.734] [main/DEBUG] [mixin/]: MixinPlatformAgentMinecraftForge rejected container SecureJarResource(mousetweaks)
[30Dec2025 03:03:37.734] [main/DEBUG] [mixin/]: Instancing new MixinPlatformAgentDefault for SecureJarResource(mousetweaks)
[30Dec2025 03:03:37.734] [main/DEBUG] [mixin/]: MixinPlatformAgentDefault accepted container SecureJarResource(mousetweaks)
[30Dec2025 03:03:37.734] [main/DEBUG] [mixin/]: Processing prepare() for PlatformAgent[MixinPlatformAgentDefault:SecureJarResource(mousetweaks)]
[30Dec2025 03:03:37.734] [main/DEBUG] [mixin/]: Registering mixin config: mousetweaks.mixins.json
[30Dec2025 03:03:37.737] [main/DEBUG] [mixin/]: Adding mixin platform agents for container SecureJarResource(creativecore)
[30Dec2025 03:03:37.737] [main/DEBUG] [mixin/]: Instancing new MixinPlatformAgentMinecraftForge for SecureJarResource(creativecore)
[30Dec2025 03:03:37.737] [main/DEBUG] [mixin/]: MixinPlatformAgentMinecraftForge rejected container SecureJarResource(creativecore)
[30Dec2025 03:03:37.737] [main/DEBUG] [mixin/]: Instancing new MixinPlatformAgentDefault for SecureJarResource(creativecore)
[30Dec2025 03:03:37.737] [main/DEBUG] [mixin/]: MixinPlatformAgentDefault accepted container SecureJarResource(creativecore)
[30Dec2025 03:03:37.737] [main/DEBUG] [mixin/]: Processing prepare() for PlatformAgent[MixinPlatformAgentDefault:SecureJarResource(creativecore)]
[30Dec2025 03:03:37.737] [main/DEBUG] [mixin/]: Registering mixin config: creativecore.mixins.json
[30Dec2025 03:03:37.739] [main/DEBUG] [mixin/]: Registering mixin config: creativecore.forge.mixins.json
[30Dec2025 03:03:37.743] [main/DEBUG] [mixin/]: Adding mixin platform agents for container SecureJarResource(spectrelib)
[30Dec2025 03:03:37.743] [main/DEBUG] [mixin/]: Instancing new MixinPlatformAgentMinecraftForge for SecureJarResource(spectrelib)
[30Dec2025 03:03:37.743] [main/DEBUG] [mixin/]: MixinPlatformAgentMinecraftForge rejected container SecureJarResource(spectrelib)
[30Dec2025 03:03:37.744] [main/DEBUG] [mixin/]: Instancing new MixinPlatformAgentDefault for SecureJarResource(spectrelib)
[30Dec2025 03:03:37.744] [main/DEBUG] [mixin/]: MixinPlatformAgentDefault accepted container SecureJarResource(spectrelib)
[30Dec2025 03:03:37.744] [main/DEBUG] [mixin/]: Processing prepare() for PlatformAgent[MixinPlatformAgentDefault:SecureJarResource(spectrelib)]
[30Dec2025 03:03:37.744] [main/DEBUG] [mixin/]: Adding mixin platform agents for container SecureJarResource(corgilib)
[30Dec2025 03:03:37.744] [main/DEBUG] [mixin/]: Instancing new MixinPlatformAgentMinecraftForge for SecureJarResource(corgilib)
[30Dec2025 03:03:37.744] [main/DEBUG] [mixin/]: MixinPlatformAgentMinecraftForge rejected container SecureJarResource(corgilib)
[30Dec2025 03:03:37.744] [main/DEBUG] [mixin/]: Instancing new MixinPlatformAgentDefault for SecureJarResource(corgilib)
[30Dec2025 03:03:37.744] [main/DEBUG] [mixin/]: MixinPlatformAgentDefault accepted container SecureJarResource(corgilib)
[30Dec2025 03:03:37.745] [main/DEBUG] [mixin/]: Processing prepare() for PlatformAgent[MixinPlatformAgentDefault:SecureJarResource(corgilib)]
[30Dec2025 03:03:37.745] [main/DEBUG] [mixin/]: Registering mixin config: corgilib-common.mixins.json
[30Dec2025 03:03:37.747] [main/DEBUG] [mixin/]: Adding mixin platform agents for container SecureJarResource(smoothboot)
[30Dec2025 03:03:37.747] [main/DEBUG] [mixin/]: Instancing new MixinPlatformAgentMinecraftForge for SecureJarResource(smoothboot)
[30Dec2025 03:03:37.747] [main/DEBUG] [mixin/]: MixinPlatformAgentMinecraftForge rejected container SecureJarResource(smoothboot)
[30Dec2025 03:03:37.747] [main/DEBUG] [mixin/]: Instancing new MixinPlatformAgentDefault for SecureJarResource(smoothboot)
[30Dec2025 03:03:37.747] [main/DEBUG] [mixin/]: MixinPlatformAgentDefault accepted container SecureJarResource(smoothboot)
[30Dec2025 03:03:37.747] [main/DEBUG] [mixin/]: Processing prepare() for PlatformAgent[MixinPlatformAgentDefault:SecureJarResource(smoothboot)]
[30Dec2025 03:03:37.747] [main/DEBUG] [mixin/]: Registering mixin config: smoothboot.mixins.json
[30Dec2025 03:03:37.749] [main/DEBUG] [mixin/]: Adding mixin platform agents for container SecureJarResource(last_of_us)
[30Dec2025 03:03:37.749] [main/DEBUG] [mixin/]: Instancing new MixinPlatformAgentMinecraftForge for SecureJarResource(last_of_us)
[30Dec2025 03:03:37.749] [main/DEBUG] [mixin/]: MixinPlatformAgentMinecraftForge rejected container SecureJarResource(last_of_us)
[30Dec2025 03:03:37.749] [main/DEBUG] [mixin/]: Instancing new MixinPlatformAgentDefault for SecureJarResource(last_of_us)
[30Dec2025 03:03:37.749] [main/DEBUG] [mixin/]: MixinPlatformAgentDefault accepted container SecureJarResource(last_of_us)
[30Dec2025 03:03:37.749] [main/DEBUG] [mixin/]: Processing prepare() for PlatformAgent[MixinPlatformAgentDefault:SecureJarResource(last_of_us)]
[30Dec2025 03:03:37.749] [main/DEBUG] [mixin/]: Adding mixin platform agents for container SecureJarResource(fastpaintings)
[30Dec2025 03:03:37.749] [main/DEBUG] [mixin/]: Instancing new MixinPlatformAgentMinecraftForge for SecureJarResource(fastpaintings)
[30Dec2025 03:03:37.749] [main/DEBUG] [mixin/]: MixinPlatformAgentMinecraftForge rejected container SecureJarResource(fastpaintings)
[30Dec2025 03:03:37.749] [main/DEBUG] [mixin/]: Instancing new MixinPlatformAgentDefault for SecureJarResource(fastpaintings)
[30Dec2025 03:03:37.749] [main/DEBUG] [mixin/]: MixinPlatformAgentDefault accepted container SecureJarResource(fastpaintings)
[30Dec2025 03:03:37.749] [main/DEBUG] [mixin/]: Processing prepare() for PlatformAgent[MixinPlatformAgentDefault:SecureJarResource(fastpaintings)]
[30Dec2025 03:03:37.749] [main/DEBUG] [mixin/]: Registering mixin config: fastpaintings.mixins.json
[30Dec2025 03:03:37.751] [main/DEBUG] [mixin/]: Registering mixin config: fastpaintings-forge.mixins.json
[30Dec2025 03:03:37.754] [main/DEBUG] [mixin/]: Adding mixin platform agents for container SecureJarResource(betterfpsdist)
[30Dec2025 03:03:37.754] [main/DEBUG] [mixin/]: Instancing new MixinPlatformAgentMinecraftForge for SecureJarResource(betterfpsdist)
[30Dec2025 03:03:37.755] [main/DEBUG] [mixin/]: MixinPlatformAgentMinecraftForge rejected container SecureJarResource(betterfpsdist)
[30Dec2025 03:03:37.755] [main/DEBUG] [mixin/]: Instancing new MixinPlatformAgentDefault for SecureJarResource(betterfpsdist)
[30Dec2025 03:03:37.755] [main/DEBUG] [mixin/]: MixinPlatformAgentDefault accepted container SecureJarResource(betterfpsdist)
[30Dec2025 03:03:37.755] [main/DEBUG] [mixin/]: Processing prepare() for PlatformAgent[MixinPlatformAgentDefault:SecureJarResource(betterfpsdist)]
[30Dec2025 03:03:37.755] [main/DEBUG] [mixin/]: Registering mixin config: betterfpsdist.mixins.json
[30Dec2025 03:03:37.757] [main/DEBUG] [mixin/]: Adding mixin platform agents for container SecureJarResource(kotlinforforge)
[30Dec2025 03:03:37.757] [main/DEBUG] [mixin/]: Instancing new MixinPlatformAgentMinecraftForge for SecureJarResource(kotlinforforge)
[30Dec2025 03:03:37.757] [main/DEBUG] [mixin/]: MixinPlatformAgentMinecraftForge rejected container SecureJarResource(kotlinforforge)
[30Dec2025 03:03:37.757] [main/DEBUG] [mixin/]: Instancing new MixinPlatformAgentDefault for SecureJarResource(kotlinforforge)
[30Dec2025 03:03:37.758] [main/DEBUG] [mixin/]: MixinPlatformAgentDefault accepted container SecureJarResource(kotlinforforge)
[30Dec2025 03:03:37.758] [main/DEBUG] [mixin/]: Processing prepare() for PlatformAgent[MixinPlatformAgentDefault:SecureJarResource(kotlinforforge)]
[30Dec2025 03:03:37.758] [main/DEBUG] [mixin/]: Adding mixin platform agents for container SecureJarResource(marbledsmelees)
[30Dec2025 03:03:37.758] [main/DEBUG] [mixin/]: Instancing new MixinPlatformAgentMinecraftForge for SecureJarResource(marbledsmelees)
[30Dec2025 03:03:37.758] [main/DEBUG] [mixin/]: MixinPlatformAgentMinecraftForge rejected container SecureJarResource(marbledsmelees)
[30Dec2025 03:03:37.758] [main/DEBUG] [mixin/]: Instancing new MixinPlatformAgentDefault for SecureJarResource(marbledsmelees)
[30Dec2025 03:03:37.758] [main/DEBUG] [mixin/]: MixinPlatformAgentDefault accepted container SecureJarResource(marbledsmelees)
[30Dec2025 03:03:37.759] [main/DEBUG] [mixin/]: Processing prepare() for PlatformAgent[MixinPlatformAgentDefault:SecureJarResource(marbledsmelees)]
[30Dec2025 03:03:37.759] [main/DEBUG] [mixin/]: Adding mixin platform agents for container SecureJarResource(mobsunscreen)
[30Dec2025 03:03:37.759] [main/DEBUG] [mixin/]: Instancing new MixinPlatformAgentMinecraftForge for SecureJarResource(mobsunscreen)
[30Dec2025 03:03:37.759] [main/DEBUG] [mixin/]: MixinPlatformAgentMinecraftForge rejected container SecureJarResource(mobsunscreen)
[30Dec2025 03:03:37.759] [main/DEBUG] [mixin/]: Instancing new MixinPlatformAgentDefault for SecureJarResource(mobsunscreen)
[30Dec2025 03:03:37.759] [main/DEBUG] [mixin/]: MixinPlatformAgentDefault accepted container SecureJarResource(mobsunscreen)
[30Dec2025 03:03:37.759] [main/DEBUG] [mixin/]: Processing prepare() for PlatformAgent[MixinPlatformAgentDefault:SecureJarResource(mobsunscreen)]
[30Dec2025 03:03:37.759] [main/DEBUG] [mixin/]: Adding mixin platform agents for container SecureJarResource(fastbench)
[30Dec2025 03:03:37.760] [main/DEBUG] [mixin/]: Instancing new MixinPlatformAgentMinecraftForge for SecureJarResource(fastbench)
[30Dec2025 03:03:37.760] [main/DEBUG] [mixin/]: MixinPlatformAgentMinecraftForge rejected container SecureJarResource(fastbench)
[30Dec2025 03:03:37.760] [main/DEBUG] [mixin/]: Instancing new MixinPlatformAgentDefault for SecureJarResource(fastbench)
[30Dec2025 03:03:37.760] [main/DEBUG] [mixin/]: MixinPlatformAgentDefault accepted container SecureJarResource(fastbench)
[30Dec2025 03:03:37.760] [main/DEBUG] [mixin/]: Processing prepare() for PlatformAgent[MixinPlatformAgentDefault:SecureJarResource(fastbench)]
[30Dec2025 03:03:37.760] [main/DEBUG] [mixin/]: Registering mixin config: fastbench.mixins.json
[30Dec2025 03:03:37.762] [main/DEBUG] [mixin/]: Adding mixin platform agents for container SecureJarResource(polymorph)
[30Dec2025 03:03:37.762] [main/DEBUG] [mixin/]: Instancing new MixinPlatformAgentMinecraftForge for SecureJarResource(polymorph)
[30Dec2025 03:03:37.762] [main/DEBUG] [mixin/]: MixinPlatformAgentMinecraftForge rejected container SecureJarResource(polymorph)
[30Dec2025 03:03:37.762] [main/DEBUG] [mixin/]: Instancing new MixinPlatformAgentDefault for SecureJarResource(polymorph)
[30Dec2025 03:03:37.762] [main/DEBUG] [mixin/]: MixinPlatformAgentDefault accepted container SecureJarResource(polymorph)
[30Dec2025 03:03:37.763] [main/DEBUG] [mixin/]: Processing prepare() for PlatformAgent[MixinPlatformAgentDefault:SecureJarResource(polymorph)]
[30Dec2025 03:03:37.763] [main/DEBUG] [mixin/]: Registering mixin config: polymorph.mixins.json
[30Dec2025 03:03:37.765] [main/DEBUG] [mixin/]: Registering mixin config: polymorph-integrations.forge.mixins.json
[30Dec2025 03:03:37.766] [main/DEBUG] [mixin/]: Compatibility level JAVA_16 specified by polymorph-integrations.forge.mixins.json is higher than the maximum level supported by this version of mixin (JAVA_13).
[30Dec2025 03:03:37.767] [main/DEBUG] [mixin/]: Adding mixin platform agents for container SecureJarResource(securitycraft)
[30Dec2025 03:03:37.767] [main/DEBUG] [mixin/]: Instancing new MixinPlatformAgentMinecraftForge for SecureJarResource(securitycraft)
[30Dec2025 03:03:37.767] [main/DEBUG] [mixin/]: MixinPlatformAgentMinecraftForge rejected container SecureJarResource(securitycraft)
[30Dec2025 03:03:37.767] [main/DEBUG] [mixin/]: Instancing new MixinPlatformAgentDefault for SecureJarResource(securitycraft)
[30Dec2025 03:03:37.767] [main/DEBUG] [mixin/]: MixinPlatformAgentDefault accepted container SecureJarResource(securitycraft)
[30Dec2025 03:03:37.767] [main/DEBUG] [mixin/]: Processing prepare() for PlatformAgent[MixinPlatformAgentDefault:SecureJarResource(securitycraft)]
[30Dec2025 03:03:37.768] [main/DEBUG] [mixin/]: Registering mixin config: securitycraft.mixins.json
[30Dec2025 03:03:37.770] [main/DEBUG] [mixin/]: Adding mixin platform agents for container SecureJarResource(better_zombie_drops)
[30Dec2025 03:03:37.770] [main/DEBUG] [mixin/]: Instancing new MixinPlatformAgentMinecraftForge for SecureJarResource(better_zombie_drops)
[30Dec2025 03:03:37.770] [main/DEBUG] [mixin/]: MixinPlatformAgentMinecraftForge rejected container SecureJarResource(better_zombie_drops)
[30Dec2025 03:03:37.770] [main/DEBUG] [mixin/]: Instancing new MixinPlatformAgentDefault for SecureJarResource(better_zombie_drops)
[30Dec2025 03:03:37.770] [main/DEBUG] [mixin/]: MixinPlatformAgentDefault accepted container SecureJarResource(better_zombie_drops)
[30Dec2025 03:03:37.770] [main/DEBUG] [mixin/]: Processing prepare() for PlatformAgent[MixinPlatformAgentDefault:SecureJarResource(better_zombie_drops)]
[30Dec2025 03:03:37.771] [main/DEBUG] [mixin/]: Adding mixin platform agents for container SecureJarResource(fancymenu)
[30Dec2025 03:03:37.771] [main/DEBUG] [mixin/]: Instancing new MixinPlatformAgentMinecraftForge for SecureJarResource(fancymenu)
[30Dec2025 03:03:37.771] [main/DEBUG] [mixin/]: MixinPlatformAgentMinecraftForge rejected container SecureJarResource(fancymenu)
[30Dec2025 03:03:37.771] [main/DEBUG] [mixin/]: Instancing new MixinPlatformAgentDefault for SecureJarResource(fancymenu)
[30Dec2025 03:03:37.771] [main/DEBUG] [mixin/]: MixinPlatformAgentDefault accepted container SecureJarResource(fancymenu)
[30Dec2025 03:03:37.771] [main/DEBUG] [mixin/]: Processing prepare() for PlatformAgent[MixinPlatformAgentDefault:SecureJarResource(fancymenu)]
[30Dec2025 03:03:37.771] [main/DEBUG] [mixin/]: Registering mixin config: fancymenu.mixins.json
[30Dec2025 03:03:37.773] [main/DEBUG] [mixin/]: Registering mixin config: fancymenu.forge.mixins.json
[30Dec2025 03:03:37.775] [main/DEBUG] [mixin/]: Adding mixin platform agents for container SecureJarResource(immediatelyfast)
[30Dec2025 03:03:37.775] [main/DEBUG] [mixin/]: Instancing new MixinPlatformAgentMinecraftForge for SecureJarResource(immediatelyfast)
[30Dec2025 03:03:37.776] [main/DEBUG] [mixin/]: MixinPlatformAgentMinecraftForge rejected container SecureJarResource(immediatelyfast)
[30Dec2025 03:03:37.776] [main/DEBUG] [mixin/]: Instancing new MixinPlatformAgentDefault for SecureJarResource(immediatelyfast)
[30Dec2025 03:03:37.776] [main/DEBUG] [mixin/]: MixinPlatformAgentDefault accepted container SecureJarResource(immediatelyfast)
[30Dec2025 03:03:37.776] [main/DEBUG] [mixin/]: Processing prepare() for PlatformAgent[MixinPlatformAgentDefault:SecureJarResource(immediatelyfast)]
[30Dec2025 03:03:37.776] [main/DEBUG] [mixin/]: Registering mixin config: immediatelyfast-forge.mixins.json
[30Dec2025 03:03:37.778] [main/DEBUG] [mixin/]: Registering mixin config: immediatelyfast-common.mixins.json
[30Dec2025 03:03:37.780] [main/DEBUG] [mixin/]: Adding mixin platform agents for container SecureJarResource(coroutil)
[30Dec2025 03:03:37.780] [main/DEBUG] [mixin/]: Instancing new MixinPlatformAgentMinecraftForge for SecureJarResource(coroutil)
[30Dec2025 03:03:37.780] [main/DEBUG] [mixin/]: MixinPlatformAgentMinecraftForge rejected container SecureJarResource(coroutil)
[30Dec2025 03:03:37.780] [main/DEBUG] [mixin/]: Instancing new MixinPlatformAgentDefault for SecureJarResource(coroutil)
[30Dec2025 03:03:37.781] [main/DEBUG] [mixin/]: MixinPlatformAgentDefault accepted container SecureJarResource(coroutil)
[30Dec2025 03:03:37.781] [main/DEBUG] [mixin/]: Processing prepare() for PlatformAgent[MixinPlatformAgentDefault:SecureJarResource(coroutil)]
[30Dec2025 03:03:37.781] [main/DEBUG] [mixin/]: Registering mixin config: coroutil.mixins.json
[30Dec2025 03:03:37.783] [main/DEBUG] [mixin/]: Adding mixin platform agents for container SecureJarResource(fastfurnace)
[30Dec2025 03:03:37.783] [main/DEBUG] [mixin/]: Instancing new MixinPlatformAgentMinecraftForge for SecureJarResource(fastfurnace)
[30Dec2025 03:03:37.783] [main/DEBUG] [mixin/]: MixinPlatformAgentMinecraftForge rejected container SecureJarResource(fastfurnace)
[30Dec2025 03:03:37.783] [main/DEBUG] [mixin/]: Instancing new MixinPlatformAgentDefault for SecureJarResource(fastfurnace)
[30Dec2025 03:03:37.783] [main/DEBUG] [mixin/]: MixinPlatformAgentDefault accepted container SecureJarResource(fastfurnace)
[30Dec2025 03:03:37.783] [main/DEBUG] [mixin/]: Processing prepare() for PlatformAgent[MixinPlatformAgentDefault:SecureJarResource(fastfurnace)]
[30Dec2025 03:03:37.784] [main/DEBUG] [mixin/]: Registering mixin config: fastfurnace.mixins.json
[30Dec2025 03:03:37.785] [main/DEBUG] [mixin/]: Adding mixin platform agents for container SecureJarResource(lootr)
[30Dec2025 03:03:37.786] [main/DEBUG] [mixin/]: Instancing new MixinPlatformAgentMinecraftForge for SecureJarResource(lootr)
[30Dec2025 03:03:37.786] [main/DEBUG] [mixin/]: MixinPlatformAgentMinecraftForge rejected container SecureJarResource(lootr)
[30Dec2025 03:03:37.786] [main/DEBUG] [mixin/]: Instancing new MixinPlatformAgentDefault for SecureJarResource(lootr)
[30Dec2025 03:03:37.786] [main/DEBUG] [mixin/]: MixinPlatformAgentDefault accepted container SecureJarResource(lootr)
[30Dec2025 03:03:37.786] [main/DEBUG] [mixin/]: Processing prepare() for PlatformAgent[MixinPlatformAgentDefault:SecureJarResource(lootr)]
[30Dec2025 03:03:37.786] [main/DEBUG] [mixin/]: Registering mixin config: lootr.mixins.json
[30Dec2025 03:03:37.788] [main/DEBUG] [mixin/]: Adding mixin platform agents for container SecureJarResource(ferritecore)
[30Dec2025 03:03:37.788] [main/DEBUG] [mixin/]: Instancing new MixinPlatformAgentMinecraftForge for SecureJarResource(ferritecore)
[30Dec2025 03:03:37.788] [main/DEBUG] [mixin/]: MixinPlatformAgentMinecraftForge rejected container SecureJarResource(ferritecore)
[30Dec2025 03:03:37.788] [main/DEBUG] [mixin/]: Instancing new MixinPlatformAgentDefault for SecureJarResource(ferritecore)
[30Dec2025 03:03:37.789] [main/DEBUG] [mixin/]: MixinPlatformAgentDefault accepted container SecureJarResource(ferritecore)
[30Dec2025 03:03:37.789] [main/DEBUG] [mixin/]: Processing prepare() for PlatformAgent[MixinPlatformAgentDefault:SecureJarResource(ferritecore)]
[30Dec2025 03:03:37.789] [main/DEBUG] [mixin/]: Registering mixin config: ferritecore.predicates.mixin.json
[30Dec2025 03:03:37.791] [main/DEBUG] [mixin/]: Registering mixin config: ferritecore.fastmap.mixin.json
[30Dec2025 03:03:37.793] [main/DEBUG] [mixin/]: Registering mixin config: ferritecore.mrl.mixin.json
[30Dec2025 03:03:37.796] [main/DEBUG] [mixin/]: Registering mixin config: ferritecore.dedupmultipart.mixin.json
[30Dec2025 03:03:37.798] [main/DEBUG] [mixin/]: Registering mixin config: ferritecore.blockstatecache.mixin.json
[30Dec2025 03:03:37.800] [main/DEBUG] [mixin/]: Registering mixin config: ferritecore.dedupbakedquad.mixin.json
[30Dec2025 03:03:37.802] [main/DEBUG] [mixin/]: Registering mixin config: ferritecore.threaddetec.mixin.json
[30Dec2025 03:03:37.804] [main/DEBUG] [mixin/]: Registering mixin config: ferritecore.modelsides.mixin.json
[30Dec2025 03:03:37.807] [main/DEBUG] [mixin/]: Adding mixin platform agents for container SecureJarResource(puzzleslib)
[30Dec2025 03:03:37.807] [main/DEBUG] [mixin/]: Instancing new MixinPlatformAgentMinecraftForge for SecureJarResource(puzzleslib)
[30Dec2025 03:03:37.807] [main/DEBUG] [mixin/]: MixinPlatformAgentMinecraftForge rejected container SecureJarResource(puzzleslib)
[30Dec2025 03:03:37.807] [main/DEBUG] [mixin/]: Instancing new MixinPlatformAgentDefault for SecureJarResource(puzzleslib)
[30Dec2025 03:03:37.808] [main/DEBUG] [mixin/]: MixinPlatformAgentDefault accepted container SecureJarResource(puzzleslib)
[30Dec2025 03:03:37.808] [main/DEBUG] [mixin/]: Processing prepare() for PlatformAgent[MixinPlatformAgentDefault:SecureJarResource(puzzleslib)]
[30Dec2025 03:03:37.808] [main/DEBUG] [mixin/]: Registering mixin config: puzzleslib.common.mixins.json
[30Dec2025 03:03:37.810] [main/DEBUG] [mixin/]: Registering mixin config: puzzleslib.forge.mixins.json
[30Dec2025 03:03:37.812] [main/DEBUG] [mixin/]: Adding mixin platform agents for container SecureJarResource(justzoom)
[30Dec2025 03:03:37.812] [main/DEBUG] [mixin/]: Instancing new MixinPlatformAgentMinecraftForge for SecureJarResource(justzoom)
[30Dec2025 03:03:37.812] [main/DEBUG] [mixin/]: MixinPlatformAgentMinecraftForge rejected container SecureJarResource(justzoom)
[30Dec2025 03:03:37.812] [main/DEBUG] [mixin/]: Instancing new MixinPlatformAgentDefault for SecureJarResource(justzoom)
[30Dec2025 03:03:37.812] [main/DEBUG] [mixin/]: MixinPlatformAgentDefault accepted container SecureJarResource(justzoom)
[30Dec2025 03:03:37.812] [main/DEBUG] [mixin/]: Processing prepare() for PlatformAgent[MixinPlatformAgentDefault:SecureJarResource(justzoom)]
[30Dec2025 03:03:37.812] [main/DEBUG] [mixin/]: Registering mixin config: justzoom.mixins.json
[30Dec2025 03:03:37.814] [main/DEBUG] [mixin/]: Registering mixin config: justzoom.forge.mixins.json
[30Dec2025 03:03:37.818] [main/DEBUG] [mixin/]: Adding mixin platform agents for container SecureJarResource(charmofundying)
[30Dec2025 03:03:37.819] [main/DEBUG] [mixin/]: Instancing new MixinPlatformAgentMinecraftForge for SecureJarResource(charmofundying)
[30Dec2025 03:03:37.819] [main/DEBUG] [mixin/]: MixinPlatformAgentMinecraftForge rejected container SecureJarResource(charmofundying)
[30Dec2025 03:03:37.819] [main/DEBUG] [mixin/]: Instancing new MixinPlatformAgentDefault for SecureJarResource(charmofundying)
[30Dec2025 03:03:37.820] [main/DEBUG] [mixin/]: MixinPlatformAgentDefault accepted container SecureJarResource(charmofundying)
[30Dec2025 03:03:37.820] [main/DEBUG] [mixin/]: Processing prepare() for PlatformAgent[MixinPlatformAgentDefault:SecureJarResource(charmofundying)]
[30Dec2025 03:03:37.820] [main/DEBUG] [mixin/]: Registering mixin config: charmofundying.mixins.json
[30Dec2025 03:03:37.821] [main/DEBUG] [mixin/]: Adding mixin platform agents for container SecureJarResource(packetfixer)
[30Dec2025 03:03:37.822] [main/DEBUG] [mixin/]: Instancing new MixinPlatformAgentMinecraftForge for SecureJarResource(packetfixer)
[30Dec2025 03:03:37.822] [main/DEBUG] [mixin/]: MixinPlatformAgentMinecraftForge rejected container SecureJarResource(packetfixer)
[30Dec2025 03:03:37.822] [main/DEBUG] [mixin/]: Instancing new MixinPlatformAgentDefault for SecureJarResource(packetfixer)
[30Dec2025 03:03:37.822] [main/DEBUG] [mixin/]: MixinPlatformAgentDefault accepted container SecureJarResource(packetfixer)
[30Dec2025 03:03:37.822] [main/DEBUG] [mixin/]: Processing prepare() for PlatformAgent[MixinPlatformAgentDefault:SecureJarResource(packetfixer)]
[30Dec2025 03:03:37.822] [main/DEBUG] [mixin/]: Registering mixin config: packetfixer-common.mixins.json
[30Dec2025 03:03:37.824] [main/DEBUG] [mixin/]: Registering mixin config: packetfixer-forge.mixins.json
[30Dec2025 03:03:37.826] [main/DEBUG] [mixin/]: Adding mixin platform agents for container SecureJarResource(openloader)
[30Dec2025 03:03:37.826] [main/DEBUG] [mixin/]: Instancing new MixinPlatformAgentMinecraftForge for SecureJarResource(openloader)
[30Dec2025 03:03:37.826] [main/DEBUG] [mixin/]: MixinPlatformAgentMinecraftForge rejected container SecureJarResource(openloader)
[30Dec2025 03:03:37.827] [main/DEBUG] [mixin/]: Instancing new MixinPlatformAgentDefault for SecureJarResource(openloader)
[30Dec2025 03:03:37.827] [main/DEBUG] [mixin/]: MixinPlatformAgentDefault accepted container SecureJarResource(openloader)
[30Dec2025 03:03:37.827] [main/DEBUG] [mixin/]: Processing prepare() for PlatformAgent[MixinPlatformAgentDefault:SecureJarResource(openloader)]
[30Dec2025 03:03:37.827] [main/DEBUG] [mixin/]: Adding mixin platform agents for container SecureJarResource(mclib)
[30Dec2025 03:03:37.827] [main/DEBUG] [mixin/]: Instancing new MixinPlatformAgentMinecraftForge for SecureJarResource(mclib)
[30Dec2025 03:03:37.827] [main/DEBUG] [mixin/]: MixinPlatformAgentMinecraftForge rejected container SecureJarResource(mclib)
[30Dec2025 03:03:37.827] [main/DEBUG] [mixin/]: Instancing new MixinPlatformAgentDefault for SecureJarResource(mclib)
[30Dec2025 03:03:37.828] [main/DEBUG] [mixin/]: MixinPlatformAgentDefault accepted container SecureJarResource(mclib)
[30Dec2025 03:03:37.828] [main/DEBUG] [mixin/]: Processing prepare() for PlatformAgent[MixinPlatformAgentDefault:SecureJarResource(mclib)]
[30Dec2025 03:03:37.828] [main/DEBUG] [mixin/]: Adding mixin platform agents for container SecureJarResource(luaj.core)
[30Dec2025 03:03:37.828] [main/DEBUG] [mixin/]: Instancing new MixinPlatformAgentMinecraftForge for SecureJarResource(luaj.core)
[30Dec2025 03:03:37.828] [main/DEBUG] [mixin/]: MixinPlatformAgentMinecraftForge rejected container SecureJarResource(luaj.core)
[30Dec2025 03:03:37.828] [main/DEBUG] [mixin/]: Instancing new MixinPlatformAgentDefault for SecureJarResource(luaj.core)
[30Dec2025 03:03:37.828] [main/DEBUG] [mixin/]: MixinPlatformAgentDefault accepted container SecureJarResource(luaj.core)
[30Dec2025 03:03:37.828] [main/DEBUG] [mixin/]: Processing prepare() for PlatformAgent[MixinPlatformAgentDefault:SecureJarResource(luaj.core)]
[30Dec2025 03:03:37.828] [main/DEBUG] [mixin/]: Adding mixin platform agents for container SecureJarResource(org.yaml.snakeyaml)
[30Dec2025 03:03:37.829] [main/DEBUG] [mixin/]: Instancing new MixinPlatformAgentMinecraftForge for SecureJarResource(org.yaml.snakeyaml)
[30Dec2025 03:03:37.829] [main/DEBUG] [mixin/]: MixinPlatformAgentMinecraftForge rejected container SecureJarResource(org.yaml.snakeyaml)
[30Dec2025 03:03:37.829] [main/DEBUG] [mixin/]: Instancing new MixinPlatformAgentDefault for SecureJarResource(org.yaml.snakeyaml)
[30Dec2025 03:03:37.830] [main/DEBUG] [mixin/]: MixinPlatformAgentDefault accepted container SecureJarResource(org.yaml.snakeyaml)
[30Dec2025 03:03:37.830] [main/DEBUG] [mixin/]: Processing prepare() for PlatformAgent[MixinPlatformAgentDefault:SecureJarResource(org.yaml.snakeyaml)]
[30Dec2025 03:03:37.830] [main/DEBUG] [mixin/]: Adding mixin platform agents for container SecureJarResource(battery)
[30Dec2025 03:03:37.830] [main/DEBUG] [mixin/]: Instancing new MixinPlatformAgentMinecraftForge for SecureJarResource(battery)
[30Dec2025 03:03:37.830] [main/DEBUG] [mixin/]: MixinPlatformAgentMinecraftForge rejected container SecureJarResource(battery)
[30Dec2025 03:03:37.830] [main/DEBUG] [mixin/]: Instancing new MixinPlatformAgentDefault for SecureJarResource(battery)
[30Dec2025 03:03:37.830] [main/DEBUG] [mixin/]: MixinPlatformAgentDefault accepted container SecureJarResource(battery)
[30Dec2025 03:03:37.830] [main/DEBUG] [mixin/]: Processing prepare() for PlatformAgent[MixinPlatformAgentDefault:SecureJarResource(battery)]
[30Dec2025 03:03:37.830] [main/DEBUG] [mixin/]: Adding mixin platform agents for container SecureJarResource(com.madgag.gif.fmsware)
[30Dec2025 03:03:37.830] [main/DEBUG] [mixin/]: Instancing new MixinPlatformAgentMinecraftForge for SecureJarResource(com.madgag.gif.fmsware)
[30Dec2025 03:03:37.830] [main/DEBUG] [mixin/]: MixinPlatformAgentMinecraftForge rejected container SecureJarResource(com.madgag.gif.fmsware)
[30Dec2025 03:03:37.830] [main/DEBUG] [mixin/]: Instancing new MixinPlatformAgentDefault for SecureJarResource(com.madgag.gif.fmsware)
[30Dec2025 03:03:37.830] [main/DEBUG] [mixin/]: MixinPlatformAgentDefault accepted container SecureJarResource(com.madgag.gif.fmsware)
[30Dec2025 03:03:37.830] [main/DEBUG] [mixin/]: Processing prepare() for PlatformAgent[MixinPlatformAgentDefault:SecureJarResource(com.madgag.gif.fmsware)]
[30Dec2025 03:03:37.830] [main/DEBUG] [mixin/]: Adding mixin platform agents for container SecureJarResource(luaj.jse)
[30Dec2025 03:03:37.830] [main/DEBUG] [mixin/]: Instancing new MixinPlatformAgentMinecraftForge for SecureJarResource(luaj.jse)
[30Dec2025 03:03:37.830] [main/DEBUG] [mixin/]: MixinPlatformAgentMinecraftForge rejected container SecureJarResource(luaj.jse)
[30Dec2025 03:03:37.830] [main/DEBUG] [mixin/]: Instancing new MixinPlatformAgentDefault for SecureJarResource(luaj.jse)
[30Dec2025 03:03:37.831] [main/DEBUG] [mixin/]: MixinPlatformAgentDefault accepted container SecureJarResource(luaj.jse)
[30Dec2025 03:03:37.831] [main/DEBUG] [mixin/]: Processing prepare() for PlatformAgent[MixinPlatformAgentDefault:SecureJarResource(luaj.jse)]
[30Dec2025 03:03:37.831] [main/DEBUG] [mixin/]: Adding mixin platform agents for container SecureJarResource(yabn)
[30Dec2025 03:03:37.831] [main/DEBUG] [mixin/]: Instancing new MixinPlatformAgentMinecraftForge for SecureJarResource(yabn)
[30Dec2025 03:03:37.831] [main/DEBUG] [mixin/]: MixinPlatformAgentMinecraftForge rejected container SecureJarResource(yabn)
[30Dec2025 03:03:37.831] [main/DEBUG] [mixin/]: Instancing new MixinPlatformAgentDefault for SecureJarResource(yabn)
[30Dec2025 03:03:37.831] [main/DEBUG] [mixin/]: MixinPlatformAgentDefault accepted container SecureJarResource(yabn)
[30Dec2025 03:03:37.831] [main/DEBUG] [mixin/]: Processing prepare() for PlatformAgent[MixinPlatformAgentDefault:SecureJarResource(yabn)]
[30Dec2025 03:03:37.831] [main/DEBUG] [mixin/]: Adding mixin platform agents for container SecureJarResource(Reflect)
[30Dec2025 03:03:37.831] [main/DEBUG] [mixin/]: Instancing new MixinPlatformAgentMinecraftForge for SecureJarResource(Reflect)
[30Dec2025 03:03:37.831] [main/DEBUG] [mixin/]: MixinPlatformAgentMinecraftForge rejected container SecureJarResource(Reflect)
[30Dec2025 03:03:37.831] [main/DEBUG] [mixin/]: Instancing new MixinPlatformAgentDefault for SecureJarResource(Reflect)
[30Dec2025 03:03:37.831] [main/DEBUG] [mixin/]: MixinPlatformAgentDefault accepted container SecureJarResource(Reflect)
[30Dec2025 03:03:37.831] [main/DEBUG] [mixin/]: Processing prepare() for PlatformAgent[MixinPlatformAgentDefault:SecureJarResource(Reflect)]
[30Dec2025 03:03:37.831] [main/DEBUG] [mixin/]: Adding mixin platform agents for container SecureJarResource(commons.math3)
[30Dec2025 03:03:37.831] [main/DEBUG] [mixin/]: Instancing new MixinPlatformAgentMinecraftForge for SecureJarResource(commons.math3)
[30Dec2025 03:03:37.831] [main/DEBUG] [mixin/]: MixinPlatformAgentMinecraftForge rejected container SecureJarResource(commons.math3)
[30Dec2025 03:03:37.831] [main/DEBUG] [mixin/]: Instancing new MixinPlatformAgentDefault for SecureJarResource(commons.math3)
[30Dec2025 03:03:37.831] [main/DEBUG] [mixin/]: MixinPlatformAgentDefault accepted container SecureJarResource(commons.math3)
[30Dec2025 03:03:37.831] [main/DEBUG] [mixin/]: Processing prepare() for PlatformAgent[MixinPlatformAgentDefault:SecureJarResource(commons.math3)]
[30Dec2025 03:03:37.831] [main/DEBUG] [mixin/]: Adding mixin platform agents for container SecureJarResource(japng)
[30Dec2025 03:03:37.831] [main/DEBUG] [mixin/]: Instancing new MixinPlatformAgentMinecraftForge for SecureJarResource(japng)
[30Dec2025 03:03:37.831] [main/DEBUG] [mixin/]: MixinPlatformAgentMinecraftForge rejected container SecureJarResource(japng)
[30Dec2025 03:03:37.831] [main/DEBUG] [mixin/]: Instancing new MixinPlatformAgentDefault for SecureJarResource(japng)
[30Dec2025 03:03:37.831] [main/DEBUG] [mixin/]: MixinPlatformAgentDefault accepted container SecureJarResource(japng)
[30Dec2025 03:03:37.831] [main/DEBUG] [mixin/]: Processing prepare() for PlatformAgent[MixinPlatformAgentDefault:SecureJarResource(japng)]
[30Dec2025 03:03:37.831] [main/DEBUG] [mixin/]: Adding mixin platform agents for container SecureJarResource(bytecodecs)
[30Dec2025 03:03:37.831] [main/DEBUG] [mixin/]: Instancing new MixinPlatformAgentMinecraftForge for SecureJarResource(bytecodecs)
[30Dec2025 03:03:37.831] [main/DEBUG] [mixin/]: MixinPlatformAgentMinecraftForge rejected container SecureJarResource(bytecodecs)
[30Dec2025 03:03:37.831] [main/DEBUG] [mixin/]: Instancing new MixinPlatformAgentDefault for SecureJarResource(bytecodecs)
[30Dec2025 03:03:37.831] [main/DEBUG] [mixin/]: MixinPlatformAgentDefault accepted container SecureJarResource(bytecodecs)
[30Dec2025 03:03:37.831] [main/DEBUG] [mixin/]: Processing prepare() for PlatformAgent[MixinPlatformAgentDefault:SecureJarResource(bytecodecs)]
[30Dec2025 03:03:37.831] [main/DEBUG] [mixin/]: Adding mixin platform agents for container SecureJarResource(jankson)
[30Dec2025 03:03:37.831] [main/DEBUG] [mixin/]: Instancing new MixinPlatformAgentMinecraftForge for SecureJarResource(jankson)
[30Dec2025 03:03:37.831] [main/DEBUG] [mixin/]: MixinPlatformAgentMinecraftForge rejected container SecureJarResource(jankson)
[30Dec2025 03:03:37.831] [main/DEBUG] [mixin/]: Instancing new MixinPlatformAgentDefault for SecureJarResource(jankson)
[30Dec2025 03:03:37.831] [main/DEBUG] [mixin/]: MixinPlatformAgentDefault accepted container SecureJarResource(jankson)
[30Dec2025 03:03:37.831] [main/DEBUG] [mixin/]: Processing prepare() for PlatformAgent[MixinPlatformAgentDefault:SecureJarResource(jankson)]
[30Dec2025 03:03:37.831] [main/DEBUG] [mixin/]: Adding mixin platform agents for container SecureJarResource(MinecraftForgeAPI)
[30Dec2025 03:03:37.831] [main/DEBUG] [mixin/]: Instancing new MixinPlatformAgentMinecraftForge for SecureJarResource(MinecraftForgeAPI)
[30Dec2025 03:03:37.831] [main/DEBUG] [mixin/]: MixinPlatformAgentMinecraftForge rejected container SecureJarResource(MinecraftForgeAPI)
[30Dec2025 03:03:37.831] [main/DEBUG] [mixin/]: Instancing new MixinPlatformAgentDefault for SecureJarResource(MinecraftForgeAPI)
[30Dec2025 03:03:37.831] [main/DEBUG] [mixin/]: MixinPlatformAgentDefault accepted container SecureJarResource(MinecraftForgeAPI)
[30Dec2025 03:03:37.832] [main/DEBUG] [mixin/]: Processing prepare() for PlatformAgent[MixinPlatformAgentDefault:SecureJarResource(MinecraftForgeAPI)]
[30Dec2025 03:03:37.832] [main/DEBUG] [mixin/]: Adding mixin platform agents for container SecureJarResource(thedarkcolour.kotlinforforge.kfflib)
[30Dec2025 03:03:37.832] [main/DEBUG] [mixin/]: Instancing new MixinPlatformAgentMinecraftForge for SecureJarResource(thedarkcolour.kotlinforforge.kfflib)
[30Dec2025 03:03:37.832] [main/DEBUG] [mixin/]: MixinPlatformAgentMinecraftForge rejected container SecureJarResource(thedarkcolour.kotlinforforge.kfflib)
[30Dec2025 03:03:37.832] [main/DEBUG] [mixin/]: Instancing new MixinPlatformAgentDefault for SecureJarResource(thedarkcolour.kotlinforforge.kfflib)
[30Dec2025 03:03:37.832] [main/DEBUG] [mixin/]: MixinPlatformAgentDefault accepted container SecureJarResource(thedarkcolour.kotlinforforge.kfflib)
[30Dec2025 03:03:37.832] [main/DEBUG] [mixin/]: Processing prepare() for PlatformAgent[MixinPlatformAgentDefault:SecureJarResource(thedarkcolour.kotlinforforge.kfflib)]
[30Dec2025 03:03:37.832] [main/DEBUG] [mixin/]: Adding mixin platform agents for container SecureJarResource(MixinExtras)
[30Dec2025 03:03:37.832] [main/DEBUG] [mixin/]: Instancing new MixinPlatformAgentMinecraftForge for SecureJarResource(MixinExtras)
[30Dec2025 03:03:37.832] [main/DEBUG] [mixin/]: MixinPlatformAgentMinecraftForge rejected container SecureJarResource(MixinExtras)
[30Dec2025 03:03:37.832] [main/DEBUG] [mixin/]: Instancing new MixinPlatformAgentDefault for SecureJarResource(MixinExtras)
[30Dec2025 03:03:37.832] [main/DEBUG] [mixin/]: MixinPlatformAgentDefault accepted container SecureJarResource(MixinExtras)
[30Dec2025 03:03:37.832] [main/DEBUG] [mixin/]: Processing prepare() for PlatformAgent[MixinPlatformAgentDefault:SecureJarResource(MixinExtras)]
[30Dec2025 03:03:37.832] [main/DEBUG] [mixin/]: inject() running with 119 agents
[30Dec2025 03:03:37.832] [main/DEBUG] [mixin/]: Processing inject() for PlatformAgent[MixinPlatformAgentDefault:ModLauncher Root Container(ModLauncher:4f56a0a2)]
[30Dec2025 03:03:37.832] [main/DEBUG] [mixin/]: Processing inject() for PlatformAgent[MixinPlatformAgentDefault:SecureJarResource(auudio)]
[30Dec2025 03:03:37.832] [main/DEBUG] [mixin/]: Processing inject() for PlatformAgent[MixinPlatformAgentDefault:SecureJarResource(almanac)]
[30Dec2025 03:03:37.832] [main/DEBUG] [mixin/]: Processing inject() for PlatformAgent[MixinPlatformAgentDefault:SecureJarResource(geckolib)]
[30Dec2025 03:03:37.832] [main/DEBUG] [mixin/]: Processing inject() for PlatformAgent[MixinPlatformAgentDefault:SecureJarResource(playeranimator)]
[30Dec2025 03:03:37.832] [main/DEBUG] [mixin/]: Processing inject() for PlatformAgent[MixinPlatformAgentDefault:SecureJarResource(incontrol)]
[30Dec2025 03:03:37.832] [main/DEBUG] [mixin/]: Processing inject() for PlatformAgent[MixinPlatformAgentDefault:SecureJarResource(insanelib)]
[30Dec2025 03:03:37.832] [main/DEBUG] [mixin/]: Processing inject() for PlatformAgent[MixinPlatformAgentDefault:SecureJarResource(configurableextramobdrops)]
[30Dec2025 03:03:37.832] [main/DEBUG] [mixin/]: Processing inject() for PlatformAgent[MixinPlatformAgentDefault:SecureJarResource(controlling)]
[30Dec2025 03:03:37.832] [main/DEBUG] [mixin/]: Processing inject() for PlatformAgent[MixinPlatformAgentDefault:SecureJarResource(placebo)]
[30Dec2025 03:03:37.832] [main/DEBUG] [mixin/]: Processing inject() for PlatformAgent[MixinPlatformAgentDefault:SecureJarResource(citadel)]
[30Dec2025 03:03:37.832] [main/DEBUG] [mixin/]: Processing inject() for PlatformAgent[MixinPlatformAgentDefault:SecureJarResource(mixinextras)]
[30Dec2025 03:03:37.832] [main/DEBUG] [mixin/]: Processing inject() for PlatformAgent[MixinPlatformAgentDefault:SecureJarResource(bookshelf)]
[30Dec2025 03:03:37.832] [main/DEBUG] [mixin/]: Processing inject() for PlatformAgent[MixinPlatformAgentDefault:SecureJarResource(uteamcore)]
[30Dec2025 03:03:37.832] [main/DEBUG] [mixin/]: Processing inject() for PlatformAgent[MixinPlatformAgentDefault:SecureJarResource(melody)]
[30Dec2025 03:03:37.832] [main/DEBUG] [mixin/]: Processing inject() for PlatformAgent[MixinPlatformAgentDefault:SecureJarResource(jeresources)]
[30Dec2025 03:03:37.832] [main/DEBUG] [mixin/]: Processing inject() for PlatformAgent[MixinPlatformAgentDefault:SecureJarResource(cloth_config)]
[30Dec2025 03:03:37.832] [main/DEBUG] [mixin/]: Processing inject() for PlatformAgent[MixinPlatformAgentDefault:SecureJarResource(konkrete)]
[30Dec2025 03:03:37.832] [main/DEBUG] [mixin/]: Processing inject() for PlatformAgent[MixinPlatformAgentDefault:SecureJarResource(embeddium)]
[30Dec2025 03:03:37.832] [main/DEBUG] [mixin/]: Processing inject() for PlatformAgent[MixinPlatformAgentDefault:SecureJarResource(athena)]
[30Dec2025 03:03:37.832] [main/DEBUG] [mixin/]: Processing inject() for PlatformAgent[MixinPlatformAgentDefault:SecureJarResource(structure_gel)]
[30Dec2025 03:03:37.832] [main/DEBUG] [mixin/]: Processing inject() for PlatformAgent[MixinPlatformAgentDefault:SecureJarResource(corpse)]
[30Dec2025 03:03:37.832] [main/DEBUG] [mixin/]: Processing inject() for PlatformAgent[MixinPlatformAgentDefault:SecureJarResource(tenshilib)]
[30Dec2025 03:03:37.832] [main/DEBUG] [mixin/]: Processing inject() for PlatformAgent[MixinPlatformAgentDefault:SecureJarResource(gml)]
[30Dec2025 03:03:37.832] [main/DEBUG] [mixin/]: Processing inject() for PlatformAgent[MixinPlatformAgentDefault:SecureJarResource(dimension_access_manager)]
[30Dec2025 03:03:37.832] [main/DEBUG] [mixin/]: Processing inject() for PlatformAgent[MixinPlatformAgentDefault:SecureJarResource(overworld_netherite_ore)]
[30Dec2025 03:03:37.832] [main/DEBUG] [mixin/]: Processing inject() for PlatformAgent[MixinPlatformAgentDefault:SecureJarResource(curios)]
[30Dec2025 03:03:37.833] [main/DEBUG] [mixin/]: Processing inject() for PlatformAgent[MixinPlatformAgentDefault:SecureJarResource(patchouli)]
[30Dec2025 03:03:37.833] [main/DEBUG] [mixin/]: Processing inject() for PlatformAgent[MixinPlatformAgentDefault:SecureJarResource(itemblacklist)]
[30Dec2025 03:03:37.833] [main/DEBUG] [mixin/]: Processing inject() for PlatformAgent[MixinPlatformAgentDefault:SecureJarResource(collective)]
[30Dec2025 03:03:37.833] [main/DEBUG] [mixin/]: Processing inject() for PlatformAgent[MixinPlatformAgentDefault:SecureJarResource(commongroovylibrary)]
[30Dec2025 03:03:37.833] [main/DEBUG] [mixin/]: Processing inject() for PlatformAgent[MixinPlatformAgentDefault:SecureJarResource(searchables)]
[30Dec2025 03:03:37.833] [main/DEBUG] [mixin/]: Processing inject() for PlatformAgent[MixinPlatformAgentDefault:SecureJarResource(noisium)]
[30Dec2025 03:03:37.833] [main/DEBUG] [mixin/]: Processing inject() for PlatformAgent[MixinPlatformAgentDefault:SecureJarResource(lostcities)]
[30Dec2025 03:03:37.833] [main/DEBUG] [mixin/]: Processing inject() for PlatformAgent[MixinPlatformAgentDefault:SecureJarResource(pointblank)]
[30Dec2025 03:03:37.833] [main/DEBUG] [mixin/]: Processing inject() for PlatformAgent[MixinPlatformAgentDefault:SecureJarResource(resourcefullib)]
[30Dec2025 03:03:37.833] [main/DEBUG] [mixin/]: Processing inject() for PlatformAgent[MixinPlatformAgentDefault:SecureJarResource(atlaslib)]
[30Dec2025 03:03:37.833] [main/DEBUG] [mixin/]: Processing inject() for PlatformAgent[MixinPlatformAgentDefault:SecureJarResource(starterkit)]
[30Dec2025 03:03:37.833] [main/DEBUG] [mixin/]: Processing inject() for PlatformAgent[MixinPlatformAgentDefault:SecureJarResource(scalingmobs)]
[30Dec2025 03:03:37.833] [main/DEBUG] [mixin/]: Processing inject() for PlatformAgent[MixinPlatformAgentDefault:SecureJarResource(architectury)]
[30Dec2025 03:03:37.833] [main/DEBUG] [mixin/]: Processing inject() for PlatformAgent[MixinPlatformAgentDefault:SecureJarResource(nerb)]
[30Dec2025 03:03:37.833] [main/DEBUG] [mixin/]: Processing inject() for PlatformAgent[MixinPlatformAgentDefault:SecureJarResource(pandalib)]
[30Dec2025 03:03:37.834] [main/DEBUG] [mixin/]: Processing inject() for PlatformAgent[MixinPlatformAgentDefault:SecureJarResource(cupboard)]
[30Dec2025 03:03:37.834] [main/DEBUG] [mixin/]: Processing inject() for PlatformAgent[MixinPlatformAgentDefault:SecureJarResource(firstjoinmessage)]
[30Dec2025 03:03:37.834] [main/DEBUG] [mixin/]: Processing inject() for PlatformAgent[MixinPlatformAgentDefault:SecureJarResource(dynamic_fps)]
[30Dec2025 03:03:37.834] [main/DEBUG] [mixin/]: Processing inject() for PlatformAgent[MixinPlatformAgentDefault:SecureJarResource(unilib)]
[30Dec2025 03:03:37.834] [main/DEBUG] [mixin/]: Processing inject() for PlatformAgent[MixinPlatformAgentDefault:SecureJarResource(framework)]
[30Dec2025 03:03:37.834] [main/DEBUG] [mixin/]: Processing inject() for PlatformAgent[MixinPlatformAgentDefault:SecureJarResource(letmedespawn)]
[30Dec2025 03:03:37.834] [main/DEBUG] [mixin/]: Processing inject() for PlatformAgent[MixinPlatformAgentDefault:SecureJarResource(no_ruined_nether_portals)]
[30Dec2025 03:03:37.834] [main/DEBUG] [mixin/]: Processing inject() for PlatformAgent[MixinPlatformAgentDefault:SecureJarResource(rhino)]
[30Dec2025 03:03:37.834] [main/DEBUG] [mixin/]: Processing inject() for PlatformAgent[MixinPlatformAgentDefault:SecureJarResource(fastload)]
[30Dec2025 03:03:37.835] [main/DEBUG] [mixin/]: Processing inject() for PlatformAgent[MixinPlatformAgentDefault:SecureJarResource(mutantmonsters)]
[30Dec2025 03:03:37.835] [main/DEBUG] [mixin/]: Processing inject() for PlatformAgent[MixinPlatformAgentDefault:SecureJarResource(mca)]
[30Dec2025 03:03:37.835] [main/DEBUG] [mixin/]: Processing inject() for PlatformAgent[MixinPlatformAgentDefault:SecureJarResource(nonetherportal)]
[30Dec2025 03:03:37.835] [main/DEBUG] [mixin/]: Processing inject() for PlatformAgent[MixinPlatformAgentDefault:SecureJarResource(octolib)]
[30Dec2025 03:03:37.835] [main/DEBUG] [mixin/]: Processing inject() for PlatformAgent[MixinPlatformAgentDefault:SecureJarResource(fastboot)]
[30Dec2025 03:03:37.835] [main/DEBUG] [mixin/]: Processing inject() for PlatformAgent[MixinPlatformAgentDefault:SecureJarResource(jei)]
[30Dec2025 03:03:37.835] [main/DEBUG] [mixin/]: Processing inject() for PlatformAgent[MixinPlatformAgentDefault:SecureJarResource(kubejs)]
[30Dec2025 03:03:37.835] [main/DEBUG] [mixin/]: Processing inject() for PlatformAgent[MixinPlatformAgentDefault:SecureJarResource(tacz)]
[30Dec2025 03:03:37.835] [main/DEBUG] [mixin/]: Processing inject() for PlatformAgent[MixinPlatformAgentDefault:SecureJarResource(immersive_weathering)]
[30Dec2025 03:03:37.835] [main/DEBUG] [mixin/]: Processing inject() for PlatformAgent[MixinPlatformAgentDefault:SecureJarResource(keerdm_zombie_essentials)]
[30Dec2025 03:03:37.835] [main/DEBUG] [mixin/]: Processing inject() for PlatformAgent[MixinPlatformAgentDefault:SecureJarResource(nobabyzombies1_20_1forge)]
[30Dec2025 03:03:37.835] [main/DEBUG] [mixin/]: Processing inject() for PlatformAgent[MixinPlatformAgentDefault:SecureJarResource(marbledsarsenal)]
[30Dec2025 03:03:37.836] [main/DEBUG] [mixin/]: Processing inject() for PlatformAgent[MixinPlatformAgentDefault:SecureJarResource(clumps)]
[30Dec2025 03:03:37.836] [main/DEBUG] [mixin/]: Processing inject() for PlatformAgent[MixinPlatformAgentDefault:SecureJarResource(fastasyncworldsave)]
[30Dec2025 03:03:37.836] [main/DEBUG] [mixin/]: Processing inject() for PlatformAgent[MixinPlatformAgentDefault:SecureJarResource(forgivingworld)]
[30Dec2025 03:03:37.836] [main/DEBUG] [mixin/]: Processing inject() for PlatformAgent[MixinPlatformAgentDefault:SecureJarResource(mcore)]
[30Dec2025 03:03:37.836] [main/DEBUG] [mixin/]: Processing inject() for PlatformAgent[MixinPlatformAgentDefault:SecureJarResource(glitchcore)]
[30Dec2025 03:03:37.836] [main/DEBUG] [mixin/]: Processing inject() for PlatformAgent[MixinPlatformAgentDefault:SecureJarResource(badmobs)]
[30Dec2025 03:03:37.836] [main/DEBUG] [mixin/]: Processing inject() for PlatformAgent[MixinPlatformAgentDefault:SecureJarResource(better_mob_food)]
[30Dec2025 03:03:37.836] [main/DEBUG] [mixin/]: Processing inject() for PlatformAgent[MixinPlatformAgentDefault:SecureJarResource(puzzlesaccessapi)]
[30Dec2025 03:03:37.836] [main/DEBUG] [mixin/]: Processing inject() for PlatformAgent[MixinPlatformAgentDefault:SecureJarResource(forge)]
[30Dec2025 03:03:37.836] [main/DEBUG] [mixin/]: Processing inject() for PlatformAgent[MixinPlatformAgentDefault:SecureJarResource(drippyloadingscreen)]
[30Dec2025 03:03:37.836] [main/DEBUG] [mixin/]: Processing inject() for PlatformAgent[MixinPlatformAgentDefault:SecureJarResource(minecraft)]
[30Dec2025 03:03:37.836] [main/DEBUG] [mixin/]: Processing inject() for PlatformAgent[MixinPlatformAgentDefault:SecureJarResource(cw_additions)]
[30Dec2025 03:03:37.837] [main/DEBUG] [mixin/]: Processing inject() for PlatformAgent[MixinPlatformAgentDefault:SecureJarResource(the_deep_void)]
[30Dec2025 03:03:37.837] [main/DEBUG] [mixin/]: Processing inject() for PlatformAgent[MixinPlatformAgentDefault:SecureJarResource(cofh_core)]
[30Dec2025 03:03:37.837] [main/DEBUG] [mixin/]: Processing inject() for PlatformAgent[MixinPlatformAgentDefault:SecureJarResource(moonlight)]
[30Dec2025 03:03:37.837] [main/DEBUG] [mixin/]: Processing inject() for PlatformAgent[MixinPlatformAgentDefault:SecureJarResource(mousetweaks)]
[30Dec2025 03:03:37.837] [main/DEBUG] [mixin/]: Processing inject() for PlatformAgent[MixinPlatformAgentDefault:SecureJarResource(creativecore)]
[30Dec2025 03:03:37.837] [main/DEBUG] [mixin/]: Processing inject() for PlatformAgent[MixinPlatformAgentDefault:SecureJarResource(spectrelib)]
[30Dec2025 03:03:37.837] [main/DEBUG] [mixin/]: Processing inject() for PlatformAgent[MixinPlatformAgentDefault:SecureJarResource(corgilib)]
[30Dec2025 03:03:37.837] [main/DEBUG] [mixin/]: Processing inject() for PlatformAgent[MixinPlatformAgentDefault:SecureJarResource(smoothboot)]
[30Dec2025 03:03:37.837] [main/DEBUG] [mixin/]: Processing inject() for PlatformAgent[MixinPlatformAgentDefault:SecureJarResource(last_of_us)]
[30Dec2025 03:03:37.837] [main/DEBUG] [mixin/]: Processing inject() for PlatformAgent[MixinPlatformAgentDefault:SecureJarResource(fastpaintings)]
[30Dec2025 03:03:37.838] [main/DEBUG] [mixin/]: Processing inject() for PlatformAgent[MixinPlatformAgentDefault:SecureJarResource(betterfpsdist)]
[30Dec2025 03:03:37.838] [main/DEBUG] [mixin/]: Processing inject() for PlatformAgent[MixinPlatformAgentDefault:SecureJarResource(kotlinforforge)]
[30Dec2025 03:03:37.838] [main/DEBUG] [mixin/]: Processing inject() for PlatformAgent[MixinPlatformAgentDefault:SecureJarResource(marbledsmelees)]
[30Dec2025 03:03:37.838] [main/DEBUG] [mixin/]: Processing inject() for PlatformAgent[MixinPlatformAgentDefault:SecureJarResource(mobsunscreen)]
[30Dec2025 03:03:37.838] [main/DEBUG] [mixin/]: Processing inject() for PlatformAgent[MixinPlatformAgentDefault:SecureJarResource(fastbench)]
[30Dec2025 03:03:37.839] [main/DEBUG] [mixin/]: Processing inject() for PlatformAgent[MixinPlatformAgentDefault:SecureJarResource(polymorph)]
[30Dec2025 03:03:37.839] [main/DEBUG] [mixin/]: Processing inject() for PlatformAgent[MixinPlatformAgentDefault:SecureJarResource(securitycraft)]
[30Dec2025 03:03:37.839] [main/DEBUG] [mixin/]: Processing inject() for PlatformAgent[MixinPlatformAgentDefault:SecureJarResource(better_zombie_drops)]
[30Dec2025 03:03:37.839] [main/DEBUG] [mixin/]: Processing inject() for PlatformAgent[MixinPlatformAgentDefault:SecureJarResource(fancymenu)]
[30Dec2025 03:03:37.839] [main/DEBUG] [mixin/]: Processing inject() for PlatformAgent[MixinPlatformAgentDefault:SecureJarResource(immediatelyfast)]
[30Dec2025 03:03:37.839] [main/DEBUG] [mixin/]: Processing inject() for PlatformAgent[MixinPlatformAgentDefault:SecureJarResource(coroutil)]
[30Dec2025 03:03:37.839] [main/DEBUG] [mixin/]: Processing inject() for PlatformAgent[MixinPlatformAgentDefault:SecureJarResource(fastfurnace)]
[30Dec2025 03:03:37.839] [main/DEBUG] [mixin/]: Processing inject() for PlatformAgent[MixinPlatformAgentDefault:SecureJarResource(lootr)]
[30Dec2025 03:03:37.839] [main/DEBUG] [mixin/]: Processing inject() for PlatformAgent[MixinPlatformAgentDefault:SecureJarResource(ferritecore)]
[30Dec2025 03:03:37.840] [main/DEBUG] [mixin/]: Processing inject() for PlatformAgent[MixinPlatformAgentDefault:SecureJarResource(puzzleslib)]
[30Dec2025 03:03:37.840] [main/DEBUG] [mixin/]: Processing inject() for PlatformAgent[MixinPlatformAgentDefault:SecureJarResource(justzoom)]
[30Dec2025 03:03:37.840] [main/DEBUG] [mixin/]: Processing inject() for PlatformAgent[MixinPlatformAgentDefault:SecureJarResource(charmofundying)]
[30Dec2025 03:03:37.840] [main/DEBUG] [mixin/]: Processing inject() for PlatformAgent[MixinPlatformAgentDefault:SecureJarResource(packetfixer)]
[30Dec2025 03:03:37.840] [main/DEBUG] [mixin/]: Processing inject() for PlatformAgent[MixinPlatformAgentDefault:SecureJarResource(openloader)]
[30Dec2025 03:03:37.841] [main/DEBUG] [mixin/]: Processing inject() for PlatformAgent[MixinPlatformAgentDefault:SecureJarResource(mclib)]
[30Dec2025 03:03:37.841] [main/DEBUG] [mixin/]: Processing inject() for PlatformAgent[MixinPlatformAgentDefault:SecureJarResource(luaj.core)]
[30Dec2025 03:03:37.841] [main/DEBUG] [mixin/]: Processing inject() for PlatformAgent[MixinPlatformAgentDefault:SecureJarResource(org.yaml.snakeyaml)]
[30Dec2025 03:03:37.842] [main/DEBUG] [mixin/]: Processing inject() for PlatformAgent[MixinPlatformAgentDefault:SecureJarResource(battery)]
[30Dec2025 03:03:37.842] [main/DEBUG] [mixin/]: Processing inject() for PlatformAgent[MixinPlatformAgentDefault:SecureJarResource(com.madgag.gif.fmsware)]
[30Dec2025 03:03:37.842] [main/DEBUG] [mixin/]: Processing inject() for PlatformAgent[MixinPlatformAgentDefault:SecureJarResource(luaj.jse)]
[30Dec2025 03:03:37.842] [main/DEBUG] [mixin/]: Processing inject() for PlatformAgent[MixinPlatformAgentDefault:SecureJarResource(yabn)]
[30Dec2025 03:03:37.842] [main/DEBUG] [mixin/]: Processing inject() for PlatformAgent[MixinPlatformAgentDefault:SecureJarResource(Reflect)]
[30Dec2025 03:03:37.843] [main/DEBUG] [mixin/]: Processing inject() for PlatformAgent[MixinPlatformAgentDefault:SecureJarResource(commons.math3)]
[30Dec2025 03:03:37.843] [main/DEBUG] [mixin/]: Processing inject() for PlatformAgent[MixinPlatformAgentDefault:SecureJarResource(japng)]
[30Dec2025 03:03:37.843] [main/DEBUG] [mixin/]: Processing inject() for PlatformAgent[MixinPlatformAgentDefault:SecureJarResource(bytecodecs)]
[30Dec2025 03:03:37.843] [main/DEBUG] [mixin/]: Processing inject() for PlatformAgent[MixinPlatformAgentDefault:SecureJarResource(jankson)]
[30Dec2025 03:03:37.843] [main/DEBUG] [mixin/]: Processing inject() for PlatformAgent[MixinPlatformAgentDefault:SecureJarResource(MinecraftForgeAPI)]
[30Dec2025 03:03:37.843] [main/DEBUG] [mixin/]: Processing inject() for PlatformAgent[MixinPlatformAgentDefault:SecureJarResource(thedarkcolour.kotlinforforge.kfflib)]
[30Dec2025 03:03:37.843] [main/DEBUG] [mixin/]: Processing inject() for PlatformAgent[MixinPlatformAgentDefault:SecureJarResource(MixinExtras)]
[30Dec2025 03:03:37.843] [main/INFO] [cpw.mods.modlauncher.LaunchServiceHandler/MODLAUNCHER]: Launching target 'forgeserver' with arguments [nogui]
[30Dec2025 03:03:37.874] [main/DEBUG] [mixin/]: Error cleaning class output directory: .mixin.out
[30Dec2025 03:03:37.875] [main/DEBUG] [mixin/]: Preparing mixins for MixinEnvironment[DEFAULT]
[30Dec2025 03:03:37.875] [main/DEBUG] [mixin/]: Selecting config auudio.mixin.json
[30Dec2025 03:03:37.886] [main/DEBUG] [mixin/]: Selecting config almanac.mixins.json
[30Dec2025 03:03:37.888] [main/DEBUG] [mixin/]: Selecting config geckolib.mixins.json
[30Dec2025 03:03:37.889] [main/DEBUG] [mixin/]: Selecting config playerAnimator-common.mixins.json
[30Dec2025 03:03:37.896] [main/DEBUG] [mixin/]: Selecting config insanelib.mixins.json
[30Dec2025 03:03:37.898] [main/DEBUG] [mixin/]: Selecting config configurableextramobdrops_forge.mixins.json
[30Dec2025 03:03:37.902] [main/DEBUG] [mixin/]: Selecting config controlling.mixins.json
[30Dec2025 03:03:37.903] [main/DEBUG] [mixin/]: Selecting config controlling.forge.mixins.json
[30Dec2025 03:03:37.905] [main/DEBUG] [mixin/]: Selecting config placebo.mixins.json
[30Dec2025 03:03:37.908] [main/DEBUG] [mixin/]: Selecting config citadel.mixins.json
[30Dec2025 03:03:37.912] [main/DEBUG] [mixin/]: Selecting config mixinextras.init.mixins.json
[30Dec2025 03:03:37.959] [main/DEBUG] [MixinExtras|Service/]: com.llamalad7.mixinextras.service.MixinExtrasServiceImpl(version=0.4.1) is taking over from null
[30Dec2025 03:03:37.994] [main/DEBUG] [mixin/]: Registering new injector for @Inject with org.spongepowered.asm.mixin.injection.struct.CallbackInjectionInfo
[30Dec2025 03:03:37.995] [main/DEBUG] [mixin/]: Registering new injector for @ModifyArg with org.spongepowered.asm.mixin.injection.struct.ModifyArgInjectionInfo
[30Dec2025 03:03:37.996] [main/DEBUG] [mixin/]: Registering new injector for @ModifyArgs with org.spongepowered.asm.mixin.injection.struct.ModifyArgsInjectionInfo
[30Dec2025 03:03:37.997] [main/DEBUG] [mixin/]: Registering new injector for @Redirect with org.spongepowered.asm.mixin.injection.struct.RedirectInjectionInfo
[30Dec2025 03:03:37.998] [main/DEBUG] [mixin/]: Registering new injector for @ModifyVariable with org.spongepowered.asm.mixin.injection.struct.ModifyVariableInjectionInfo
[30Dec2025 03:03:37.999] [main/DEBUG] [mixin/]: Registering new injector for @ModifyConstant with org.spongepowered.asm.mixin.injection.struct.ModifyConstantInjectionInfo
[30Dec2025 03:03:38.028] [main/DEBUG] [mixin/]: Selecting config bookshelf.common.mixins.json
[30Dec2025 03:03:38.032] [main/DEBUG] [mixin/]: Selecting config bookshelf.forge.mixins.json
[30Dec2025 03:03:38.035] [main/DEBUG] [mixin/]: Selecting config uteamcore.mixins.json
[30Dec2025 03:03:38.038] [main/DEBUG] [mixin/]: Selecting config melody.mixins.json
[30Dec2025 03:03:38.042] [main/DEBUG] [mixin/]: Selecting config melody.forge.mixins.json
[30Dec2025 03:03:38.044] [main/DEBUG] [mixin/]: Selecting config konkrete.mixin.json
[30Dec2025 03:03:38.048] [main/DEBUG] [mixin/]: Selecting config embeddium.mixins.json
[30Dec2025 03:03:38.058] [main/INFO] [Embeddium/]: Loaded configuration file for Embeddium: 148 options available, 0 override(s) found
[30Dec2025 03:03:38.068] [main/DEBUG] [mixin/]: Selecting config athena.mixins.json
[30Dec2025 03:03:38.073] [main/DEBUG] [mixin/]: Selecting config athena-forge.mixins.json
[30Dec2025 03:03:38.075] [main/DEBUG] [mixin/]: Selecting config structure_gel.mixins.json
[30Dec2025 03:03:38.080] [main/DEBUG] [mixin/]: Selecting config tenshilib.mixins.json
[30Dec2025 03:03:38.082] [main/DEBUG] [mixin/]: Selecting config curios.mixins.json
[30Dec2025 03:03:38.085] [main/DEBUG] [mixin/]: Selecting config patchouli_xplat.mixins.json
[30Dec2025 03:03:38.087] [main/DEBUG] [mixin/]: Selecting config itemblacklist.mixins.json
[30Dec2025 03:03:38.089] [main/DEBUG] [mixin/]: Selecting config collective_forge.mixins.json
[30Dec2025 03:03:38.090] [main/DEBUG] [mixin/]: Selecting config searchables.mixins.json
[30Dec2025 03:03:38.093] [main/DEBUG] [mixin/]: Selecting config searchables.forge.mixins.json
[30Dec2025 03:03:38.095] [main/DEBUG] [mixin/]: Selecting config noisium-common.mixins.json
[30Dec2025 03:03:38.100] [main/DEBUG] [mixin/]: Selecting config pointblank.mixins.json
[30Dec2025 03:03:38.102] [main/DEBUG] [mixin/]: Selecting config pointblank.mixins.compat.iris.json
[30Dec2025 03:03:38.105] [main/DEBUG] [mixin/]: Selecting config pointblank.mixins.compat.iris16.json
[30Dec2025 03:03:38.110] [main/DEBUG] [mixin/]: Selecting config starterkit_forge.mixins.json
[30Dec2025 03:03:38.111] [main/DEBUG] [mixin/]: Selecting config scaling_mobs.mixin.json
[30Dec2025 03:03:38.113] [main/DEBUG] [mixin/]: Selecting config architectury.mixins.json
[30Dec2025 03:03:38.116] [main/DEBUG] [mixin/]: Selecting config architectury-common.mixins.json
[30Dec2025 03:03:38.118] [main/DEBUG] [mixin/]: Selecting config nerb-common.mixins.json
[30Dec2025 03:03:38.120] [main/DEBUG] [mixin/]: Selecting config pandalib-common.mixins.json
[30Dec2025 03:03:38.121] [main/DEBUG] [mixin/]: Selecting config pandalib.mixins.json
[30Dec2025 03:03:38.124] [main/DEBUG] [mixin/]: Selecting config cupboard.mixins.json
[30Dec2025 03:03:38.125] [main/DEBUG] [mixin/]: Selecting config firstjoinmessage_forge.mixins.json
[30Dec2025 03:03:38.127] [main/DEBUG] [mixin/]: Selecting config dynamic_fps.mixins.json
[30Dec2025 03:03:38.130] [main/DEBUG] [mixin/]: Selecting config dynamic_fps-common.mixins.json
[30Dec2025 03:03:38.132] [main/DEBUG] [mixin/]: Selecting config letmedespawn.mixins.json
[30Dec2025 03:03:38.134] [main/DEBUG] [mixin/]: Selecting config rhino-common.mixins.json
[30Dec2025 03:03:38.136] [main/DEBUG] [mixin/]: Selecting config fastload.mixins.json
[30Dec2025 03:03:38.137] [main/DEBUG] [mixin/]: Selecting config mutantmonsters.common.mixins.json
[30Dec2025 03:03:38.141] [main/DEBUG] [mixin/]: Selecting config forge-mca.mixin.json
[30Dec2025 03:03:38.143] [main/DEBUG] [mixin/]: Selecting config kubejs-forge.mixins.json
[30Dec2025 03:03:38.145] [main/DEBUG] [mixin/]: Selecting config kubejs-common.mixins.json
[30Dec2025 03:03:38.148] [main/DEBUG] [mixin/]: Selecting config tacz.mixins.json
[30Dec2025 03:03:38.150] [main/DEBUG] [mixin/]: Selecting config immersive_weathering-common.mixins.json
[30Dec2025 03:03:38.153] [main/DEBUG] [mixin/]: Selecting config immersive_weathering.mixins.json
[30Dec2025 03:03:38.154] [main/DEBUG] [mixin/]: Selecting config clumps.mixins.json
[30Dec2025 03:03:38.157] [main/DEBUG] [mixin/]: Selecting config fastasyncworldsave.mixins.json
[30Dec2025 03:03:38.159] [main/DEBUG] [mixin/]: Selecting config forgivingworld.mixins.json
[30Dec2025 03:03:38.161] [main/DEBUG] [mixin/]: Selecting config glitchcore.mixins.json
[30Dec2025 03:03:38.187] [main/DEBUG] [mixin/]: Selecting config glitchcore.forge.mixins.json
[30Dec2025 03:03:38.189] [main/DEBUG] [mixin/]: Selecting config drippyloadingscreen.mixins.json
[30Dec2025 03:03:38.193] [main/DEBUG] [mixin/]: Selecting config drippyloadingscreen.forge.mixins.json
[30Dec2025 03:03:38.195] [main/DEBUG] [mixin/]: Selecting config mixins.cofhcore.json
[30Dec2025 03:03:38.197] [main/DEBUG] [mixin/]: Selecting config moonlight-common.mixins.json
[30Dec2025 03:03:38.201] [main/DEBUG] [mixin/]: Selecting config moonlight.mixins.json
[30Dec2025 03:03:38.203] [main/DEBUG] [mixin/]: Selecting config mousetweaks.mixins.json
[30Dec2025 03:03:38.204] [main/DEBUG] [mixin/]: Selecting config creativecore.mixins.json
[30Dec2025 03:03:38.206] [main/DEBUG] [mixin/]: Selecting config creativecore.forge.mixins.json
[30Dec2025 03:03:38.208] [main/DEBUG] [mixin/]: Selecting config corgilib-common.mixins.json
[30Dec2025 03:03:38.210] [main/DEBUG] [mixin/]: Selecting config smoothboot.mixins.json
[30Dec2025 03:03:38.212] [main/DEBUG] [mixin/]: Selecting config fastpaintings.mixins.json
[30Dec2025 03:03:38.214] [main/DEBUG] [mixin/]: Selecting config fastpaintings-forge.mixins.json
[30Dec2025 03:03:38.217] [main/WARN] [mixin/]: Reference map 'fastpaintings-forge-refmap.json' for fastpaintings-forge.mixins.json could not be read. If this is a development environment you can ignore this message
[30Dec2025 03:03:38.217] [main/DEBUG] [mixin/]: Selecting config betterfpsdist.mixins.json
[30Dec2025 03:03:38.220] [main/DEBUG] [mixin/]: Selecting config fastbench.mixins.json
[30Dec2025 03:03:38.221] [main/DEBUG] [mixin/]: Selecting config polymorph.mixins.json
[30Dec2025 03:03:38.223] [main/DEBUG] [mixin/]: Selecting config polymorph-integrations.forge.mixins.json
[30Dec2025 03:03:38.228] [main/DEBUG] [mixin/]: Selecting config securitycraft.mixins.json
[30Dec2025 03:03:38.230] [main/DEBUG] [mixin/]: Selecting config fancymenu.mixins.json
[30Dec2025 03:03:38.234] [main/DEBUG] [mixin/]: Selecting config fancymenu.forge.mixins.json
[30Dec2025 03:03:38.237] [main/DEBUG] [mixin/]: Selecting config immediatelyfast-forge.mixins.json
[30Dec2025 03:03:38.255] [main/DEBUG] [mixin/]: Selecting config immediatelyfast-common.mixins.json
[30Dec2025 03:03:38.260] [main/DEBUG] [mixin/]: Selecting config coroutil.mixins.json
[30Dec2025 03:03:38.262] [main/WARN] [mixin/]: Reference map 'coroutil.refmap.json' for coroutil.mixins.json could not be read. If this is a development environment you can ignore this message
[30Dec2025 03:03:38.262] [main/DEBUG] [mixin/]: Selecting config fastfurnace.mixins.json
[30Dec2025 03:03:38.264] [main/DEBUG] [mixin/]: Selecting config lootr.mixins.json
[30Dec2025 03:03:38.266] [main/DEBUG] [mixin/]: Selecting config ferritecore.predicates.mixin.json
[30Dec2025 03:03:38.281] [main/DEBUG] [mixin/]: Selecting config ferritecore.fastmap.mixin.json
[30Dec2025 03:03:38.284] [main/DEBUG] [mixin/]: Selecting config ferritecore.mrl.mixin.json
[30Dec2025 03:03:38.286] [main/DEBUG] [mixin/]: Selecting config ferritecore.dedupmultipart.mixin.json
[30Dec2025 03:03:38.289] [main/DEBUG] [mixin/]: Selecting config ferritecore.blockstatecache.mixin.json
[30Dec2025 03:03:38.291] [main/DEBUG] [mixin/]: Selecting config ferritecore.dedupbakedquad.mixin.json
[30Dec2025 03:03:38.295] [main/DEBUG] [mixin/]: Selecting config ferritecore.threaddetec.mixin.json
[30Dec2025 03:03:38.298] [main/DEBUG] [mixin/]: Selecting config ferritecore.modelsides.mixin.json
[30Dec2025 03:03:38.300] [main/DEBUG] [mixin/]: Selecting config puzzleslib.common.mixins.json
[30Dec2025 03:03:38.317] [main/INFO] [Puzzles Lib/]: Loading 103 mods:
	- almanac 1.0.2
	- architectury 9.2.14
	- athena 3.1.2
	- atlaslib 1.1.12
	- auudio 1.0.3
	- badmobs 19.0.4
	- better_mob_food 1.0.0
	- better_zombie_drops 1.0.0
	- betterfpsdist 1.20.1-6.0
	- bookshelf 20.2.13
	- charmofundying 6.5.0+1.20.1
	- citadel 2.6.1
	- cloth_config 11.1.136
	- clumps 12.0.0.4
	- cofh_core 11.0.2
	- collective 7.87
	- commongroovylibrary 0.3.3
	- configurableextramobdrops 3.4
	- controlling 12.0.2
	- corgilib 4.0.3.3
	- coroutil 1.20.1-1.3.7
	- corpse 1.20.1-1.0.19
	- creativecore 2.12.28
	- cupboard 1.20.1-2.7
	- curios 5.11.1+1.20.1
	- cw_additions 1.1.6
	- dimension_access_manager 3.1.0
	- drippyloadingscreen 3.0.9
	- dynamic_fps 3.9.2
	- embeddium 0.3.31+mc1.20.1
		\-- rubidium 0.7.1
	- fancymenu 3.3.2
	- fastasyncworldsave 1.20.1-2.4
	- fastbench 8.0.4
	- fastboot 1.2
	- fastfurnace 8.0.2
	- fastload 3.4.0
	- fastpaintings 1.20-1.2.7
	- ferritecore 6.0.1
	- firstjoinmessage 3.6
	- forge 47.4.13
	- forgivingworld 1.20.1-4.7
	- framework 0.7.12
	- geckolib 4.7
	- glitchcore 0.0.1.1
	- gml 4.0.9
	- immediatelyfast 1.5.0+1.20.4
	- immersive_weathering 1.20.1-2.0.5
	- incontrol 1.20-9.2.11
	- insanelib 1.16.1
	- itemblacklist 1.20.1-1.0.0f
	- jei 15.20.0.105
	- jeresources 1.4.0.247
	- justzoom 2.0.0
	- keerdm_zombie_essentials 1.4
	- konkrete 1.8.0
	- kotlinforforge 4.11.0
	- kubejs 2001.6.5-build.16
	- last_of_us 2.5
	- letmedespawn 1.4.4
	- lootr 0.7.35.90
	- lostcities 1.20-7.3.5
	- marbledsarsenal 1.20.1-2.3.0
	- marbledsmelees 1.20.1-1.0.0
	- mca 7.6.13+1.20.1
	- mcore 1.0.3.0
	- melody 1.0.2
	- minecraft 1.20.1
	- mobsunscreen 3.1.1
	- moonlight 1.20-2.13.47
	- mousetweaks 2.25.1
	- mutantmonsters 8.0.7
	- nerb 0.4.1
	- no_ruined_nether_portals 1.0.0
	- nobabyzombies1_20_1forge 1.1
	- noisium 2.3.0+mc1.20-1.20.1
	- nonetherportal 1.20.1-1.0
	- octolib 0.4.2
	- openloader 19.0.4
	- overworld_netherite_ore 1.0
	- packetfixer 1.4.3
	- pandalib 0.4.2
	- patchouli 1.20.1-84-FORGE
	- placebo 8.6.2
	- playeranimator 1.0.2-rc1+1.20
	- pointblank 1.9.6
	- polymorph 0.49.8+1.20.1
		\-- spectrelib 0.13.17+1.20.1
	- puzzleslib 8.1.25
		\-- puzzlesaccessapi 8.0.7
	- resourcefullib 2.1.29
	- rhino 2001.2.3-build.6
	- scalingmobs 2.2.2
	- searchables 1.0.3
	- securitycraft 1.10.1
	- smoothboot 0.0.4
	- starterkit 7.1
	- structure_gel 2.16.2
	- tacz 1.0.3
		\-- mixinextras 0.3.6
	- tenshilib 1.20.1-1.7.6
	- the_deep_void 1.28
	- unilib 1.0.4
	- uteamcore 5.1.4.346
[30Dec2025 03:03:38.319] [main/DEBUG] [mixin/]: Selecting config puzzleslib.forge.mixins.json
[30Dec2025 03:03:38.320] [main/DEBUG] [mixin/]: Selecting config justzoom.mixins.json
[30Dec2025 03:03:38.323] [main/DEBUG] [mixin/]: Selecting config justzoom.forge.mixins.json
[30Dec2025 03:03:38.324] [main/DEBUG] [mixin/]: Selecting config charmofundying.mixins.json
[30Dec2025 03:03:38.329] [main/DEBUG] [mixin/]: Selecting config packetfixer-common.mixins.json
[30Dec2025 03:03:38.339] [main/DEBUG] [mixin/]: Selecting config packetfixer-forge.mixins.json
[30Dec2025 03:03:38.342] [main/WARN] [mixin/]: Reference map 'packetfixer-forge-forge-refmap.json' for packetfixer-forge.mixins.json could not be read. If this is a development environment you can ignore this message
[30Dec2025 03:03:38.342] [main/DEBUG] [mixin/]: Preparing auudio.mixin.json (2)
[30Dec2025 03:03:38.342] [main/DEBUG] [mixin/]: Preparing almanac.mixins.json (2)
[30Dec2025 03:03:38.453] [main/DEBUG] [mixin/]: Preparing geckolib.mixins.json (1)
[30Dec2025 03:03:38.456] [main/DEBUG] [mixin/]: Preparing playerAnimator-common.mixins.json (14)
[30Dec2025 03:03:38.456] [main/DEBUG] [mixin/]: Preparing insanelib.mixins.json (7)
[30Dec2025 03:03:38.490] [main/DEBUG] [net.minecraftforge.coremod.transformer.CoreModBaseTransformer/COREMOD]: Transforming net/minecraft/world/item/ItemStack
[30Dec2025 03:03:38.520] [main/DEBUG] [net.minecraftforge.coremod.transformer.CoreModBaseTransformer/COREMOD]: Transforming getEnchantmentLevel with desc (Lnet/minecraft/world/item/enchantment/Enchantment;)I
[30Dec2025 03:03:38.547] [main/INFO] [net.minecraftforge.coremod.CoreMod.placebo/COREMODLOG]: Patching IForgeItemStack#getEnchantmentLevel
[30Dec2025 03:03:38.587] [main/DEBUG] [net.minecraftforge.coremod.transformer.CoreModBaseTransformer/COREMOD]: Transforming getAllEnchantments with desc ()Ljava/util/Map;
[30Dec2025 03:03:38.597] [main/INFO] [net.minecraftforge.coremod.CoreMod.placebo/COREMODLOG]: Patching IForgeItemStack#getEnchantmentLevel
[30Dec2025 03:03:38.669] [main/DEBUG] [mixin/]: Preparing configurableextramobdrops_forge.mixins.json (0)
[30Dec2025 03:03:38.669] [main/DEBUG] [mixin/]: Preparing controlling.mixins.json (5)
[30Dec2025 03:03:38.669] [main/DEBUG] [mixin/]: Preparing controlling.forge.mixins.json (0)
[30Dec2025 03:03:38.669] [main/DEBUG] [mixin/]: Preparing placebo.mixins.json (6)
[30Dec2025 03:03:38.685] [main/DEBUG] [mixin/]: Preparing citadel.mixins.json (15)
[30Dec2025 03:03:38.730] [main/DEBUG] [mixin/]: Preparing mixinextras.init.mixins.json (0)
[30Dec2025 03:03:38.730] [main/DEBUG] [mixin/]: Preparing bookshelf.common.mixins.json (23)
[30Dec2025 03:03:38.749] [main/DEBUG] [net.minecraftforge.coremod.transformer.CoreModBaseTransformer/COREMOD]: Transforming net/minecraft/world/effect/MobEffectInstance
[30Dec2025 03:03:38.791] [main/DEBUG] [mixin/]: Preparing bookshelf.forge.mixins.json (1)
[30Dec2025 03:03:38.793] [main/DEBUG] [mixin/]: Preparing uteamcore.mixins.json (5)
[30Dec2025 03:03:38.807] [main/DEBUG] [mixin/]: Preparing melody.mixins.json (3)
[30Dec2025 03:03:38.807] [main/DEBUG] [mixin/]: Preparing melody.forge.mixins.json (0)
[30Dec2025 03:03:38.807] [main/DEBUG] [mixin/]: Preparing konkrete.mixin.json (5)
[30Dec2025 03:03:38.808] [main/DEBUG] [mixin/]: Preparing embeddium.mixins.json (0)
[30Dec2025 03:03:38.808] [main/DEBUG] [mixin/]: Preparing athena.mixins.json (1)
[30Dec2025 03:03:38.808] [main/DEBUG] [mixin/]: Preparing athena-forge.mixins.json (1)
[30Dec2025 03:03:38.808] [main/DEBUG] [mixin/]: Preparing structure_gel.mixins.json (0)
[30Dec2025 03:03:38.808] [main/DEBUG] [mixin/]: Preparing tenshilib.mixins.json (13)
[30Dec2025 03:03:38.809] [main/DEBUG] [mixin/]: Preparing curios.mixins.json (13)
[30Dec2025 03:03:38.830] [main/DEBUG] [mixin/]: Preparing patchouli_xplat.mixins.json (10)
[30Dec2025 03:03:38.835] [main/DEBUG] [mixin/]: Preparing itemblacklist.mixins.json (4)
[30Dec2025 03:03:38.841] [main/DEBUG] [mixin/]: Preparing collective_forge.mixins.json (5)
[30Dec2025 03:03:38.846] [main/DEBUG] [mixin/]: Preparing searchables.mixins.json (1)
[30Dec2025 03:03:38.846] [main/DEBUG] [mixin/]: Preparing searchables.forge.mixins.json (0)
[30Dec2025 03:03:38.847] [main/DEBUG] [mixin/]: Preparing noisium-common.mixins.json (5)
[30Dec2025 03:03:38.858] [main/DEBUG] [mixin/]: Preparing pointblank.mixins.json (14)
[30Dec2025 03:03:38.864] [main/DEBUG] [mixin/]: Preparing pointblank.mixins.compat.iris.json (6)
[30Dec2025 03:03:38.866] [main/DEBUG] [mixin/]: Preparing pointblank.mixins.compat.iris16.json (1)
[30Dec2025 03:03:38.866] [main/DEBUG] [mixin/]: Preparing starterkit_forge.mixins.json (0)
[30Dec2025 03:03:38.866] [main/DEBUG] [mixin/]: Preparing scaling_mobs.mixin.json (1)
[30Dec2025 03:03:38.867] [main/DEBUG] [mixin/]: Preparing architectury.mixins.json (9)
[30Dec2025 03:03:38.875] [main/DEBUG] [mixin/]: Preparing architectury-common.mixins.json (10)
[30Dec2025 03:03:38.885] [main/DEBUG] [net.minecraftforge.coremod.transformer.CoreModBaseTransformer/COREMOD]: Transforming net/minecraft/world/item/BucketItem
[30Dec2025 03:03:38.899] [main/DEBUG] [net.minecraftforge.coremod.transformer.CoreModBaseTransformer/COREMOD]: Transforming net/minecraft/world/entity/EntityType
[30Dec2025 03:03:39.118] [main/DEBUG] [net.minecraftforge.coremod.transformer.CoreModBaseTransformer/COREMOD]: Transforming net/minecraft/world/level/block/LiquidBlock
[30Dec2025 03:03:39.130] [main/DEBUG] [mixin/]: Preparing nerb-common.mixins.json (6)
[30Dec2025 03:03:39.134] [main/DEBUG] [mixin/]: Preparing pandalib-common.mixins.json (1)
[30Dec2025 03:03:39.138] [main/DEBUG] [mixin/]: Preparing pandalib.mixins.json (0)
[30Dec2025 03:03:39.138] [main/DEBUG] [mixin/]: Preparing cupboard.mixins.json (5)
[30Dec2025 03:03:39.145] [main/DEBUG] [mixin/]: Preparing firstjoinmessage_forge.mixins.json (0)
[30Dec2025 03:03:39.145] [main/DEBUG] [mixin/]: Preparing dynamic_fps.mixins.json (1)
[30Dec2025 03:03:39.146] [main/DEBUG] [mixin/]: Preparing dynamic_fps-common.mixins.json (12)
[30Dec2025 03:03:39.146] [main/DEBUG] [mixin/]: Preparing letmedespawn.mixins.json (1)
[30Dec2025 03:03:39.147] [main/DEBUG] [mixin/]: Preparing rhino-common.mixins.json (8)
[30Dec2025 03:03:39.159] [main/DEBUG] [mixin/]: Preparing fastload.mixins.json (7)
[30Dec2025 03:03:39.160] [main/DEBUG] [mixin/]: Preparing mutantmonsters.common.mixins.json (2)
[30Dec2025 03:03:39.163] [main/DEBUG] [mixin/]: Preparing forge-mca.mixin.json (30)
[30Dec2025 03:03:39.205] [main/DEBUG] [net.minecraftforge.coremod.transformer.CoreModBaseTransformer/COREMOD]: Transforming net/minecraft/world/entity/npc/Villager
[30Dec2025 03:03:39.404] [main/DEBUG] [net.minecraftforge.coremod.transformer.CoreModBaseTransformer/COREMOD]: Transforming net/minecraft/world/entity/monster/Zombie
[30Dec2025 03:03:39.592] [main/DEBUG] [net.minecraftforge.coremod.transformer.CoreModBaseTransformer/COREMOD]: Transforming net/minecraft/world/entity/monster/ZombieVillager
[30Dec2025 03:03:39.650] [main/DEBUG] [mixin/]: Preparing kubejs-forge.mixins.json (7)
[30Dec2025 03:03:39.656] [main/DEBUG] [mixin/]: Preparing kubejs-common.mixins.json (55)
[30Dec2025 03:03:39.697] [main/DEBUG] [mixin/]: @Mixin target net/minecraft/world/item/crafting/Ingredient$TagValue is public in kubejs-common.mixins.json:IngredientTagValueMixin and should be specified in value
[30Dec2025 03:03:39.715] [main/DEBUG] [mixin/]: Preparing tacz.mixins.json (14)
[30Dec2025 03:03:39.717] [main/DEBUG] [mixin/]: Preparing immersive_weathering-common.mixins.json (26)
[30Dec2025 03:03:39.800] [main/DEBUG] [net.minecraftforge.coremod.transformer.CoreModBaseTransformer/COREMOD]: Transforming net/minecraft/world/level/biome/Biome
[30Dec2025 03:03:39.806] [main/DEBUG] [mixin/]: Preparing immersive_weathering.mixins.json (5)
[30Dec2025 03:03:39.809] [main/DEBUG] [mixin/]: Preparing clumps.mixins.json (2)
[30Dec2025 03:03:39.813] [main/DEBUG] [mixin/]: Preparing fastasyncworldsave.mixins.json (2)
[30Dec2025 03:03:39.815] [main/DEBUG] [mixin/]: Preparing forgivingworld.mixins.json (1)
[30Dec2025 03:03:39.816] [main/DEBUG] [mixin/]: Preparing glitchcore.mixins.json (4)
[30Dec2025 03:03:39.817] [main/DEBUG] [mixin/]: Preparing glitchcore.forge.mixins.json (7)
[30Dec2025 03:03:39.820] [main/DEBUG] [mixin/]: Preparing drippyloadingscreen.mixins.json (13)
[30Dec2025 03:03:39.820] [main/DEBUG] [mixin/]: Preparing drippyloadingscreen.forge.mixins.json (1)
[30Dec2025 03:03:39.820] [main/DEBUG] [mixin/]: Preparing mixins.cofhcore.json (10)
[30Dec2025 03:03:39.824] [main/ERROR] [net.minecraftforge.fml.loading.RuntimeDistCleaner/DISTXFORM]: Attempted to load class net/minecraft/client/multiplayer/MultiPlayerGameMode for invalid dist DEDICATED_SERVER
[30Dec2025 03:03:39.825] [main/WARN] [mixin/]: Error loading class: net/minecraft/client/multiplayer/MultiPlayerGameMode (java.lang.RuntimeException: Attempted to load class net/minecraft/client/multiplayer/MultiPlayerGameMode for invalid dist DEDICATED_SERVER)
[30Dec2025 03:03:39.825] [main/WARN] [mixin/]: @Mixin target net.minecraft.client.multiplayer.MultiPlayerGameMode was not found mixins.cofhcore.json:MultiPlayerGameModeMixin
[30Dec2025 03:03:39.826] [main/DEBUG] [mixin/]: Preparing moonlight-common.mixins.json (33)
[30Dec2025 03:03:39.869] [main/DEBUG] [mixin/]: Preparing moonlight.mixins.json (11)
[30Dec2025 03:03:39.878] [main/DEBUG] [mixin/]: Preparing mousetweaks.mixins.json (1)
[30Dec2025 03:03:39.878] [main/DEBUG] [mixin/]: Preparing creativecore.mixins.json (8)
[30Dec2025 03:03:39.886] [main/DEBUG] [mixin/]: Preparing creativecore.forge.mixins.json (3)
[30Dec2025 03:03:39.888] [main/DEBUG] [mixin/]: Preparing corgilib-common.mixins.json (8)
[30Dec2025 03:03:39.894] [main/DEBUG] [mixin/]: Preparing smoothboot.mixins.json (5)
[30Dec2025 03:03:39.897] [main/DEBUG] [mixin/]: Preparing fastpaintings.mixins.json (4)
[30Dec2025 03:03:39.900] [main/DEBUG] [mixin/]: Preparing fastpaintings-forge.mixins.json (0)
[30Dec2025 03:03:39.900] [main/DEBUG] [mixin/]: Preparing betterfpsdist.mixins.json (5)
[30Dec2025 03:03:39.900] [main/DEBUG] [mixin/]: Preparing fastbench.mixins.json (4)
[30Dec2025 03:03:39.904] [main/WARN] [mixin/]: Error loading class: vazkii/quark/addons/oddities/inventory/BackpackMenu (java.lang.ClassNotFoundException: vazkii.quark.addons.oddities.inventory.BackpackMenu)
[30Dec2025 03:03:39.905] [main/DEBUG] [mixin/]: Skipping virtual target vazkii.quark.addons.oddities.inventory.BackpackMenu for fastbench.mixins.json:MixinBackpackMenu
[30Dec2025 03:03:39.906] [main/WARN] [mixin/]: Error loading class: net/minecraft/client/gui/screens/inventory/CraftingScreen (java.lang.ClassNotFoundException: net.minecraft.client.gui.screens.inventory.CraftingScreen)
[30Dec2025 03:03:39.906] [main/WARN] [mixin/]: @Mixin target net.minecraft.client.gui.screens.inventory.CraftingScreen was not found fastbench.mixins.json:MixinCraftingScreen
[30Dec2025 03:03:39.906] [main/DEBUG] [mixin/]: Preparing polymorph.mixins.json (9)
[30Dec2025 03:03:39.909] [main/DEBUG] [mixin/]: Preparing polymorph-integrations.forge.mixins.json (2)
[30Dec2025 03:03:39.912] [main/DEBUG] [Polymorph/]: Loaded com.illusivesoulworks.polymorph.platform.ForgeIntegrationPlatform@57839834 for service interface com.illusivesoulworks.polymorph.platform.services.IIntegrationPlatform
[30Dec2025 03:03:39.913] [main/DEBUG] [Polymorph/]: Loaded com.illusivesoulworks.polymorph.platform.ForgeClientPlatform@b6136eb for service interface com.illusivesoulworks.polymorph.platform.services.IClientPlatform
[30Dec2025 03:03:39.915] [main/DEBUG] [Polymorph/]: Loaded com.illusivesoulworks.polymorph.platform.ForgePlatform@27fc0217 for service interface com.illusivesoulworks.polymorph.platform.services.IPlatform
[30Dec2025 03:03:39.921] [main/DEBUG] [mixin/]: Preparing securitycraft.mixins.json (24)
[30Dec2025 03:03:39.944] [main/DEBUG] [net.minecraftforge.coremod.transformer.CoreModBaseTransformer/COREMOD]: Transforming net/minecraft/world/level/levelgen/structure/templatesystem/StructureTemplate
[30Dec2025 03:03:40.038] [main/DEBUG] [mixin/]: Preparing fancymenu.mixins.json (54)
[30Dec2025 03:03:40.039] [main/DEBUG] [mixin/]: Preparing fancymenu.forge.mixins.json (3)
[30Dec2025 03:03:40.039] [main/DEBUG] [mixin/]: Preparing immediatelyfast-forge.mixins.json (5)
[30Dec2025 03:03:40.039] [main/DEBUG] [mixin/]: Preparing immediatelyfast-common.mixins.json (33)
[30Dec2025 03:03:40.039] [main/DEBUG] [mixin/]: Preparing coroutil.mixins.json (0)
[30Dec2025 03:03:40.039] [main/DEBUG] [mixin/]: Preparing fastfurnace.mixins.json (1)
[30Dec2025 03:03:40.040] [main/DEBUG] [mixin/]: Preparing lootr.mixins.json (6)
[30Dec2025 03:03:40.044] [main/DEBUG] [mixin/]: Preparing ferritecore.predicates.mixin.json (3)
[30Dec2025 03:03:40.044] [main/DEBUG] [mixin/]: Preparing ferritecore.fastmap.mixin.json (1)
[30Dec2025 03:03:40.047] [main/DEBUG] [mixin/]: Preparing ferritecore.mrl.mixin.json (2)
[30Dec2025 03:03:40.048] [main/DEBUG] [mixin/]: Preparing ferritecore.dedupmultipart.mixin.json (2)
[30Dec2025 03:03:40.048] [main/DEBUG] [mixin/]: Preparing ferritecore.blockstatecache.mixin.json (8)
[30Dec2025 03:03:40.052] [main/DEBUG] [mixin/]: Preparing ferritecore.dedupbakedquad.mixin.json (2)
[30Dec2025 03:03:40.052] [main/DEBUG] [mixin/]: Preparing ferritecore.threaddetec.mixin.json (1)
[30Dec2025 03:03:40.053] [main/DEBUG] [mixin/]: Preparing ferritecore.modelsides.mixin.json (1)
[30Dec2025 03:03:40.053] [main/DEBUG] [mixin/]: Preparing puzzleslib.common.mixins.json (3)
[30Dec2025 03:03:40.053] [main/DEBUG] [mixin/]: Preparing puzzleslib.forge.mixins.json (13)
[30Dec2025 03:03:40.062] [main/DEBUG] [mixin/]: Preparing justzoom.mixins.json (5)
[30Dec2025 03:03:40.062] [main/DEBUG] [mixin/]: Preparing justzoom.forge.mixins.json (0)
[30Dec2025 03:03:40.062] [main/DEBUG] [mixin/]: Preparing charmofundying.mixins.json (1)
[30Dec2025 03:03:40.062] [main/DEBUG] [mixin/]: Preparing packetfixer-common.mixins.json (9)
[30Dec2025 03:03:40.073] [main/DEBUG] [mixin/]: Preparing packetfixer-forge.mixins.json (0)
[30Dec2025 03:03:40.097] [main/DEBUG] [net.minecraftforge.coremod.transformer.CoreModBaseTransformer/COREMOD]: Transforming net/minecraft/world/level/levelgen/structure/Structure
[30Dec2025 03:03:40.135] [main/DEBUG] [mixin/]: Inner class dev/latvian/mods/kubejs/core/mixin/common/GameRulesMixin$1 in dev/latvian/mods/kubejs/core/mixin/common/GameRulesMixin on net/minecraft/world/level/GameRules gets unique name net/minecraft/world/level/GameRules$Anonymous$ffaf3e16e6ef4ec997f86df5f1742309
[30Dec2025 03:03:40.158] [main/DEBUG] [mixin/]: Inner class glitchcore/forge/mixin/impl/MixinPacketHandler$1 in glitchcore/forge/mixin/impl/MixinPacketHandler on glitchcore/network/PacketHandler gets unique name glitchcore/network/PacketHandler$Anonymous$778350cdfb954736828e3e8b65ad365a
[30Dec2025 03:03:40.179] [main/DEBUG] [mixin/]: Prepared 342 mixins in 2.304 sec (6.7ms avg) (0ms load, 0ms transform, 0ms plugin)
[30Dec2025 03:03:40.183] [main/INFO] [MixinExtras|Service/]: Initializing MixinExtras via com.llamalad7.mixinextras.service.MixinExtrasServiceImpl(version=0.4.1).
[30Dec2025 03:03:40.184] [main/DEBUG] [mixin/]: Registering new injector for @SugarWrapper with com.llamalad7.mixinextras.sugar.impl.SugarWrapperInjectionInfo
[30Dec2025 03:03:40.184] [main/DEBUG] [mixin/]: Registering new injector for @FactoryRedirectWrapper with com.llamalad7.mixinextras.wrapper.factory.FactoryRedirectWrapperInjectionInfo
[30Dec2025 03:03:40.189] [main/DEBUG] [mixin/]: Mixing server.MainMixin from smoothboot.mixins.json into net.minecraft.server.Main
[30Dec2025 03:03:40.256] [main/DEBUG] [mixin/]: Mixing MinecraftServerMixin from citadel.mixins.json into net.minecraft.server.MinecraftServer
[30Dec2025 03:03:40.261] [main/DEBUG] [mixin/]: Mixing server.MinecraftServerMixin from fastload.mixins.json into net.minecraft.server.MinecraftServer
[30Dec2025 03:03:40.272] [main/DEBUG] [mixin/]: Mixing MinecraftServerMixin from kubejs-common.mixins.json into net.minecraft.server.MinecraftServer
[30Dec2025 03:03:40.278] [main/DEBUG] [mixin/]: Renaming synthetic method lambda$kjs$endResourceReload$1()V to md145b39$lambda$kjs$endResourceReload$1$0 in kubejs-common.mixins.json:MinecraftServerMixin
[30Dec2025 03:03:40.278] [main/DEBUG] [mixin/]: Renaming synthetic method lambda$kjs$init$0()V to md145b39$lambda$kjs$init$0$1 in kubejs-common.mixins.json:MinecraftServerMixin
[30Dec2025 03:03:40.303] [main/DEBUG] [mixin/]: Mixing inject_resources.MinecraftServerMixin from kubejs-common.mixins.json into net.minecraft.server.MinecraftServer
[30Dec2025 03:03:40.347] [main/DEBUG] [net.minecraftforge.coremod.transformer.CoreModBaseTransformer/COREMOD]: Transforming net/minecraft/world/level/levelgen/PhantomSpawner
[30Dec2025 03:03:40.358] [main/DEBUG] [net.minecraftforge.coremod.transformer.CoreModBaseTransformer/COREMOD]: Transforming net/minecraft/world/level/levelgen/PatrolSpawner
[30Dec2025 03:03:40.370] [main/DEBUG] [net.minecraftforge.coremod.transformer.CoreModBaseTransformer/COREMOD]: Transforming net/minecraft/world/entity/npc/CatSpawner
[30Dec2025 03:03:40.380] [main/DEBUG] [net.minecraftforge.coremod.transformer.CoreModBaseTransformer/COREMOD]: Transforming net/minecraft/world/entity/ai/village/VillageSiege
[30Dec2025 03:03:40.493] [main/DEBUG] [Smooth Boot (Reloaded)/]: Config path: /workspaces/creacion1/servidor_minecraft/config/smoothboot.json
[30Dec2025 03:03:40.498] [main/DEBUG] [mixin/]: Mixing UtilMixin from kubejs-common.mixins.json into net.minecraft.Util
[30Dec2025 03:03:40.499] [main/DEBUG] [mixin/]: Mixing UtilMixin from smoothboot.mixins.json into net.minecraft.Util
[30Dec2025 03:03:40.499] [main/DEBUG] [mixin/]: Renaming synthetic method lambda$replaceIoWorker$1(Ljava/lang/Runnable;)Ljava/lang/Thread; to md145b39$lambda$replaceIoWorker$1$0 in smoothboot.mixins.json:UtilMixin
[30Dec2025 03:03:40.500] [main/DEBUG] [mixin/]: Renaming synthetic method lambda$replaceWorker$0(Ljava/lang/String;Ljava/util/concurrent/ForkJoinPool;)Ljava/util/concurrent/ForkJoinWorkerThread; to md145b39$lambda$replaceWorker$0$1 in smoothboot.mixins.json:UtilMixin
[30Dec2025 03:03:40.543] [main/DEBUG] [Smooth Boot (Reloaded)/]: Config: com.abdelaziz.smoothboot.config.SmoothBootConfig@4040ccae
[30Dec2025 03:03:40.544] [main/INFO] [Smooth Boot (Reloaded)/]: Smooth Boot (Reloaded) config initialized
[30Dec2025 03:03:40.544] [main/DEBUG] [Smooth Boot (Reloaded)/]: Initialized server game thread
[30Dec2025 03:03:40.548] [main/DEBUG] [io.netty.util.internal.logging.InternalLoggerFactory/]: Using SLF4J as the default logging framework
[30Dec2025 03:03:40.550] [main/DEBUG] [io.netty.util.ResourceLeakDetector/]: -Dio.netty.leakDetection.level: simple
[30Dec2025 03:03:40.550] [main/DEBUG] [io.netty.util.ResourceLeakDetector/]: -Dio.netty.leakDetection.targetRecords: 4
[30Dec2025 03:03:40.558] [main/DEBUG] [mixin/]: Mixing MixinTranslatableText from forge-mca.mixin.json into net.minecraft.network.chat.contents.TranslatableContents
[30Dec2025 03:03:40.566] [main/DEBUG] [mixin/]: Mixing components.MutableComponentMixin from kubejs-common.mixins.json into net.minecraft.network.chat.MutableComponent
[30Dec2025 03:03:40.575] [main/DEBUG] [mixin/]: Mixing TextColorMixin from rhino-common.mixins.json into net.minecraft.network.chat.TextColor
[30Dec2025 03:03:40.590] [main/DEBUG] [mixin/]: Mixing ChatFormattingMixin from rhino-common.mixins.json into net.minecraft.ChatFormatting
[30Dec2025 03:03:40.632] [main/DEBUG] [mixin/]: Mixing ResourceLocationMixin from rhino-common.mixins.json into net.minecraft.resources.ResourceLocation
[30Dec2025 03:03:40.667] [main/DEBUG] [oshi.util.FileUtil/]: No oshi.properties file found from ClassLoader cpw.mods.modlauncher.TransformingClassLoader@74f4a2ba
[30Dec2025 03:03:40.667] [main/DEBUG] [oshi.util.FileUtil/]: No oshi.properties file found from ClassLoader jdk.internal.loader.ClassLoaders$AppClassLoader@76ed5528
[30Dec2025 03:03:40.698] [main/DEBUG] [oshi.util.FileUtil/]: Reading file /proc/self/auxv
[30Dec2025 03:03:40.698] [main/DEBUG] [oshi.util.FileUtil/]: Reading file /proc/self/auxv
[30Dec2025 03:03:40.703] [main/DEBUG] [oshi.util.FileUtil/]: Reading file /proc/stat
[30Dec2025 03:03:40.709] [main/DEBUG] [oshi.util.FileUtil/]: Reading file /sys/devices/system/cpu/cpu0/topology/core_id
[30Dec2025 03:03:40.709] [main/DEBUG] [oshi.util.FileUtil/]: Reading file /sys/devices/system/cpu/cpu0/topology/core_id
[30Dec2025 03:03:40.709] [main/DEBUG] [oshi.util.FileUtil/]: Reading file /sys/devices/system/cpu/cpu0/topology/physical_package_id
[30Dec2025 03:03:40.709] [main/DEBUG] [oshi.util.FileUtil/]: Reading file /sys/devices/system/cpu/cpu0/topology/physical_package_id
[30Dec2025 03:03:40.709] [main/DEBUG] [oshi.util.FileUtil/]: Reading file /sys/devices/system/cpu/cpu0/cpu_capacity
[30Dec2025 03:03:40.711] [main/DEBUG] [oshi.util.FileUtil/]: Reading file /sys/devices/system/cpu/cpu1/topology/core_id
[30Dec2025 03:03:40.711] [main/DEBUG] [oshi.util.FileUtil/]: Reading file /sys/devices/system/cpu/cpu1/topology/core_id
[30Dec2025 03:03:40.711] [main/DEBUG] [oshi.util.FileUtil/]: Reading file /sys/devices/system/cpu/cpu1/topology/physical_package_id
[30Dec2025 03:03:40.711] [main/DEBUG] [oshi.util.FileUtil/]: Reading file /sys/devices/system/cpu/cpu1/topology/physical_package_id
[30Dec2025 03:03:40.711] [main/DEBUG] [oshi.util.FileUtil/]: Reading file /sys/devices/system/cpu/cpu1/cpu_capacity
[30Dec2025 03:03:40.711] [main/DEBUG] [oshi.util.FileUtil/]: Reading file /sys/devices/system/cpu/cpu2/topology/core_id
[30Dec2025 03:03:40.711] [main/DEBUG] [oshi.util.FileUtil/]: Reading file /sys/devices/system/cpu/cpu2/topology/core_id
[30Dec2025 03:03:40.711] [main/DEBUG] [oshi.util.FileUtil/]: Reading file /sys/devices/system/cpu/cpu2/topology/physical_package_id
[30Dec2025 03:03:40.711] [main/DEBUG] [oshi.util.FileUtil/]: Reading file /sys/devices/system/cpu/cpu2/topology/physical_package_id
[30Dec2025 03:03:40.711] [main/DEBUG] [oshi.util.FileUtil/]: Reading file /sys/devices/system/cpu/cpu2/cpu_capacity
[30Dec2025 03:03:40.712] [main/DEBUG] [oshi.util.FileUtil/]: Reading file /sys/devices/system/cpu/cpu3/topology/core_id
[30Dec2025 03:03:40.712] [main/DEBUG] [oshi.util.FileUtil/]: Reading file /sys/devices/system/cpu/cpu3/topology/core_id
[30Dec2025 03:03:40.712] [main/DEBUG] [oshi.util.FileUtil/]: Reading file /sys/devices/system/cpu/cpu3/topology/physical_package_id
[30Dec2025 03:03:40.712] [main/DEBUG] [oshi.util.FileUtil/]: Reading file /sys/devices/system/cpu/cpu3/topology/physical_package_id
[30Dec2025 03:03:40.712] [main/DEBUG] [oshi.util.FileUtil/]: Reading file /sys/devices/system/cpu/cpu3/cpu_capacity
[30Dec2025 03:03:40.714] [main/DEBUG] [oshi.util.FileUtil/]: Reading file /proc/cpuinfo
[30Dec2025 03:03:40.721] [main/DEBUG] [oshi.util.FileUtil/]: Reading file /proc/self/auxv
[30Dec2025 03:03:40.723] [main/DEBUG] [oshi.util.FileUtil/]: No oshi.architecture.properties file found from ClassLoader cpw.mods.modlauncher.TransformingClassLoader@74f4a2ba
[30Dec2025 03:03:40.723] [main/DEBUG] [oshi.util.FileUtil/]: No oshi.architecture.properties file found from ClassLoader jdk.internal.loader.ClassLoaders$AppClassLoader@76ed5528
[30Dec2025 03:03:40.735] [main/DEBUG] [oshi.util.FileUtil/]: Reading file /proc/meminfo
[30Dec2025 03:03:40.736] [main/DEBUG] [oshi.util.FileUtil/]: Reading file /proc/meminfo
[30Dec2025 03:03:40.756] [main/DEBUG] [mixin/]: Mixing ResourceKeyMixin from rhino-common.mixins.json into net.minecraft.resources.ResourceKey
[30Dec2025 03:03:40.772] [main/DEBUG] [mixin/]: Mixing inject.MixinGameEvent from architectury-common.mixins.json into net.minecraft.world.level.gameevent.GameEvent
[30Dec2025 03:03:40.784] [main/DEBUG] [mixin/]: Mixing accessor.ForgeRegistryForgeAccessor from puzzleslib.forge.mixins.json into net.minecraftforge.registries.ForgeRegistry
[30Dec2025 03:03:40.794] [main/DEBUG] [mixin/]: Mixing inject.MixinBlock from architectury-common.mixins.json into net.minecraft.world.level.block.Block
[30Dec2025 03:03:40.794] [main/DEBUG] [mixin/]: Mixing BlockMixin from kubejs-common.mixins.json into net.minecraft.world.level.block.Block
[30Dec2025 03:03:40.795] [main/DEBUG] [mixin/]: Mixing accessor.BlockAccessor from puzzleslib.common.mixins.json into net.minecraft.world.level.block.Block
[30Dec2025 03:03:40.795] [main/DEBUG] [mixin/]: Mixing BlockMixin from structure_gel.mixins.json into net.minecraft.world.level.block.Block
[30Dec2025 03:03:40.806] [main/DEBUG] [mixin/]: Mixing BlockBehaviourMixin from kubejs-common.mixins.json into net.minecraft.world.level.block.state.BlockBehaviour
[30Dec2025 03:03:40.822] [main/DEBUG] [mixin/]: Mixing LevelMixin from citadel.mixins.json into net.minecraft.world.level.Level
[30Dec2025 03:03:40.824] [main/DEBUG] [mixin/]: Mixing LevelMixin from kubejs-common.mixins.json into net.minecraft.world.level.Level
[30Dec2025 03:03:40.845] [main/DEBUG] [mixin/]: Mixing ServerAddEntityMixin from cupboard.mixins.json into net.minecraft.server.level.ServerLevel
[30Dec2025 03:03:40.852] [main/DEBUG] [mixin/]: Mixing ServerLevelMixin from citadel.mixins.json into net.minecraft.server.level.ServerLevel
[30Dec2025 03:03:40.853] [main/DEBUG] [mixin/]: Mixing MixinServerWorld from forge-mca.mixin.json into net.minecraft.server.level.ServerLevel
[30Dec2025 03:03:40.854] [main/DEBUG] [mixin/]: Mixing ServerLevelMixin from kubejs-common.mixins.json into net.minecraft.server.level.ServerLevel
[30Dec2025 03:03:40.855] [main/DEBUG] [mixin/]: Mixing ServerLevelMixin from immersive_weathering-common.mixins.json into net.minecraft.server.level.ServerLevel
[30Dec2025 03:03:40.855] [main/DEBUG] [mixin/]: Discarding sythetic bridge method synthetic in m_6325_ because existing method in immersive_weathering-common.mixins.json:ServerLevelMixin is compatible
[30Dec2025 03:03:40.858] [main/DEBUG] [mixin/]: Mixing MixinServerLevel from glitchcore.mixins.json into net.minecraft.server.level.ServerLevel
[30Dec2025 03:03:40.859] [main/DEBUG] [mixin/]: Mixing MixinServerLevel from corgilib-common.mixins.json into net.minecraft.server.level.ServerLevel
[30Dec2025 03:03:40.859] [main/DEBUG] [mixin/]: Discarding sythetic bridge method synthetic in m_6325_ because existing method in corgilib-common.mixins.json:MixinServerLevel is compatible
[30Dec2025 03:03:40.859] [main/DEBUG] [mixin/]: Renaming synthetic method lambda$tickScheduledRandomTicks$0(Lnet/minecraft/world/level/chunk/LevelChunk;Lnet/minecraft/core/BlockPos;)Z to md145b39$lambda$tickScheduledRandomTicks$0$0 in corgilib-common.mixins.json:MixinServerLevel
[30Dec2025 03:03:40.893] [main/DEBUG] [mixin/]: Mixing BlockStateBaseMixin from kubejs-common.mixins.json into net.minecraft.world.level.block.state.BlockBehaviour$BlockStateBase
[30Dec2025 03:03:40.894] [main/DEBUG] [mixin/]: Mixing BlockStateBaseMixin from ferritecore.blockstatecache.mixin.json into net.minecraft.world.level.block.state.BlockBehaviour$BlockStateBase
[30Dec2025 03:03:40.901] [main/DEBUG] [mixin/]: Mixing FastMapStateHolderMixin from ferritecore.fastmap.mixin.json into net.minecraft.world.level.block.state.StateHolder
[30Dec2025 03:03:40.921] [main/DEBUG] [mixin/]: Mixing EntityLoadMixin from cupboard.mixins.json into net.minecraft.world.entity.Entity
[30Dec2025 03:03:40.925] [main/DEBUG] [mixin/]: Mixing EntityMixin from almanac.mixins.json into net.minecraft.world.entity.Entity
[30Dec2025 03:03:40.926] [main/DEBUG] [mixin/]: Mixing accessors.entity.AccessorEntity from bookshelf.common.mixins.json into net.minecraft.world.entity.Entity
[30Dec2025 03:03:40.926] [main/DEBUG] [mixin/]: Mixing AccessorEntity from curios.mixins.json into net.minecraft.world.entity.Entity
[30Dec2025 03:03:40.927] [main/DEBUG] [mixin/]: Mixing EntityMixin from pointblank.mixins.json into net.minecraft.world.entity.Entity
[30Dec2025 03:03:40.928] [main/DEBUG] [mixin/]: Mixing EntityMixin from kubejs-forge.mixins.json into net.minecraft.world.entity.Entity
[30Dec2025 03:03:40.928] [main/DEBUG] [mixin/]: Mixing EntityMixin from kubejs-common.mixins.json into net.minecraft.world.entity.Entity
[30Dec2025 03:03:40.931] [main/DEBUG] [mixin/]: Mixing PlayerPortalCheck from forgivingworld.mixins.json into net.minecraft.world.entity.Entity
[30Dec2025 03:03:40.933] [main/DEBUG] [mixin/]: Mixing MixinEntity from corgilib-common.mixins.json into net.minecraft.world.entity.Entity
[30Dec2025 03:03:40.934] [main/DEBUG] [mixin/]: Mixing EntityMixin from structure_gel.mixins.json into net.minecraft.world.entity.Entity
[30Dec2025 03:03:40.990] [main/DEBUG] [mixin/]: Mixing LivingEntityMixin from insanelib.mixins.json into net.minecraft.world.entity.LivingEntity
[30Dec2025 03:03:40.991] [main/DEBUG] [mixin/]: insanelib.mixins.json:LivingEntityMixin: Class version 61 required is higher than the class version supported by the current version of Mixin (JAVA_8 supports class version 52)
[30Dec2025 03:03:40.991] [main/DEBUG] [mixin/]: Mixing LivingEntityMixin from citadel.mixins.json into net.minecraft.world.entity.LivingEntity
[30Dec2025 03:03:40.996] [main/DEBUG] [mixin/]: Mixing accessors.entity.AccessorLivingEntity from bookshelf.common.mixins.json into net.minecraft.world.entity.LivingEntity
[30Dec2025 03:03:40.996] [main/DEBUG] [mixin/]: Mixing patches.entity.MixinLivingEntity from bookshelf.common.mixins.json into net.minecraft.world.entity.LivingEntity
[30Dec2025 03:03:40.998] [main/DEBUG] [mixin/]: Mixing MixinLivingEntity from curios.mixins.json into net.minecraft.world.entity.LivingEntity
[30Dec2025 03:03:40.999] [main/DEBUG] [mixin/]: Mixing LivingEntityMixin from pointblank.mixins.json into net.minecraft.world.entity.LivingEntity
[30Dec2025 03:03:41.002] [main/DEBUG] [mixin/]: Mixing LivingEntityMixin from kubejs-common.mixins.json into net.minecraft.world.entity.LivingEntity
[30Dec2025 03:03:41.004] [main/DEBUG] [mixin/]: Mixing common.LivingEntityMixin from tacz.mixins.json into net.minecraft.world.entity.LivingEntity
[30Dec2025 03:03:41.028] [main/DEBUG] [mixin/]: Mixing LivingEntityMixin from mixins.cofhcore.json into net.minecraft.world.entity.LivingEntity
[30Dec2025 03:03:41.029] [main/DEBUG] [mixin/]: Renaming synthetic method lambda$shield$0(Lorg/spongepowered/asm/mixin/injection/callback/CallbackInfoReturnable;Lnet/minecraft/world/damagesource/DamageSource;Lcofh/lib/api/capability/IShieldItem;)V to md145b39$lambda$shield$0$0 in mixins.cofhcore.json:LivingEntityMixin
[30Dec2025 03:03:41.038] [main/DEBUG] [mixin/]: Mixing MixinLivingEntity from charmofundying.mixins.json into net.minecraft.world.entity.LivingEntity
[30Dec2025 03:03:41.122] [main/DEBUG] [mixin/]: Mixing ItemEntityMixin from kubejs-common.mixins.json into net.minecraft.world.entity.item.ItemEntity
[30Dec2025 03:03:41.129] [main/DEBUG] [mixin/]: Mixing PlayerMixin from insanelib.mixins.json into net.minecraft.world.entity.player.Player
[30Dec2025 03:03:41.129] [main/DEBUG] [mixin/]: insanelib.mixins.json:PlayerMixin: Class version 61 required is higher than the class version supported by the current version of Mixin (JAVA_8 supports class version 52)
[30Dec2025 03:03:41.131] [main/DEBUG] [mixin/]: Mixing PlayerMixin from pandalib-common.mixins.json into net.minecraft.world.entity.player.Player
[30Dec2025 03:03:41.133] [main/DEBUG] [mixin/]: Mixing MixinPlayerEntity from forge-mca.mixin.json into net.minecraft.world.entity.player.Player
[30Dec2025 03:03:41.134] [main/DEBUG] [mixin/]: Mixing PlayerMixin from kubejs-common.mixins.json into net.minecraft.world.entity.player.Player
[30Dec2025 03:03:41.173] [main/DEBUG] [mixin/]: Mixing inject.MixinFluid from architectury-common.mixins.json into net.minecraft.world.level.material.Fluid
[30Dec2025 03:03:41.177] [main/DEBUG] [mixin/]: Mixing accessors.item.AccessorItem from bookshelf.common.mixins.json into net.minecraft.world.item.Item
[30Dec2025 03:03:41.177] [main/DEBUG] [mixin/]: Mixing ItemMixin from uteamcore.mixins.json into net.minecraft.world.item.Item
[30Dec2025 03:03:41.178] [main/DEBUG] [mixin/]: Mixing inject.MixinItem from architectury-common.mixins.json into net.minecraft.world.item.Item
[30Dec2025 03:03:41.179] [main/DEBUG] [mixin/]: Mixing ItemMixin from moonlight-common.mixins.json into net.minecraft.world.item.Item
[30Dec2025 03:03:41.181] [main/DEBUG] [mixin/]: Mixing ItemMixin from kubejs-common.mixins.json into net.minecraft.world.item.Item
[30Dec2025 03:03:41.188] [main/DEBUG] [net.minecraftforge.coremod.transformer.CoreModBaseTransformer/COREMOD]: Transforming getEnchantmentLevel with desc (Lnet/minecraft/world/item/enchantment/Enchantment;)I
[30Dec2025 03:03:41.189] [main/INFO] [net.minecraftforge.coremod.CoreMod.placebo/COREMODLOG]: Patching IForgeItemStack#getEnchantmentLevel
[30Dec2025 03:03:41.189] [main/DEBUG] [net.minecraftforge.coremod.transformer.CoreModBaseTransformer/COREMOD]: Transforming getAllEnchantments with desc ()Ljava/util/Map;
[30Dec2025 03:03:41.190] [main/INFO] [net.minecraftforge.coremod.CoreMod.placebo/COREMODLOG]: Patching IForgeItemStack#getEnchantmentLevel
[30Dec2025 03:03:41.212] [main/DEBUG] [net.minecraftforge.coremod.transformer.CoreModBaseTransformer/COREMOD]: Transforming net/minecraft/world/entity/EntityType
[30Dec2025 03:03:41.256] [main/DEBUG] [mixin/]: Mixing inject.MixinEntityType from architectury-common.mixins.json into net.minecraft.world.entity.EntityType
[30Dec2025 03:03:41.256] [main/DEBUG] [mixin/]: Mixing MixinEntityType from forge-mca.mixin.json into net.minecraft.world.entity.EntityType
[30Dec2025 03:03:41.291] [main/DEBUG] [mixin/]: Mixing MixinVillagerProfession from forge-mca.mixin.json into net.minecraft.world.entity.npc.VillagerProfession
[30Dec2025 03:03:41.291] [main/DEBUG] [mixin/]: Renaming @Invoker method init(Ljava/lang/String;Ljava/util/function/Predicate;Ljava/util/function/Predicate;Lcom/google/common/collect/ImmutableSet;Lcom/google/common/collect/ImmutableSet;Lnet/minecraft/sounds/SoundEvent;)Lnet/minecraft/world/entity/npc/VillagerProfession; to init_$md$145b39$0 in forge-mca.mixin.json:MixinVillagerProfession
[30Dec2025 03:03:41.294] [main/DEBUG] [mixin/]: Mixing MixinPoiTypes from lootr.mixins.json into net.minecraft.world.entity.ai.village.poi.PoiTypes
[30Dec2025 03:03:41.297] [main/DEBUG] [mixin/]: Mixing MixinPoiType from lootr.mixins.json into net.minecraft.world.entity.ai.village.poi.PoiType
[30Dec2025 03:03:41.299] [main/DEBUG] [mixin/]: Mixing MixinMemoryModuleType from forge-mca.mixin.json into net.minecraft.world.entity.ai.memory.MemoryModuleType
[30Dec2025 03:03:41.300] [main/DEBUG] [mixin/]: Renaming @Invoker method init(Ljava/util/Optional;)Lnet/minecraft/world/entity/ai/memory/MemoryModuleType; to init_$md$145b39$0 in forge-mca.mixin.json:MixinMemoryModuleType
[30Dec2025 03:03:41.302] [main/DEBUG] [mixin/]: Mixing MixinSensorType from forge-mca.mixin.json into net.minecraft.world.entity.ai.sensing.SensorType
[30Dec2025 03:03:41.302] [main/DEBUG] [mixin/]: Renaming @Invoker method init(Ljava/util/function/Supplier;)Lnet/minecraft/world/entity/ai/sensing/SensorType; to init_$md$145b39$0 in forge-mca.mixin.json:MixinSensorType
[30Dec2025 03:03:41.305] [main/DEBUG] [mixin/]: Mixing MixinActivity from forge-mca.mixin.json into net.minecraft.world.entity.schedule.Activity
[30Dec2025 03:03:41.305] [main/DEBUG] [mixin/]: Renaming @Invoker method init(Ljava/lang/String;)Lnet/minecraft/world/entity/schedule/Activity; to init_$md$145b39$0 in forge-mca.mixin.json:MixinActivity
[30Dec2025 03:03:41.340] [main/DEBUG] [mixin/]: Mixing CreativeModeTabMixin from kubejs-common.mixins.json into net.minecraft.world.item.CreativeModeTab
[30Dec2025 03:03:41.344] [main/DEBUG] [mixin/]: Mixing FireBlockMixin from insanelib.mixins.json into net.minecraft.world.level.block.FireBlock
[30Dec2025 03:03:41.345] [main/DEBUG] [mixin/]: insanelib.mixins.json:FireBlockMixin: Class version 61 required is higher than the class version supported by the current version of Mixin (JAVA_8 supports class version 52)
[30Dec2025 03:03:41.345] [main/DEBUG] [mixin/]: Mixing FireMixin from immersive_weathering-common.mixins.json into net.minecraft.world.level.block.FireBlock
[30Dec2025 03:03:41.347] [main/DEBUG] [mixin/]: Mixing FireBlockMixin from moonlight.mixins.json into net.minecraft.world.level.block.FireBlock
[30Dec2025 03:03:41.348] [main/DEBUG] [mixin/]: Mixing accessor.FireBlockForgeAccessor from puzzleslib.forge.mixins.json into net.minecraft.world.level.block.FireBlock
[30Dec2025 03:03:41.390] [main/DEBUG] [mixin/]: Mixing DirectionMixin from rhino-common.mixins.json into net.minecraft.core.Direction
[30Dec2025 03:03:41.421] [main/DEBUG] [mixin/]: Mixing ShapesMixin from creativecore.mixins.json into net.minecraft.world.phys.shapes.Shapes
[30Dec2025 03:03:41.452] [main/DEBUG] [mixin/]: Mixing DiscreteVSAccess from ferritecore.blockstatecache.mixin.json into net.minecraft.world.phys.shapes.DiscreteVoxelShape
[30Dec2025 03:03:41.455] [main/DEBUG] [mixin/]: Mixing BitSetDVSAccess from ferritecore.blockstatecache.mixin.json into net.minecraft.world.phys.shapes.BitSetDiscreteVoxelShape
[30Dec2025 03:03:41.458] [main/DEBUG] [mixin/]: Mixing VoxelShapeAccessor from creativecore.mixins.json into net.minecraft.world.phys.shapes.VoxelShape
[30Dec2025 03:03:41.458] [main/DEBUG] [mixin/]: Mixing VoxelShapeAccess from ferritecore.blockstatecache.mixin.json into net.minecraft.world.phys.shapes.VoxelShape
[30Dec2025 03:03:41.459] [main/DEBUG] [mixin/]: Unexpected: Registered method setShape(Lnet/minecraft/world/phys/shapes/DiscreteVoxelShape;)V in net.minecraft.world.phys.shapes.VoxelShape was not merged
[30Dec2025 03:03:41.461] [main/DEBUG] [mixin/]: Mixing ArrayVSAccess from ferritecore.blockstatecache.mixin.json into net.minecraft.world.phys.shapes.ArrayVoxelShape
[30Dec2025 03:03:41.464] [main/DEBUG] [mixin/]: Mixing SliceShapeAccess from ferritecore.blockstatecache.mixin.json into net.minecraft.world.phys.shapes.SliceShape
[30Dec2025 03:03:41.595] [main/DEBUG] [mixin/]: Mixing BlocksMixin from immersive_weathering-common.mixins.json into net.minecraft.world.level.block.Blocks
[30Dec2025 03:03:41.598] [main/DEBUG] [mixin/]: Renaming synthetic method lambda$stoneStairs$47()Lnet/minecraft/world/level/block/Block; to md145b39$lambda$stoneStairs$47$0 in immersive_weathering-common.mixins.json:BlocksMixin
[30Dec2025 03:03:41.599] [main/DEBUG] [mixin/]: Renaming synthetic method lambda$endStoneBrickWall$46()Lnet/minecraft/world/item/Item; to md145b39$lambda$endStoneBrickWall$46$1 in immersive_weathering-common.mixins.json:BlocksMixin
[30Dec2025 03:03:41.599] [main/DEBUG] [mixin/]: Renaming synthetic method lambda$endStoneBricksStairs$45()Lnet/minecraft/world/item/Item; to md145b39$lambda$endStoneBricksStairs$45$2 in immersive_weathering-common.mixins.json:BlocksMixin
[30Dec2025 03:03:41.599] [main/DEBUG] [mixin/]: Renaming synthetic method lambda$endStoneBricksStairs$44()Lnet/minecraft/world/level/block/Block; to md145b39$lambda$endStoneBricksStairs$44$3 in immersive_weathering-common.mixins.json:BlocksMixin
[30Dec2025 03:03:41.600] [main/DEBUG] [mixin/]: Renaming synthetic method lambda$endStoneBrickSlab$43()Lnet/minecraft/world/item/Item; to md145b39$lambda$endStoneBrickSlab$43$4 in immersive_weathering-common.mixins.json:BlocksMixin
[30Dec2025 03:03:41.600] [main/DEBUG] [mixin/]: Renaming synthetic method lambda$endStoneBricks$42()Lnet/minecraft/world/item/Item; to md145b39$lambda$endStoneBricks$42$5 in immersive_weathering-common.mixins.json:BlocksMixin
[30Dec2025 03:03:41.600] [main/DEBUG] [mixin/]: Renaming synthetic method lambda$prismarineBricksStairs$41()Lnet/minecraft/world/item/Item; to md145b39$lambda$prismarineBricksStairs$41$6 in immersive_weathering-common.mixins.json:BlocksMixin
[30Dec2025 03:03:41.600] [main/DEBUG] [mixin/]: Renaming synthetic method lambda$prismarineBricksStairs$40()Lnet/minecraft/world/level/block/Block; to md145b39$lambda$prismarineBricksStairs$40$7 in immersive_weathering-common.mixins.json:BlocksMixin
[30Dec2025 03:03:41.600] [main/DEBUG] [mixin/]: Renaming synthetic method lambda$prismarineBrickSlab$39()Lnet/minecraft/world/item/Item; to md145b39$lambda$prismarineBrickSlab$39$8 in immersive_weathering-common.mixins.json:BlocksMixin
[30Dec2025 03:03:41.600] [main/DEBUG] [mixin/]: Renaming synthetic method lambda$prismarineBricks$38()Lnet/minecraft/world/item/Item; to md145b39$lambda$prismarineBricks$38$9 in immersive_weathering-common.mixins.json:BlocksMixin
[30Dec2025 03:03:41.601] [main/DEBUG] [mixin/]: Renaming synthetic method lambda$mossyCobblestoneStairs$37()Lnet/minecraft/world/level/block/Block; to md145b39$lambda$mossyCobblestoneStairs$37$a in immersive_weathering-common.mixins.json:BlocksMixin
[30Dec2025 03:03:41.601] [main/DEBUG] [mixin/]: Renaming synthetic method lambda$mossyStoneBrickStairs$36()Lnet/minecraft/world/level/block/Block; to md145b39$lambda$mossyStoneBrickStairs$36$b in immersive_weathering-common.mixins.json:BlocksMixin
[30Dec2025 03:03:41.601] [main/DEBUG] [mixin/]: Renaming synthetic method lambda$cobblestoneStairs$35()Lnet/minecraft/world/level/block/Block; to md145b39$lambda$cobblestoneStairs$35$c in immersive_weathering-common.mixins.json:BlocksMixin
[30Dec2025 03:03:41.601] [main/DEBUG] [mixin/]: Renaming synthetic method lambda$stoneBrickWall$34()Lnet/minecraft/world/item/Item; to md145b39$lambda$stoneBrickWall$34$d in immersive_weathering-common.mixins.json:BlocksMixin
[30Dec2025 03:03:41.601] [main/DEBUG] [mixin/]: Renaming synthetic method lambda$stoneBricksStairs$33()Lnet/minecraft/world/level/block/Block; to md145b39$lambda$stoneBricksStairs$33$e in immersive_weathering-common.mixins.json:BlocksMixin
[30Dec2025 03:03:41.601] [main/DEBUG] [mixin/]: Renaming synthetic method lambda$stoneBricksStairs$32()Lnet/minecraft/world/item/Item; to md145b39$lambda$stoneBricksStairs$32$f in immersive_weathering-common.mixins.json:BlocksMixin
[30Dec2025 03:03:41.602] [main/DEBUG] [mixin/]: Renaming synthetic method lambda$stoneBrickSlab$31()Lnet/minecraft/world/item/Item; to md145b39$lambda$stoneBrickSlab$31$10 in immersive_weathering-common.mixins.json:BlocksMixin
[30Dec2025 03:03:41.602] [main/DEBUG] [mixin/]: Renaming synthetic method lambda$stoneBricks$30()Lnet/minecraft/world/item/Item; to md145b39$lambda$stoneBricks$30$11 in immersive_weathering-common.mixins.json:BlocksMixin
[30Dec2025 03:03:41.602] [main/DEBUG] [mixin/]: Renaming synthetic method lambda$brickWall$29()Lnet/minecraft/world/item/Item; to md145b39$lambda$brickWall$29$12 in immersive_weathering-common.mixins.json:BlocksMixin
[30Dec2025 03:03:41.602] [main/DEBUG] [mixin/]: Renaming synthetic method lambda$brickStairs$28()Lnet/minecraft/world/level/block/Block; to md145b39$lambda$brickStairs$28$13 in immersive_weathering-common.mixins.json:BlocksMixin
[30Dec2025 03:03:41.602] [main/DEBUG] [mixin/]: Renaming synthetic method lambda$brickStairs$27()Lnet/minecraft/world/item/Item; to md145b39$lambda$brickStairs$27$14 in immersive_weathering-common.mixins.json:BlocksMixin
[30Dec2025 03:03:41.602] [main/DEBUG] [mixin/]: Renaming synthetic method lambda$brickSlab$26()Lnet/minecraft/world/item/Item; to md145b39$lambda$brickSlab$26$15 in immersive_weathering-common.mixins.json:BlocksMixin
[30Dec2025 03:03:41.602] [main/DEBUG] [mixin/]: Renaming synthetic method lambda$bricks$25()Lnet/minecraft/world/item/Item; to md145b39$lambda$bricks$25$16 in immersive_weathering-common.mixins.json:BlocksMixin
[30Dec2025 03:03:41.603] [main/DEBUG] [mixin/]: Renaming synthetic method lambda$crackedNetherBricks$24()Lnet/minecraft/world/item/Item; to md145b39$lambda$crackedNetherBricks$24$17 in immersive_weathering-common.mixins.json:BlocksMixin
[30Dec2025 03:03:41.603] [main/DEBUG] [mixin/]: Renaming synthetic method lambda$netherBrickWall$23()Lnet/minecraft/world/item/Item; to md145b39$lambda$netherBrickWall$23$18 in immersive_weathering-common.mixins.json:BlocksMixin
[30Dec2025 03:03:41.603] [main/DEBUG] [mixin/]: Renaming synthetic method lambda$netherBrickStairs$22()Lnet/minecraft/world/item/Item; to md145b39$lambda$netherBrickStairs$22$19 in immersive_weathering-common.mixins.json:BlocksMixin
[30Dec2025 03:03:41.603] [main/DEBUG] [mixin/]: Renaming synthetic method lambda$netherBrickStairs$21()Lnet/minecraft/world/level/block/Block; to md145b39$lambda$netherBrickStairs$21$1a in immersive_weathering-common.mixins.json:BlocksMixin
[30Dec2025 03:03:41.603] [main/DEBUG] [mixin/]: Renaming synthetic method lambda$netherBrickSlab$20()Lnet/minecraft/world/item/Item; to md145b39$lambda$netherBrickSlab$20$1b in immersive_weathering-common.mixins.json:BlocksMixin
[30Dec2025 03:03:41.604] [main/DEBUG] [mixin/]: Renaming synthetic method lambda$netherBricks$19()Lnet/minecraft/world/item/Item; to md145b39$lambda$netherBricks$19$1c in immersive_weathering-common.mixins.json:BlocksMixin
[30Dec2025 03:03:41.604] [main/DEBUG] [mixin/]: Renaming synthetic method lambda$deepslateTileWall$18()Lnet/minecraft/world/item/Item; to md145b39$lambda$deepslateTileWall$18$1d in immersive_weathering-common.mixins.json:BlocksMixin
[30Dec2025 03:03:41.604] [main/DEBUG] [mixin/]: Renaming synthetic method lambda$deepslateTileStairs$17()Lnet/minecraft/world/item/Item; to md145b39$lambda$deepslateTileStairs$17$1e in immersive_weathering-common.mixins.json:BlocksMixin
[30Dec2025 03:03:41.604] [main/DEBUG] [mixin/]: Renaming synthetic method lambda$deepslateTileStairs$16()Lnet/minecraft/world/level/block/Block; to md145b39$lambda$deepslateTileStairs$16$1f in immersive_weathering-common.mixins.json:BlocksMixin
[30Dec2025 03:03:41.604] [main/DEBUG] [mixin/]: Renaming synthetic method lambda$deepslateTileSlab$15()Lnet/minecraft/world/item/Item; to md145b39$lambda$deepslateTileSlab$15$20 in immersive_weathering-common.mixins.json:BlocksMixin
[30Dec2025 03:03:41.605] [main/DEBUG] [mixin/]: Renaming synthetic method lambda$deepslateTiles$14()Lnet/minecraft/world/item/Item; to md145b39$lambda$deepslateTiles$14$21 in immersive_weathering-common.mixins.json:BlocksMixin
[30Dec2025 03:03:41.605] [main/DEBUG] [mixin/]: Renaming synthetic method lambda$deepslateBrickWall$13()Lnet/minecraft/world/item/Item; to md145b39$lambda$deepslateBrickWall$13$22 in immersive_weathering-common.mixins.json:BlocksMixin
[30Dec2025 03:03:41.605] [main/DEBUG] [mixin/]: Renaming synthetic method lambda$deepslateBrickStairs$12()Lnet/minecraft/world/item/Item; to md145b39$lambda$deepslateBrickStairs$12$23 in immersive_weathering-common.mixins.json:BlocksMixin
[30Dec2025 03:03:41.605] [main/DEBUG] [mixin/]: Renaming synthetic method lambda$deepslateBrickStairs$11()Lnet/minecraft/world/level/block/Block; to md145b39$lambda$deepslateBrickStairs$11$24 in immersive_weathering-common.mixins.json:BlocksMixin
[30Dec2025 03:03:41.605] [main/DEBUG] [mixin/]: Renaming synthetic method lambda$deepslateBrickSlab$10()Lnet/minecraft/world/item/Item; to md145b39$lambda$deepslateBrickSlab$10$25 in immersive_weathering-common.mixins.json:BlocksMixin
[30Dec2025 03:03:41.605] [main/DEBUG] [mixin/]: Renaming synthetic method lambda$deepslateBricks$9()Lnet/minecraft/world/item/Item; to md145b39$lambda$deepslateBricks$9$26 in immersive_weathering-common.mixins.json:BlocksMixin
[30Dec2025 03:03:41.605] [main/DEBUG] [mixin/]: Renaming synthetic method lambda$crackedDeepslateTiles$8()Lnet/minecraft/world/item/Item; to md145b39$lambda$crackedDeepslateTiles$8$27 in immersive_weathering-common.mixins.json:BlocksMixin
[30Dec2025 03:03:41.606] [main/DEBUG] [mixin/]: Renaming synthetic method lambda$crackedDeepslateBricks$7()Lnet/minecraft/world/item/Item; to md145b39$lambda$crackedDeepslateBricks$7$28 in immersive_weathering-common.mixins.json:BlocksMixin
[30Dec2025 03:03:41.606] [main/DEBUG] [mixin/]: Renaming synthetic method lambda$crackedStoneBricks$6()Lnet/minecraft/world/item/Item; to md145b39$lambda$crackedStoneBricks$6$29 in immersive_weathering-common.mixins.json:BlocksMixin
[30Dec2025 03:03:41.606] [main/DEBUG] [mixin/]: Renaming synthetic method lambda$crackedPolishedBlackstoneBricks$5()Lnet/minecraft/world/item/Item; to md145b39$lambda$crackedPolishedBlackstoneBricks$5$2a in immersive_weathering-common.mixins.json:BlocksMixin
[30Dec2025 03:03:41.606] [main/DEBUG] [mixin/]: Renaming synthetic method lambda$polishedBlackstoneBrickWall$4()Lnet/minecraft/world/item/Item; to md145b39$lambda$polishedBlackstoneBrickWall$4$2b in immersive_weathering-common.mixins.json:BlocksMixin
[30Dec2025 03:03:41.606] [main/DEBUG] [mixin/]: Renaming synthetic method lambda$polishedBlackstoneBricksStairs$3()Lnet/minecraft/world/item/Item; to md145b39$lambda$polishedBlackstoneBricksStairs$3$2c in immersive_weathering-common.mixins.json:BlocksMixin
[30Dec2025 03:03:41.606] [main/DEBUG] [mixin/]: Renaming synthetic method lambda$polishedBlackstoneBricksStairs$2()Lnet/minecraft/world/level/block/Block; to md145b39$lambda$polishedBlackstoneBricksStairs$2$2d in immersive_weathering-common.mixins.json:BlocksMixin
[30Dec2025 03:03:41.606] [main/DEBUG] [mixin/]: Renaming synthetic method lambda$polishedBlackstoneBrickSlab$1()Lnet/minecraft/world/item/Item; to md145b39$lambda$polishedBlackstoneBrickSlab$1$2e in immersive_weathering-common.mixins.json:BlocksMixin
[30Dec2025 03:03:41.607] [main/DEBUG] [mixin/]: Renaming synthetic method lambda$polishedBlackstoneBricks$0()Lnet/minecraft/world/item/Item; to md145b39$lambda$polishedBlackstoneBricks$0$2f in immersive_weathering-common.mixins.json:BlocksMixin
[30Dec2025 03:03:41.615] [main/DEBUG] [net.minecraftforge.coremod.transformer.CoreModBaseTransformer/COREMOD]: Transforming net/minecraft/world/level/block/StairBlock
[30Dec2025 03:03:41.865] [main/DEBUG] [mixin/]: Mixing GrassBlockMixin from immersive_weathering-common.mixins.json into net.minecraft.world.level.block.SpreadingSnowyDirtBlock
[30Dec2025 03:03:41.877] [main/DEBUG] [mixin/]: Mixing BushBlockMixin from immersive_weathering-common.mixins.json into net.minecraft.world.level.block.BushBlock
[30Dec2025 03:03:41.885] [main/DEBUG] [net.minecraftforge.coremod.transformer.CoreModBaseTransformer/COREMOD]: Transforming net/minecraft/world/level/block/LiquidBlock
[30Dec2025 03:03:41.885] [main/DEBUG] [mixin/]: Mixing inject.MixinLiquidBlock from architectury-common.mixins.json into net.minecraft.world.level.block.LiquidBlock
[30Dec2025 03:03:41.886] [main/DEBUG] [mixin/]: Mixing LiquidBlockMixin from immersive_weathering-common.mixins.json into net.minecraft.world.level.block.LiquidBlock
[30Dec2025 03:03:41.899] [main/DEBUG] [mixin/]: Mixing LeavesMixin from immersive_weathering-common.mixins.json into net.minecraft.world.level.block.LeavesBlock
[30Dec2025 03:03:41.899] [main/DEBUG] [mixin/]: Renaming synthetic method lambda$performBonemeal$0(Lnet/minecraft/server/level/ServerLevel;Lnet/minecraft/core/BlockPos;Lnet/minecraft/world/level/block/state/BlockState;)V to md145b39$lambda$performBonemeal$0$0 in immersive_weathering-common.mixins.json:LeavesMixin
[30Dec2025 03:03:41.909] [main/DEBUG] [mixin/]: Mixing accessor.DispenserBlockAccessor from moonlight-common.mixins.json into net.minecraft.world.level.block.DispenserBlock
[30Dec2025 03:03:41.909] [main/DEBUG] [mixin/]: Renaming @Accessor method getDispenserRegistry()Ljava/util/Map; to getDispenserRegistry_$md$145b39$0 in moonlight-common.mixins.json:accessor.DispenserBlockAccessor
[30Dec2025 03:03:41.918] [main/DEBUG] [mixin/]: Mixing WebMixin from immersive_weathering.mixins.json into net.minecraft.world.level.block.WebBlock
[30Dec2025 03:03:41.918] [main/DEBUG] [mixin/]: immersive_weathering.mixins.json:WebMixin: Class version 61 required is higher than the class version supported by the current version of Mixin (JAVA_16 supports class version 60)
[30Dec2025 03:03:41.932] [main/DEBUG] [net.minecraftforge.coremod.transformer.CoreModBaseTransformer/COREMOD]: Transforming net/minecraft/world/level/block/StairBlock
[30Dec2025 03:03:41.938] [main/DEBUG] [mixin/]: Mixing CropBlockMixin from immersive_weathering-common.mixins.json into net.minecraft.world.level.block.CropBlock
[30Dec2025 03:03:41.959] [main/DEBUG] [mixin/]: Mixing SnowLayerBlockMixin from immersive_weathering-common.mixins.json into net.minecraft.world.level.block.SnowLayerBlock
[30Dec2025 03:03:41.961] [main/DEBUG] [mixin/]: Mixing IceMixin from immersive_weathering-common.mixins.json into net.minecraft.world.level.block.IceBlock
[30Dec2025 03:03:41.964] [main/DEBUG] [mixin/]: Mixing accessors.IceInvoker from immersive_weathering-common.mixins.json into net.minecraft.world.level.block.IceBlock
[30Dec2025 03:03:41.968] [main/DEBUG] [mixin/]: Mixing SugarCaneBlockMixin from immersive_weathering-common.mixins.json into net.minecraft.world.level.block.SugarCaneBlock
[30Dec2025 03:03:41.982] [main/DEBUG] [mixin/]: Mixing CakeBlockMixin from insanelib.mixins.json into net.minecraft.world.level.block.CakeBlock
[30Dec2025 03:03:41.982] [main/DEBUG] [mixin/]: insanelib.mixins.json:CakeBlockMixin: Class version 61 required is higher than the class version supported by the current version of Mixin (JAVA_8 supports class version 52)
[30Dec2025 03:03:41.990] [main/DEBUG] [mixin/]: Mixing AttachedStemBlockMixin from immersive_weathering-common.mixins.json into net.minecraft.world.level.block.AttachedStemBlock
[30Dec2025 03:03:41.992] [main/DEBUG] [mixin/]: Mixing StemBlockMixin from immersive_weathering-common.mixins.json into net.minecraft.world.level.block.StemBlock
[30Dec2025 03:03:42.013] [main/DEBUG] [net.minecraftforge.coremod.transformer.CoreModBaseTransformer/COREMOD]: Transforming net/minecraft/world/level/block/FlowerPotBlock
[30Dec2025 03:03:42.024] [main/DEBUG] [mixin/]: Mixing AnvilBlockMixin from placebo.mixins.json into net.minecraft.world.level.block.AnvilBlock
[30Dec2025 03:03:42.065] [main/DEBUG] [mixin/]: Mixing BubbleColumnMixin from immersive_weathering-common.mixins.json into net.minecraft.world.level.block.BubbleColumnBlock
[30Dec2025 03:03:42.066] [main/DEBUG] [mixin/]: Mixing reinforced.BubbleColumnBlockMixin from securitycraft.mixins.json into net.minecraft.world.level.block.BubbleColumnBlock
[30Dec2025 03:03:42.090] [main/DEBUG] [mixin/]: Mixing CampfireMixin from immersive_weathering-common.mixins.json into net.minecraft.world.level.block.CampfireBlock
[30Dec2025 03:03:42.094] [main/DEBUG] [mixin/]: Mixing SweetBerryBushMixin from immersive_weathering-common.mixins.json into net.minecraft.world.level.block.SweetBerryBushBlock
[30Dec2025 03:03:42.102] [main/DEBUG] [mixin/]: Mixing MixinStructureBlock from corgilib-common.mixins.json into net.minecraft.world.level.block.StructureBlock
[30Dec2025 03:03:42.120] [main/DEBUG] [mixin/]: Mixing MixinPowderSnowBlock from curios.mixins.json into net.minecraft.world.level.block.PowderSnowBlock
[30Dec2025 03:03:42.141] [main/DEBUG] [mixin/]: Mixing RootedDirtBlockMixin from immersive_weathering-common.mixins.json into net.minecraft.world.level.block.RootedDirtBlock
[30Dec2025 03:03:42.145] [main/DEBUG] [mixin/]: Mixing MudBlockHitboxMixin from immersive_weathering-common.mixins.json into net.minecraft.world.level.block.MudBlock
[30Dec2025 03:03:42.159] [main/DEBUG] [mixin/]: Mixing SelfRustableMixin from immersive_weathering.mixins.json into com.ordana.immersive_weathering.blocks.rusty.Rustable
[30Dec2025 03:03:42.159] [main/DEBUG] [mixin/]: immersive_weathering.mixins.json:SelfRustableMixin: Class version 61 required is higher than the class version supported by the current version of Mixin (JAVA_16 supports class version 60)
[30Dec2025 03:03:42.247] [main/DEBUG] [mixin/]: Mixing FallingBlockEntityMixin from insanelib.mixins.json into net.minecraft.world.entity.item.FallingBlockEntity
[30Dec2025 03:03:42.248] [main/DEBUG] [mixin/]: insanelib.mixins.json:FallingBlockEntityMixin: Class version 61 required is higher than the class version supported by the current version of Mixin (JAVA_8 supports class version 52)
[30Dec2025 03:03:42.248] [main/DEBUG] [mixin/]: Mixing MixinFallingBlockEntity from architectury.mixins.json into net.minecraft.world.entity.item.FallingBlockEntity
[30Dec2025 03:03:42.275] [main/DEBUG] [mixin/]: Mixing DyeColorMixin from rhino-common.mixins.json into net.minecraft.world.item.DyeColor
[30Dec2025 03:03:42.287] [main/DEBUG] [mixin/]: Mixing TileEntityMixin from itemblacklist.mixins.json into net.minecraft.world.level.block.entity.BlockEntity
[30Dec2025 03:03:42.287] [main/DEBUG] [mixin/]: Renaming synthetic method lambda$onMarkDirty$0(Lnet/minecraftforge/items/IItemHandler;)V to md145b39$lambda$onMarkDirty$0$0 in itemblacklist.mixins.json:TileEntityMixin
[30Dec2025 03:03:42.289] [main/DEBUG] [mixin/]: Mixing BlockEntityMixin from collective_forge.mixins.json into net.minecraft.world.level.block.entity.BlockEntity
[30Dec2025 03:03:42.323] [main/DEBUG] [mixin/]: Mixing ContainerMixin from kubejs-common.mixins.json into net.minecraft.world.Container
[30Dec2025 03:03:42.335] [main/DEBUG] [mixin/]: Mixing accessor.DispenserBlockEntityAccessor from moonlight-common.mixins.json into net.minecraft.world.level.block.entity.DispenserBlockEntity
[30Dec2025 03:03:42.338] [main/DEBUG] [mixin/]: Mixing patches.block.entity.MixinBaseContainerBlockEntity from bookshelf.forge.mixins.json into net.minecraft.world.level.block.entity.BaseContainerBlockEntity
[30Dec2025 03:03:42.415] [main/DEBUG] [mixin/]: Mixing PistonBlockEntityMixin from moonlight-common.mixins.json into net.minecraft.world.level.block.piston.PistonMovingBlockEntity
[30Dec2025 03:03:42.473] [main/DEBUG] [mixin/]: Mixing MixinDefaultParticleType from forge-mca.mixin.json into net.minecraft.core.particles.SimpleParticleType
[30Dec2025 03:03:42.474] [main/DEBUG] [mixin/]: Renaming @Invoker method init(Z)Lnet/minecraft/core/particles/SimpleParticleType; to init_$md$145b39$0 in forge-mca.mixin.json:MixinDefaultParticleType
[30Dec2025 03:03:42.542] [main/DEBUG] [mixin/]: Mixing AbstractContainerMenuInvoker from placebo.mixins.json into net.minecraft.world.inventory.AbstractContainerMenu
[30Dec2025 03:03:42.542] [main/DEBUG] [mixin/]: Mixing ContainerMixin from itemblacklist.mixins.json into net.minecraft.world.inventory.AbstractContainerMenu
[30Dec2025 03:03:42.549] [main/DEBUG] [mixin/]: Mixing accessors.inventory.AccessorCraftingMenu from bookshelf.common.mixins.json into net.minecraft.world.inventory.CraftingMenu
[30Dec2025 03:03:42.550] [main/DEBUG] [mixin/]: Mixing MixinCraftingMenu from fastbench.mixins.json into net.minecraft.world.inventory.CraftingMenu
[30Dec2025 03:03:42.550] [main/DEBUG] [mixin/]: Renaming synthetic method lambda$slotsChanged$0(Lnet/minecraft/world/level/Level;Lnet/minecraft/core/BlockPos;)V to md145b39$lambda$slotsChanged$0$0 in fastbench.mixins.json:MixinCraftingMenu
[30Dec2025 03:03:42.553] [main/DEBUG] [mixin/]: Mixing AccessorCraftingMenu from polymorph.mixins.json into net.minecraft.world.inventory.CraftingMenu
[30Dec2025 03:03:42.554] [main/DEBUG] [mixin/]: Mixing MixinCraftingMenu from polymorph.mixins.json into net.minecraft.world.inventory.CraftingMenu
[30Dec2025 03:03:42.564] [main/DEBUG] [mixin/]: Mixing MixinAbstractFurnaceBlockEntity from forge-mca.mixin.json into net.minecraft.world.level.block.entity.AbstractFurnaceBlockEntity
[30Dec2025 03:03:42.564] [main/DEBUG] [mixin/]: Renaming synthetic method lambda$onDropExperience$0(Lnet/minecraft/server/level/ServerPlayer;Lnet/minecraft/resources/ResourceLocation;Ljava/lang/Integer;)V to md145b39$lambda$onDropExperience$0$0 in forge-mca.mixin.json:MixinAbstractFurnaceBlockEntity
[30Dec2025 03:03:42.569] [main/DEBUG] [mixin/]: Mixing AccessorAbstractFurnaceBlockEntity from polymorph.mixins.json into net.minecraft.world.level.block.entity.AbstractFurnaceBlockEntity
[30Dec2025 03:03:42.569] [main/DEBUG] [mixin/]: Mixing MixinAbstractFurnaceBlockEntity from fastfurnace.mixins.json into net.minecraft.world.level.block.entity.AbstractFurnaceBlockEntity
[30Dec2025 03:03:42.579] [main/DEBUG] [mixin/]: Mixing accessors.block.entity.AccessorSignBlockEntity from bookshelf.common.mixins.json into net.minecraft.world.level.block.entity.SignBlockEntity
[30Dec2025 03:03:42.601] [main/DEBUG] [mixin/]: Mixing common.ServerPlayerMixin from uteamcore.mixins.json into net.minecraft.server.level.ServerPlayer
[30Dec2025 03:03:42.602] [main/DEBUG] [mixin/]: Mixing ServerPlayerMixin from nerb-common.mixins.json into net.minecraft.server.level.ServerPlayer
[30Dec2025 03:03:42.603] [main/DEBUG] [mixin/]: Mixing ServerPlayerMixin from kubejs-common.mixins.json into net.minecraft.server.level.ServerPlayer
[30Dec2025 03:03:42.604] [main/DEBUG] [mixin/]: Mixing common.ServerPlayerMixin from tacz.mixins.json into net.minecraft.server.level.ServerPlayer
[30Dec2025 03:03:42.604] [main/DEBUG] [mixin/]: Mixing MixinServerPlayer from glitchcore.forge.mixins.json into net.minecraft.server.level.ServerPlayer
[30Dec2025 03:03:42.604] [main/DEBUG] [mixin/]: Mixing camera.ServerPlayerMixin from securitycraft.mixins.json into net.minecraft.server.level.ServerPlayer
[30Dec2025 03:03:42.661] [main/DEBUG] [mixin/]: Mixing accessors.entity.AccessorMob from bookshelf.common.mixins.json into net.minecraft.world.entity.Mob
[30Dec2025 03:03:42.661] [main/DEBUG] [mixin/]: Mixing MixinMobBurning from scaling_mobs.mixin.json into net.minecraft.world.entity.Mob
[30Dec2025 03:03:42.661] [main/DEBUG] [mixin/]: scaling_mobs.mixin.json:MixinMobBurning: Class version 61 required is higher than the class version supported by the current version of Mixin (JAVA_8 supports class version 52)
[30Dec2025 03:03:42.662] [main/DEBUG] [mixin/]: Mixing MobMixin from letmedespawn.mixins.json into net.minecraft.world.entity.Mob
[30Dec2025 03:03:42.663] [main/DEBUG] [mixin/]: Mixing EntityMixin from moonlight-common.mixins.json into net.minecraft.world.entity.Mob
[30Dec2025 03:03:42.722] [main/DEBUG] [net.minecraftforge.coremod.transformer.CoreModBaseTransformer/COREMOD]: Transforming net/minecraft/world/item/ItemStack
[30Dec2025 03:03:42.723] [main/DEBUG] [mixin/]: Mixing ItemStackMixin from insanelib.mixins.json into net.minecraft.world.item.ItemStack
[30Dec2025 03:03:42.723] [main/DEBUG] [mixin/]: insanelib.mixins.json:ItemStackMixin: Class version 61 required is higher than the class version supported by the current version of Mixin (JAVA_8 supports class version 52)
[30Dec2025 03:03:42.723] [main/DEBUG] [mixin/]: Mixing ItemStackMixin from placebo.mixins.json into net.minecraft.world.item.ItemStack
[30Dec2025 03:03:42.724] [main/DEBUG] [mixin/]: Renaming synthetic method lambda$getOrCreate$0(Ljava/util/function/Function;Ljava/util/function/ToIntFunction;Lnet/minecraft/resources/ResourceLocation;)Ldev/shadowsoffire/placebo/util/CachedObject; to md145b39$lambda$getOrCreate$0$0 in placebo.mixins.json:ItemStackMixin
[30Dec2025 03:03:42.724] [main/DEBUG] [mixin/]: Mixing ItemStackMixin from kubejs-common.mixins.json into net.minecraft.world.item.ItemStack
[30Dec2025 03:03:42.725] [main/DEBUG] [mixin/]: Mixing MixinItemStack from glitchcore.mixins.json into net.minecraft.world.item.ItemStack
[30Dec2025 03:03:42.732] [main/DEBUG] [net.minecraftforge.coremod.transformer.CoreModBaseTransformer/COREMOD]: Transforming getEnchantmentLevel with desc (Lnet/minecraft/world/item/enchantment/Enchantment;)I
[30Dec2025 03:03:42.732] [main/INFO] [net.minecraftforge.coremod.CoreMod.placebo/COREMODLOG]: Patching IForgeItemStack#getEnchantmentLevel
[30Dec2025 03:03:42.732] [main/DEBUG] [net.minecraftforge.coremod.transformer.CoreModBaseTransformer/COREMOD]: Transforming getAllEnchantments with desc ()Ljava/util/Map;
[30Dec2025 03:03:42.733] [main/INFO] [net.minecraftforge.coremod.CoreMod.placebo/COREMODLOG]: Patching IForgeItemStack#getEnchantmentLevel
[30Dec2025 03:03:43.000] [main/DEBUG] [mixin/]: Mixing SmithingMenuMixin from citadel.mixins.json into net.minecraft.world.inventory.SmithingMenu
[30Dec2025 03:03:43.001] [main/DEBUG] [mixin/]: Mixing MixinSmithingMenu from polymorph.mixins.json into net.minecraft.world.inventory.SmithingMenu
[30Dec2025 03:03:43.021] [main/DEBUG] [mixin/]: Mixing StructureBlockEntityMixin from structure_gel.mixins.json into net.minecraft.world.level.block.entity.StructureBlockEntity
[30Dec2025 03:03:43.023] [main/DEBUG] [mixin/]: Mixing TemplateMixins$StructureBlockEntityMixin from structure_gel.mixins.json into net.minecraft.world.level.block.entity.StructureBlockEntity
[30Dec2025 03:03:43.193] [main/DEBUG] [mixin/]: Mixing patches.entity.MixinLightningBolt from bookshelf.common.mixins.json into net.minecraft.world.entity.LightningBolt
[30Dec2025 03:03:43.195] [main/DEBUG] [mixin/]: Mixing MixinLightningBolt from architectury-common.mixins.json into net.minecraft.world.entity.LightningBolt
[30Dec2025 03:03:43.198] [main/DEBUG] [mixin/]: Mixing LightningEntityMixin from moonlight-common.mixins.json into net.minecraft.world.entity.LightningBolt
[30Dec2025 03:03:43.256] [main/DEBUG] [net.minecraftforge.coremod.transformer.CoreModBaseTransformer/COREMOD]: Transforming net/minecraft/world/entity/animal/frog/Tadpole
[30Dec2025 03:03:43.286] [main/DEBUG] [mixin/]: Mixing BlockItemMixin from moonlight-common.mixins.json into net.minecraft.world.item.BlockItem
[30Dec2025 03:03:43.287] [main/DEBUG] [mixin/]: Mixing accessor.BlockItemAccessor from puzzleslib.common.mixins.json into net.minecraft.world.item.BlockItem
[30Dec2025 03:03:43.295] [main/DEBUG] [mixin/]: Mixing boat.BoatItemMixin from securitycraft.mixins.json into net.minecraft.world.item.BoatItem
[30Dec2025 03:03:43.300] [main/DEBUG] [mixin/]: Mixing tools.ArmorItemMixin from kubejs-common.mixins.json into net.minecraft.world.item.ArmorItem
[30Dec2025 03:03:43.303] [main/DEBUG] [mixin/]: Mixing MixinFlintAndSteelItem from forge-mca.mixin.json into net.minecraft.world.item.FlintAndSteelItem
[30Dec2025 03:03:43.304] [main/DEBUG] [mixin/]: Renaming synthetic method lambda$mca$onUseOnBlock$0(Lnet/minecraft/server/level/ServerLevel;Lnet/minecraft/world/item/context/UseOnContext;)V to md145b39$lambda$mca$onUseOnBlock$0$0 in forge-mca.mixin.json:MixinFlintAndSteelItem
[30Dec2025 03:03:43.310] [main/DEBUG] [mixin/]: Mixing tools.SwordItemMixin from kubejs-common.mixins.json into net.minecraft.world.item.SwordItem
[30Dec2025 03:03:43.311] [main/DEBUG] [mixin/]: Mixing reinforced.SwordAndShearsItemMixin from securitycraft.mixins.json into net.minecraft.world.item.SwordItem
[30Dec2025 03:03:43.314] [main/DEBUG] [mixin/]: Mixing tools.DiggerItemMixin from kubejs-common.mixins.json into net.minecraft.world.item.DiggerItem
[30Dec2025 03:03:43.322] [main/DEBUG] [mixin/]: Mixing PaintingItemMixin from fastpaintings.mixins.json into net.minecraft.world.item.HangingEntityItem
[30Dec2025 03:03:43.338] [main/DEBUG] [net.minecraftforge.coremod.transformer.CoreModBaseTransformer/COREMOD]: Transforming net/minecraft/world/item/BucketItem
[30Dec2025 03:03:43.338] [main/DEBUG] [mixin/]: Mixing inject.MixinBucketItem from architectury-common.mixins.json into net.minecraft.world.item.BucketItem
[30Dec2025 03:03:43.342] [main/DEBUG] [mixin/]: Mixing MixinMilkBucketItem from forge-mca.mixin.json into net.minecraft.world.item.MilkBucketItem
[30Dec2025 03:03:43.368] [main/DEBUG] [mixin/]: Mixing BoneMealItemMixin from collective_forge.mixins.json into net.minecraft.world.item.BoneMealItem
[30Dec2025 03:03:43.375] [main/DEBUG] [mixin/]: Mixing MapItemMixin from moonlight-common.mixins.json into net.minecraft.world.item.MapItem
[30Dec2025 03:03:43.377] [main/DEBUG] [mixin/]: Renaming synthetic method lambda$update$1(Lnet/minecraft/world/level/saveddata/maps/MapItemSavedData;Lnet/minecraft/world/entity/Entity;Ljava/util/concurrent/atomic/AtomicBoolean;Lnet/minecraft/resources/ResourceLocation;Lnet/mehvahdjukaar/moonlight/api/map/CustomMapData;)V to md145b39$lambda$update$1$0 in moonlight-common.mixins.json:MapItemMixin
[30Dec2025 03:03:43.377] [main/DEBUG] [mixin/]: Renaming synthetic method lambda$appendHoverText$0(Lnet/minecraft/world/level/saveddata/maps/MapItemSavedData;Lnet/minecraft/world/item/ItemStack;Ljava/util/List;Lnet/minecraft/resources/ResourceLocation;Lnet/mehvahdjukaar/moonlight/api/map/CustomMapData;)V to md145b39$lambda$appendHoverText$0$1 in moonlight-common.mixins.json:MapItemMixin
[30Dec2025 03:03:43.383] [main/DEBUG] [mixin/]: Mixing MixinShearsItem from curios.mixins.json into net.minecraft.world.item.ShearsItem
[30Dec2025 03:03:43.384] [main/DEBUG] [mixin/]: Mixing ShearsItemMixin from mixins.cofhcore.json into net.minecraft.world.item.ShearsItem
[30Dec2025 03:03:43.384] [main/DEBUG] [mixin/]: Mixing ShearItemMixin from moonlight-common.mixins.json into net.minecraft.world.item.ShearsItem
[30Dec2025 03:03:43.385] [main/DEBUG] [mixin/]: Mixing reinforced.SwordAndShearsItemMixin from securitycraft.mixins.json into net.minecraft.world.item.ShearsItem
[30Dec2025 03:03:43.395] [main/DEBUG] [mixin/]: Mixing reinforced.WritableAndWrittenBookItemMixin from securitycraft.mixins.json into net.minecraft.world.item.WritableBookItem
[30Dec2025 03:03:43.400] [main/DEBUG] [mixin/]: Mixing reinforced.WritableAndWrittenBookItemMixin from securitycraft.mixins.json into net.minecraft.world.item.WrittenBookItem
[30Dec2025 03:03:43.412] [main/DEBUG] [mixin/]: Mixing HorseArmorItemMixin from mixins.cofhcore.json into net.minecraft.world.item.HorseArmorItem
[30Dec2025 03:03:43.428] [main/DEBUG] [mixin/]: Mixing ShieldItemMixin from mixins.cofhcore.json into net.minecraft.world.item.ShieldItem
[30Dec2025 03:03:43.432] [main/DEBUG] [mixin/]: Mixing tools.TridentItemMixin from kubejs-common.mixins.json into net.minecraft.world.item.TridentItem
[30Dec2025 03:03:43.443] [main/DEBUG] [mixin/]: Mixing suspiciousmines.BrushItemMixin from securitycraft.mixins.json into net.minecraft.world.item.BrushItem
[30Dec2025 03:03:43.443] [main/DEBUG] [mixin/]: Renaming synthetic method lambda$securitycraft$checkForSuspiciousMine$1(Lnet/minecraft/world/entity/player/Player;)V to md145b39$lambda$securitycraft$checkForSuspiciousMine$1$0 in securitycraft.mixins.json:suspiciousmines.BrushItemMixin
[30Dec2025 03:03:43.444] [main/DEBUG] [mixin/]: Renaming synthetic method lambda$securitycraft$makeSuspiciousMinesBrushablePartTwo$0(Lnet/minecraft/world/entity/Entity;)Z to md145b39$lambda$securitycraft$makeSuspiciousMinesBrushablePartTwo$0$1 in securitycraft.mixins.json:suspiciousmines.BrushItemMixin
[30Dec2025 03:03:43.463] [main/DEBUG] [mixin/]: Mixing inject.MixinItemProperties from architectury-common.mixins.json into net.minecraft.world.item.Item$Properties
[30Dec2025 03:03:43.535] [main/DEBUG] [mixin/]: Mixing HangingentityMixin from fastpaintings.mixins.json into net.minecraft.world.entity.decoration.HangingEntity
[30Dec2025 03:03:43.768] [main/DEBUG] [mixin/]: Mixing StringTagMixin from rhino-common.mixins.json into net.minecraft.nbt.StringTag
[30Dec2025 03:03:44.098] [main/DEBUG] [mixin/]: Mixing ExperienceOrbAccess from clumps.mixins.json into net.minecraft.world.entity.ExperienceOrb
[30Dec2025 03:03:44.098] [main/DEBUG] [mixin/]: Mixing MixinExperienceOrb from clumps.mixins.json into net.minecraft.world.entity.ExperienceOrb
[30Dec2025 03:03:44.099] [main/DEBUG] [mixin/]: Renaming synthetic method lambda$clumps$resolve$7(Ljava/util/Map$Entry;)Ljava/lang/Integer; to md145b39$lambda$clumps$resolve$7$0 in clumps.mixins.json:MixinExperienceOrb
[30Dec2025 03:03:44.099] [main/DEBUG] [mixin/]: Renaming synthetic method lambda$addAdditionalSaveData$6(Lnet/minecraft/nbt/CompoundTag;Ljava/lang/Integer;Ljava/lang/Integer;)V to md145b39$lambda$addAdditionalSaveData$6$1 in clumps.mixins.json:MixinExperienceOrb
[30Dec2025 03:03:44.099] [main/DEBUG] [mixin/]: Renaming synthetic method lambda$tryMergeToExisting$5(Ljava/util/Map;)Ljava/util/stream/Stream; to md145b39$lambda$tryMergeToExisting$5$2 in clumps.mixins.json:MixinExperienceOrb
[30Dec2025 03:03:44.100] [main/DEBUG] [mixin/]: Renaming synthetic method lambda$tryMergeToExisting$4(IILnet/minecraft/world/entity/ExperienceOrb;)Z to md145b39$lambda$tryMergeToExisting$4$3 in clumps.mixins.json:MixinExperienceOrb
[30Dec2025 03:03:44.100] [main/DEBUG] [mixin/]: Renaming synthetic method lambda$merge$3(Ljava/util/Map;)Ljava/util/stream/Stream; to md145b39$lambda$merge$3$4 in clumps.mixins.json:MixinExperienceOrb
[30Dec2025 03:03:44.100] [main/DEBUG] [mixin/]: Renaming synthetic method lambda$clumps$repairPlayerItems$2(ILnet/minecraft/world/entity/player/Player;Lnet/minecraft/world/item/ItemStack;)Ljava/lang/Integer; to md145b39$lambda$clumps$repairPlayerItems$2$5 in clumps.mixins.json:MixinExperienceOrb
[30Dec2025 03:03:44.100] [main/DEBUG] [mixin/]: Renaming synthetic method lambda$clumps$repairPlayerItems$1(Lnet/minecraft/world/item/ItemStack;Ljava/lang/Integer;)Ljava/lang/Float; to md145b39$lambda$clumps$repairPlayerItems$1$6 in clumps.mixins.json:MixinExperienceOrb
[30Dec2025 03:03:44.100] [main/DEBUG] [mixin/]: Renaming synthetic method lambda$playerTouch$0(Lnet/minecraft/world/entity/player/Player;Ljava/util/concurrent/atomic/AtomicInteger;Ljava/lang/Integer;Ljava/lang/Integer;)V to md145b39$lambda$playerTouch$0$7 in clumps.mixins.json:MixinExperienceOrb
[30Dec2025 03:03:44.121] [main/DEBUG] [mixin/]: Mixing BeeMixin from immersive_weathering-common.mixins.json into net.minecraft.world.entity.animal.Bee
[30Dec2025 03:03:44.131] [main/DEBUG] [mixin/]: Mixing BeeGoalMixin from moonlight-common.mixins.json into net.minecraft.world.entity.animal.Bee$BeeGrowCropGoal
[30Dec2025 03:03:44.146] [main/DEBUG] [mixin/]: Mixing boat.BoatMixin from securitycraft.mixins.json into net.minecraft.world.entity.vehicle.Boat
[30Dec2025 03:03:44.152] [main/DEBUG] [mixin/]: Mixing MixinHorseBaseEntity from forge-mca.mixin.json into net.minecraft.world.entity.animal.horse.AbstractHorse
[30Dec2025 03:03:44.182] [main/DEBUG] [mixin/]: Mixing MixinCatSitOnBlockGoal from lootr.mixins.json into net.minecraft.world.entity.ai.goal.CatSitOnBlockGoal
[30Dec2025 03:03:44.194] [main/DEBUG] [net.minecraftforge.coremod.transformer.CoreModBaseTransformer/COREMOD]: Transforming net/minecraft/world/entity/monster/Spider
[30Dec2025 03:03:44.243] [main/DEBUG] [net.minecraftforge.coremod.transformer.CoreModBaseTransformer/COREMOD]: Transforming net/minecraft/world/entity/monster/Zombie
[30Dec2025 03:03:44.279] [main/DEBUG] [mixin/]: Mixing MixinZombieEntity from forge-mca.mixin.json into net.minecraft.world.entity.monster.Zombie
[30Dec2025 03:03:44.286] [main/DEBUG] [net.minecraftforge.coremod.transformer.CoreModBaseTransformer/COREMOD]: Transforming net/minecraft/world/entity/monster/ZombieVillager
[30Dec2025 03:03:44.307] [main/DEBUG] [mixin/]: Mixing MixinZombieVillagerEntity from forge-mca.mixin.json into net.minecraft.world.entity.monster.ZombieVillager
[30Dec2025 03:03:44.348] [main/DEBUG] [net.minecraftforge.coremod.transformer.CoreModBaseTransformer/COREMOD]: Transforming net/minecraft/world/entity/monster/Evoker$EvokerSummonSpellGoal
[30Dec2025 03:03:44.361] [main/DEBUG] [mixin/]: Mixing FixBlockPlaceContextMixin from moonlight-common.mixins.json into net.minecraft.world.item.context.BlockPlaceContext
[30Dec2025 03:03:44.365] [main/DEBUG] [mixin/]: Mixing FireworkRocketEntityMixin from kubejs-common.mixins.json into net.minecraft.world.entity.projectile.FireworkRocketEntity
[30Dec2025 03:03:44.387] [main/DEBUG] [mixin/]: Mixing ItemFrameEntityMixin from kubejs-common.mixins.json into net.minecraft.world.entity.decoration.ItemFrame
[30Dec2025 03:03:44.397] [main/DEBUG] [mixin/]: Mixing MixinGoatEntity from forge-mca.mixin.json into net.minecraft.world.entity.animal.goat.Goat
[30Dec2025 03:03:44.397] [main/DEBUG] [mixin/]: Renaming synthetic method lambda$getMilkingSound$1(Lnet/minecraft/server/level/ServerPlayer;)V to md145b39$lambda$getMilkingSound$1$0 in forge-mca.mixin.json:MixinGoatEntity
[30Dec2025 03:03:44.397] [main/DEBUG] [mixin/]: Renaming synthetic method lambda$getMilkingSound$0(Lnet/minecraft/server/level/ServerPlayer;)Z to md145b39$lambda$getMilkingSound$0$1 in forge-mca.mixin.json:MixinGoatEntity
[30Dec2025 03:03:44.399] [main/DEBUG] [net.minecraftforge.coremod.transformer.CoreModBaseTransformer/COREMOD]: Transforming net/minecraft/world/level/NaturalSpawner
[30Dec2025 03:03:44.534] [main/DEBUG] [mixin/]: Mixing ThrownPotionMixin from moonlight-common.mixins.json into net.minecraft.world.entity.projectile.ThrownPotion
[30Dec2025 03:03:44.542] [main/DEBUG] [mixin/]: Mixing RabbitMixin from immersive_weathering-common.mixins.json into net.minecraft.world.entity.animal.Rabbit
[30Dec2025 03:03:44.546] [main/DEBUG] [mixin/]: Mixing RabbitEatGoalMixin from immersive_weathering-common.mixins.json into net.minecraft.world.entity.animal.Rabbit$RaidGardenGoal
[30Dec2025 03:03:44.549] [main/DEBUG] [mixin/]: Mixing accessor.RavagerAccessor from mutantmonsters.common.mixins.json into net.minecraft.world.entity.monster.Ravager
[30Dec2025 03:03:44.556] [main/DEBUG] [mixin/]: Mixing EatBlockGoalMixin from immersive_weathering-common.mixins.json into net.minecraft.world.entity.ai.goal.EatBlockGoal
[30Dec2025 03:03:44.559] [main/DEBUG] [mixin/]: Mixing CraftingContainerMixin from kubejs-common.mixins.json into net.minecraft.world.inventory.CraftingContainer
[30Dec2025 03:03:44.571] [main/DEBUG] [net.minecraftforge.coremod.transformer.CoreModBaseTransformer/COREMOD]: Transforming net/minecraft/world/entity/animal/horse/SkeletonTrapGoal
[30Dec2025 03:03:44.583] [main/DEBUG] [mixin/]: Mixing SnowballMixin from immersive_weathering-common.mixins.json into net.minecraft.world.entity.projectile.Snowball
[30Dec2025 03:03:44.598] [main/DEBUG] [net.minecraftforge.coremod.transformer.CoreModBaseTransformer/COREMOD]: Transforming net/minecraft/world/entity/monster/Strider
[30Dec2025 03:03:44.659] [main/DEBUG] [mixin/]: Mixing FriendlyByteBufMixin from packetfixer-common.mixins.json into net.minecraft.network.FriendlyByteBuf
[30Dec2025 03:03:44.718] [main/DEBUG] [mixin/]: Mixing chunk.MixinChunkAccess from corgilib-common.mixins.json into net.minecraft.world.level.chunk.ChunkAccess
[30Dec2025 03:03:44.719] [main/DEBUG] [mixin/]: Mixing ChunkAccessMixin$Access from structure_gel.mixins.json into net.minecraft.world.level.chunk.ChunkAccess
[30Dec2025 03:03:44.725] [main/DEBUG] [mixin/]: Mixing LevelChunkMixin from moonlight-common.mixins.json into net.minecraft.world.level.chunk.LevelChunk
[30Dec2025 03:03:44.726] [main/DEBUG] [mixin/]: Mixing chunk.MixinLevelChunk from corgilib-common.mixins.json into net.minecraft.world.level.chunk.LevelChunk
[30Dec2025 03:03:44.727] [main/DEBUG] [mixin/]: Mixing MixinLevelChunk from lootr.mixins.json into net.minecraft.world.level.chunk.LevelChunk
[30Dec2025 03:03:44.763] [main/DEBUG] [net.minecraftforge.coremod.transformer.CoreModBaseTransformer/COREMOD]: Transforming net/minecraft/world/entity/npc/Villager
[30Dec2025 03:03:44.821] [main/DEBUG] [mixin/]: Mixing MixinVillagerEntity from forge-mca.mixin.json into net.minecraft.world.entity.npc.Villager
[30Dec2025 03:03:44.822] [main/DEBUG] [mixin/]: Mixing MixinVillagerEntityInvoker from forge-mca.mixin.json into net.minecraft.world.entity.npc.Villager
[30Dec2025 03:03:44.822] [main/DEBUG] [mixin/]: Mixing VillagerMixin from moonlight-common.mixins.json into net.minecraft.world.entity.npc.Villager
[30Dec2025 03:03:44.835] [main/DEBUG] [mixin/]: Mixing MerchantMenuMixin from itemblacklist.mixins.json into net.minecraft.world.inventory.MerchantMenu
[30Dec2025 03:03:44.837] [main/DEBUG] [mixin/]: Renaming synthetic method lambda$getOffers$1(Lnet/minecraft/world/item/trading/MerchantOffers;Lnet/minecraft/world/item/trading/MerchantOffer;)V to md145b39$lambda$getOffers$1$0 in itemblacklist.mixins.json:MerchantMenuMixin
[30Dec2025 03:03:44.837] [main/DEBUG] [mixin/]: Renaming synthetic method lambda$getOffers$0(Lnet/minecraft/nbt/CompoundTag;)V to md145b39$lambda$getOffers$0$1 in itemblacklist.mixins.json:MerchantMenuMixin
[30Dec2025 03:03:44.888] [main/DEBUG] [mixin/]: Mixing IngredientMixin from kubejs-common.mixins.json into net.minecraft.world.item.crafting.Ingredient
[30Dec2025 03:03:44.895] [main/DEBUG] [mixin/]: Mixing inject.MixinFoodPropertiesBuilder from architectury-common.mixins.json into net.minecraft.world.food.FoodProperties$Builder
[30Dec2025 03:03:44.898] [main/DEBUG] [net.minecraftforge.coremod.transformer.CoreModBaseTransformer/COREMOD]: Transforming net/minecraft/world/effect/MobEffectInstance
[30Dec2025 03:03:44.898] [main/DEBUG] [mixin/]: Mixing accessors.effect.AccessorMobEffectInstance from bookshelf.common.mixins.json into net.minecraft.world.effect.MobEffectInstance
[30Dec2025 03:03:44.932] [main/DEBUG] [mixin/]: Mixing MixinServerPlayNetworkHandler from forge-mca.mixin.json into net.minecraft.server.network.ServerGamePacketListenerImpl
[30Dec2025 03:03:44.933] [main/DEBUG] [mixin/]: Renaming synthetic method lambda$mca$runAsyncAnswerRequest$2(Lnet/minecraft/server/level/ServerPlayer;Lforge/net/mca/entity/VillagerEntityMCA;Ljava/lang/String;)V to md145b39$lambda$mca$runAsyncAnswerRequest$2$0 in forge-mca.mixin.json:MixinServerPlayNetworkHandler
[30Dec2025 03:03:44.933] [main/DEBUG] [mixin/]: Renaming synthetic method lambda$mca$runAsyncAnswerRequest$1(Lforge/net/mca/entity/VillagerEntityMCA;Lnet/minecraft/server/level/ServerPlayer;Ljava/lang/String;)V to md145b39$lambda$mca$runAsyncAnswerRequest$1$1 in forge-mca.mixin.json:MixinServerPlayNetworkHandler
[30Dec2025 03:03:44.933] [main/DEBUG] [mixin/]: Renaming synthetic method lambda$sendMessage$0(Ljava/lang/String;Lforge/net/mca/entity/VillagerEntityMCA;)V to md145b39$lambda$sendMessage$0$2 in forge-mca.mixin.json:MixinServerPlayNetworkHandler
[30Dec2025 03:03:44.942] [main/DEBUG] [mixin/]: Mixing common.ServerGamePacketListenerImplMixin from tacz.mixins.json into net.minecraft.server.network.ServerGamePacketListenerImpl
[30Dec2025 03:03:44.942] [main/DEBUG] [mixin/]: Mixing common.ServerPlayNetHandlerMixin from tacz.mixins.json into net.minecraft.server.network.ServerGamePacketListenerImpl
[30Dec2025 03:03:44.944] [main/DEBUG] [mixin/]: Mixing passcode.ServerGamePacketListenerImplMixin from securitycraft.mixins.json into net.minecraft.server.network.ServerGamePacketListenerImpl
[30Dec2025 03:03:44.967] [main/DEBUG] [mixin/]: Mixing accessor.PotionBrewingForgeAccessor from puzzleslib.forge.mixins.json into net.minecraft.world.item.alchemy.PotionBrewing
[30Dec2025 03:03:44.967] [main/DEBUG] [mixin/]: Renaming @Accessor method puzzleslib$getPotionMixes()Ljava/util/List; to puzzleslib$getPotionMixes_$md$145b39$0 in puzzleslib.forge.mixins.json:accessor.PotionBrewingForgeAccessor
[30Dec2025 03:03:44.968] [main/DEBUG] [mixin/]: Renaming @Accessor method puzzleslib$getContainerMixes()Ljava/util/List; to puzzleslib$getContainerMixes_$md$145b39$1 in puzzleslib.forge.mixins.json:accessor.PotionBrewingForgeAccessor
[30Dec2025 03:03:44.968] [main/DEBUG] [mixin/]: Renaming @Accessor method puzzleslib$getAllowedContainers()Ljava/util/List; to puzzleslib$getAllowedContainers_$md$145b39$2 in puzzleslib.forge.mixins.json:accessor.PotionBrewingForgeAccessor
[30Dec2025 03:03:44.981] [main/DEBUG] [mixin/]: Mixing NumericTagMixin from rhino-common.mixins.json into net.minecraft.nbt.NumericTag
[30Dec2025 03:03:45.044] [main/DEBUG] [mixin/]: Mixing IItemHandlerMixin from kubejs-forge.mixins.json into net.minecraftforge.items.IItemHandler
[30Dec2025 03:03:45.057] [main/DEBUG] [mixin/]: Mixing potion.BrewingStandMenuMixin from securitycraft.mixins.json into net.minecraft.world.inventory.BrewingStandMenu
[30Dec2025 03:03:45.087] [main/DEBUG] [mixin/]: Mixing StructureTemplateManagerMixin from structure_gel.mixins.json into net.minecraft.world.level.levelgen.structure.templatesystem.StructureTemplateManager
[30Dec2025 03:03:45.093] [main/DEBUG] [mixin/]: Mixing ChunkGeneratorMixin from citadel.mixins.json into net.minecraft.world.level.chunk.ChunkGenerator
[30Dec2025 03:03:45.094] [main/DEBUG] [mixin/]: Mixing ChunkGeneratorMixin from structure_gel.mixins.json into net.minecraft.world.level.chunk.ChunkGenerator
[30Dec2025 03:03:45.094] [main/DEBUG] [mixin/]: Renaming synthetic method lambda$stopIfNotInDimension$0(Lnet/minecraft/resources/ResourceKey;Ljava/util/Optional;)Z to md145b39$lambda$stopIfNotInDimension$0$0 in structure_gel.mixins.json:ChunkGeneratorMixin
[30Dec2025 03:03:45.114] [main/DEBUG] [mixin/]: Mixing accessors.RandomBlockMatchTestAccessor from immersive_weathering-common.mixins.json into net.minecraft.world.level.levelgen.structure.templatesystem.RandomBlockMatchTest
[30Dec2025 03:03:45.130] [main/DEBUG] [mixin/]: Mixing MixinInventory from curios.mixins.json into net.minecraft.world.entity.player.Inventory
[30Dec2025 03:03:45.131] [main/DEBUG] [mixin/]: Mixing MixinPlayerInventory from forge-mca.mixin.json into net.minecraft.world.entity.player.Inventory
[30Dec2025 03:03:45.131] [main/DEBUG] [mixin/]: Mixing InventoryMixin from moonlight-common.mixins.json into net.minecraft.world.entity.player.Inventory
[30Dec2025 03:03:45.144] [main/DEBUG] [mixin/]: Mixing SlotMixin from pointblank.mixins.json into net.minecraft.world.inventory.Slot
[30Dec2025 03:03:45.151] [main/DEBUG] [mixin/]: Mixing accessors.inventory.AccessorTransientCraftingContainer from bookshelf.common.mixins.json into net.minecraft.world.inventory.TransientCraftingContainer
[30Dec2025 03:03:45.153] [main/DEBUG] [mixin/]: Mixing RecipeMixin from kubejs-common.mixins.json into net.minecraft.world.item.crafting.Recipe
[30Dec2025 03:03:45.156] [main/DEBUG] [mixin/]: Mixing GrindstoneMenuSlotMixin from moonlight-common.mixins.json into net.minecraft.world.inventory.GrindstoneMenu$4
[30Dec2025 03:03:45.171] [main/DEBUG] [mixin/]: Mixing MapExtendingRecipeMixin from moonlight-common.mixins.json into net.minecraft.world.item.crafting.MapExtendingRecipe
[30Dec2025 03:03:45.174] [main/DEBUG] [mixin/]: Mixing accessors.item.crafting.AccessorShapedRecipe from bookshelf.common.mixins.json into net.minecraft.world.item.crafting.ShapedRecipe
[30Dec2025 03:03:45.174] [main/DEBUG] [mixin/]: Renaming @Invoker method bookshelf$keyFromJson(Lcom/google/gson/JsonObject;)Ljava/util/Map; to bookshelf$keyFromJson_$md$145b39$0 in bookshelf.common.mixins.json:accessors.item.crafting.AccessorShapedRecipe
[30Dec2025 03:03:45.174] [main/DEBUG] [mixin/]: Renaming @Invoker method bookshelf$shrink([Ljava/lang/String;)[Ljava/lang/String; to bookshelf$shrink_$md$145b39$1 in bookshelf.common.mixins.json:accessors.item.crafting.AccessorShapedRecipe
[30Dec2025 03:03:45.174] [main/DEBUG] [mixin/]: Renaming @Invoker method bookshelf$patternFromJson(Lcom/google/gson/JsonArray;)[Ljava/lang/String; to bookshelf$patternFromJson_$md$145b39$2 in bookshelf.common.mixins.json:accessors.item.crafting.AccessorShapedRecipe
[30Dec2025 03:03:45.174] [main/DEBUG] [mixin/]: Renaming @Invoker method bookshelf$dissolvePattern([Ljava/lang/String;Ljava/util/Map;II)Lnet/minecraft/core/NonNullList; to bookshelf$dissolvePattern_$md$145b39$3 in bookshelf.common.mixins.json:accessors.item.crafting.AccessorShapedRecipe
[30Dec2025 03:03:45.277] [main/DEBUG] [mixin/]: Mixing MixinApplyBonusCount from curios.mixins.json into net.minecraft.world.level.storage.loot.functions.ApplyBonusCount
[30Dec2025 03:03:45.323] [main/DEBUG] [mixin/]: Mixing accessors.util.random.AccessorWeightedRandomList from bookshelf.common.mixins.json into net.minecraft.util.random.WeightedRandomList
[30Dec2025 03:03:45.402] [main/DEBUG] [mixin/]: Mixing LakeFeatureMixin from structure_gel.mixins.json into net.minecraft.world.level.levelgen.feature.LakeFeature
[30Dec2025 03:03:45.532] [main/DEBUG] [net.minecraftforge.coremod.transformer.CoreModBaseTransformer/COREMOD]: Transforming net/minecraft/world/level/levelgen/structure/Structure
[30Dec2025 03:03:45.532] [main/DEBUG] [mixin/]: Mixing StructureMixin from structure_gel.mixins.json into net.minecraft.world.level.levelgen.structure.Structure
[30Dec2025 03:03:45.580] [main/DEBUG] [net.minecraftforge.coremod.transformer.CoreModBaseTransformer/COREMOD]: Transforming net/minecraft/world/level/levelgen/structure/structures/OceanRuinPieces$OceanRuinPiece
[30Dec2025 03:03:45.589] [main/DEBUG] [mixin/]: Mixing TemplateStructurePieceMixin from structure_gel.mixins.json into net.minecraft.world.level.levelgen.structure.TemplateStructurePiece
[30Dec2025 03:03:45.598] [main/DEBUG] [net.minecraftforge.coremod.transformer.CoreModBaseTransformer/COREMOD]: Transforming net/minecraft/world/level/levelgen/structure/structures/SwampHutPiece
[30Dec2025 03:03:45.609] [main/DEBUG] [net.minecraftforge.coremod.transformer.CoreModBaseTransformer/COREMOD]: Transforming net/minecraft/world/level/levelgen/structure/structures/OceanMonumentPieces$OceanMonumentPiece
[30Dec2025 03:03:45.627] [main/DEBUG] [mixin/]: Mixing MixinEndCityPieces$EndCityPiece from lootr.mixins.json into net.minecraft.world.level.levelgen.structure.structures.EndCityPieces$EndCityPiece
[30Dec2025 03:03:45.632] [main/DEBUG] [net.minecraftforge.coremod.transformer.CoreModBaseTransformer/COREMOD]: Transforming net/minecraft/world/level/levelgen/structure/structures/WoodlandMansionPieces$WoodlandMansionPiece
[30Dec2025 03:03:45.643] [main/DEBUG] [mixin/]: Mixing PoolElementStructurePieceMixin from structure_gel.mixins.json into net.minecraft.world.level.levelgen.structure.PoolElementStructurePiece
[30Dec2025 03:03:45.661] [main/DEBUG] [mixin/]: Mixing accessors.world.AccessorStructureTemplatePool from bookshelf.common.mixins.json into net.minecraft.world.level.levelgen.structure.pools.StructureTemplatePool
[30Dec2025 03:03:45.661] [main/DEBUG] [mixin/]: Mixing StructureTemplatePoolMixin from pointblank.mixins.json into net.minecraft.world.level.levelgen.structure.pools.StructureTemplatePool
[30Dec2025 03:03:45.743] [main/DEBUG] [net.minecraftforge.coremod.transformer.CoreModBaseTransformer/COREMOD]: Transforming net/minecraft/world/level/biome/Biome
[30Dec2025 03:03:45.743] [main/DEBUG] [mixin/]: Mixing accessors.BiomeAccessor from immersive_weathering-common.mixins.json into net.minecraft.world.level.biome.Biome
[30Dec2025 03:03:45.767] [main/DEBUG] [mixin/]: Mixing accessor.MobSpawnSettingsBuilderForgeAccessor from puzzleslib.forge.mixins.json into net.minecraft.world.level.biome.MobSpawnSettings$Builder
[30Dec2025 03:03:45.789] [main/DEBUG] [mixin/]: Mixing DelegatingOpsMixin from corgilib-common.mixins.json into net.minecraft.resources.DelegatingOps
[30Dec2025 03:03:45.798] [main/DEBUG] [mixin/]: Mixing NoiseBasedChunkGeneratorMixin from citadel.mixins.json into net.minecraft.world.level.levelgen.NoiseBasedChunkGenerator
[30Dec2025 03:03:45.798] [main/DEBUG] [mixin/]: Mixing NoiseChunkGeneratorMixin from noisium-common.mixins.json into net.minecraft.world.level.levelgen.NoiseBasedChunkGenerator
[30Dec2025 03:03:45.810] [main/DEBUG] [mixin/]: Mixing GenerationShapeConfigMixin from noisium-common.mixins.json into net.minecraft.world.level.levelgen.NoiseSettings
[30Dec2025 03:03:45.888] [main/DEBUG] [mixin/]: Mixing SinglePoolElementMixin from structure_gel.mixins.json into net.minecraft.world.level.levelgen.structure.pools.SinglePoolElement
[30Dec2025 03:03:46.007] [main/DEBUG] [io.netty.util.internal.PlatformDependent0/]: -Dio.netty.noUnsafe: false
[30Dec2025 03:03:46.007] [main/DEBUG] [io.netty.util.internal.PlatformDependent0/]: Java version: 17
[30Dec2025 03:03:46.007] [main/DEBUG] [io.netty.util.internal.PlatformDependent0/]: sun.misc.Unsafe.theUnsafe: available
[30Dec2025 03:03:46.008] [main/DEBUG] [io.netty.util.internal.PlatformDependent0/]: sun.misc.Unsafe.copyMemory: available
[30Dec2025 03:03:46.008] [main/DEBUG] [io.netty.util.internal.PlatformDependent0/]: sun.misc.Unsafe.storeFence: available
[30Dec2025 03:03:46.008] [main/DEBUG] [io.netty.util.internal.PlatformDependent0/]: java.nio.Buffer.address: available
[30Dec2025 03:03:46.008] [main/DEBUG] [io.netty.util.internal.PlatformDependent0/]: direct buffer constructor: unavailable
java.lang.UnsupportedOperationException: Reflective setAccessible(true) disabled
	at io.netty.util.internal.ReflectionUtil.trySetAccessible(ReflectionUtil.java:31) ~[netty-common-4.1.82.Final.jar%2382!/:4.1.82.Final]
	at io.netty.util.internal.PlatformDependent0$5.run(PlatformDependent0.java:288) ~[netty-common-4.1.82.Final.jar%2382!/:4.1.82.Final]
	at java.security.AccessController.doPrivileged(AccessController.java:318) ~[?:?]
	at io.netty.util.internal.PlatformDependent0.<clinit>(PlatformDependent0.java:282) ~[netty-common-4.1.82.Final.jar%2382!/:4.1.82.Final]
	at io.netty.util.internal.PlatformDependent.isAndroid(PlatformDependent.java:333) ~[netty-common-4.1.82.Final.jar%2382!/:4.1.82.Final]
	at io.netty.util.internal.PlatformDependent.<clinit>(PlatformDependent.java:88) ~[netty-common-4.1.82.Final.jar%2382!/:4.1.82.Final]
	at io.netty.util.ConstantPool.<init>(ConstantPool.java:34) ~[netty-common-4.1.82.Final.jar%2382!/:4.1.82.Final]
	at io.netty.util.AttributeKey$1.<init>(AttributeKey.java:27) ~[netty-common-4.1.82.Final.jar%2382!/:4.1.82.Final]
	at io.netty.util.AttributeKey.<clinit>(AttributeKey.java:27) ~[netty-common-4.1.82.Final.jar%2382!/:4.1.82.Final]
	at net.minecraftforge.network.NetworkConstants.<clinit>(NetworkConstants.java:34) ~[forge-1.20.1-47.4.13-universal.jar%23302!/:?]
	at net.minecraftforge.network.NetworkHooks.init(NetworkHooks.java:52) ~[forge-1.20.1-47.4.13-universal.jar%23302!/:?]
	at net.minecraft.server.Bootstrap.m_135870_(Bootstrap.java:62) ~[server-1.20.1-20230612.114412-srg.jar%23297!/:?]
	at net.minecraft.server.Main.main(Main.java:121) ~[server-1.20.1-20230612.114412-srg.jar%23297!/:?]
	at jdk.internal.reflect.NativeMethodAccessorImpl.invoke0(Native Method) ~[?:?]
	at jdk.internal.reflect.NativeMethodAccessorImpl.invoke(NativeMethodAccessorImpl.java:77) ~[?:?]
	at jdk.internal.reflect.DelegatingMethodAccessorImpl.invoke(DelegatingMethodAccessorImpl.java:43) ~[?:?]
	at java.lang.reflect.Method.invoke(Method.java:569) ~[?:?]
	at net.minecraftforge.fml.loading.targets.CommonLaunchHandler.runTarget(CommonLaunchHandler.java:111) ~[fmlloader-1.20.1-47.4.13.jar%2369!/:?]
	at net.minecraftforge.fml.loading.targets.CommonLaunchHandler.serverService(CommonLaunchHandler.java:103) ~[fmlloader-1.20.1-47.4.13.jar%2369!/:?]
	at net.minecraftforge.fml.loading.targets.CommonServerLaunchHandler.lambda$makeService$0(CommonServerLaunchHandler.java:27) ~[fmlloader-1.20.1-47.4.13.jar%2369!/:?]
	at cpw.mods.modlauncher.LaunchServiceHandlerDecorator.launch(LaunchServiceHandlerDecorator.java:30) ~[modlauncher-10.0.9.jar%2355!/:?]
	at cpw.mods.modlauncher.LaunchServiceHandler.launch(LaunchServiceHandler.java:53) ~[modlauncher-10.0.9.jar%2355!/:?]
	at cpw.mods.modlauncher.LaunchServiceHandler.launch(LaunchServiceHandler.java:71) ~[modlauncher-10.0.9.jar%2355!/:?]
	at cpw.mods.modlauncher.Launcher.run(Launcher.java:108) ~[modlauncher-10.0.9.jar%2355!/:?]
	at cpw.mods.modlauncher.Launcher.main(Launcher.java:78) ~[modlauncher-10.0.9.jar%2355!/:?]
	at cpw.mods.modlauncher.BootstrapLaunchConsumer.accept(BootstrapLaunchConsumer.java:26) ~[modlauncher-10.0.9.jar%2355!/:?]
	at cpw.mods.modlauncher.BootstrapLaunchConsumer.accept(BootstrapLaunchConsumer.java:23) ~[modlauncher-10.0.9.jar%2355!/:?]
	at cpw.mods.bootstraplauncher.BootstrapLauncher.main(BootstrapLauncher.java:141) ~[bootstraplauncher-1.1.2.jar:?]
[30Dec2025 03:03:46.010] [main/DEBUG] [io.netty.util.internal.PlatformDependent0/]: java.nio.Bits.unaligned: available, true
[30Dec2025 03:03:46.010] [main/DEBUG] [io.netty.util.internal.PlatformDependent0/]: jdk.internal.misc.Unsafe.allocateUninitializedArray(int): unavailable
java.lang.IllegalAccessException: class io.netty.util.internal.PlatformDependent0$7 (in module io.netty.common) cannot access class jdk.internal.misc.Unsafe (in module java.base) because module java.base does not export jdk.internal.misc to module io.netty.common
	at jdk.internal.reflect.Reflection.newIllegalAccessException(Reflection.java:392) ~[?:?]
	at java.lang.reflect.AccessibleObject.checkAccess(AccessibleObject.java:674) ~[?:?]
	at java.lang.reflect.Method.invoke(Method.java:561) ~[?:?]
	at io.netty.util.internal.PlatformDependent0$7.run(PlatformDependent0.java:410) ~[netty-common-4.1.82.Final.jar%2382!/:4.1.82.Final]
	at java.security.AccessController.doPrivileged(AccessController.java:318) ~[?:?]
	at io.netty.util.internal.PlatformDependent0.<clinit>(PlatformDependent0.java:401) ~[netty-common-4.1.82.Final.jar%2382!/:4.1.82.Final]
	at io.netty.util.internal.PlatformDependent.isAndroid(PlatformDependent.java:333) ~[netty-common-4.1.82.Final.jar%2382!/:4.1.82.Final]
	at io.netty.util.internal.PlatformDependent.<clinit>(PlatformDependent.java:88) ~[netty-common-4.1.82.Final.jar%2382!/:4.1.82.Final]
	at io.netty.util.ConstantPool.<init>(ConstantPool.java:34) ~[netty-common-4.1.82.Final.jar%2382!/:4.1.82.Final]
	at io.netty.util.AttributeKey$1.<init>(AttributeKey.java:27) ~[netty-common-4.1.82.Final.jar%2382!/:4.1.82.Final]
	at io.netty.util.AttributeKey.<clinit>(AttributeKey.java:27) ~[netty-common-4.1.82.Final.jar%2382!/:4.1.82.Final]
	at net.minecraftforge.network.NetworkConstants.<clinit>(NetworkConstants.java:34) ~[forge-1.20.1-47.4.13-universal.jar%23302!/:?]
	at net.minecraftforge.network.NetworkHooks.init(NetworkHooks.java:52) ~[forge-1.20.1-47.4.13-universal.jar%23302!/:?]
	at net.minecraft.server.Bootstrap.m_135870_(Bootstrap.java:62) ~[server-1.20.1-20230612.114412-srg.jar%23297!/:?]
	at net.minecraft.server.Main.main(Main.java:121) ~[server-1.20.1-20230612.114412-srg.jar%23297!/:?]
	at jdk.internal.reflect.NativeMethodAccessorImpl.invoke0(Native Method) ~[?:?]
	at jdk.internal.reflect.NativeMethodAccessorImpl.invoke(NativeMethodAccessorImpl.java:77) ~[?:?]
	at jdk.internal.reflect.DelegatingMethodAccessorImpl.invoke(DelegatingMethodAccessorImpl.java:43) ~[?:?]
	at java.lang.reflect.Method.invoke(Method.java:569) ~[?:?]
	at net.minecraftforge.fml.loading.targets.CommonLaunchHandler.runTarget(CommonLaunchHandler.java:111) ~[fmlloader-1.20.1-47.4.13.jar%2369!/:?]
	at net.minecraftforge.fml.loading.targets.CommonLaunchHandler.serverService(CommonLaunchHandler.java:103) ~[fmlloader-1.20.1-47.4.13.jar%2369!/:?]
	at net.minecraftforge.fml.loading.targets.CommonServerLaunchHandler.lambda$makeService$0(CommonServerLaunchHandler.java:27) ~[fmlloader-1.20.1-47.4.13.jar%2369!/:?]
	at cpw.mods.modlauncher.LaunchServiceHandlerDecorator.launch(LaunchServiceHandlerDecorator.java:30) ~[modlauncher-10.0.9.jar%2355!/:?]
	at cpw.mods.modlauncher.LaunchServiceHandler.launch(LaunchServiceHandler.java:53) ~[modlauncher-10.0.9.jar%2355!/:?]
	at cpw.mods.modlauncher.LaunchServiceHandler.launch(LaunchServiceHandler.java:71) ~[modlauncher-10.0.9.jar%2355!/:?]
	at cpw.mods.modlauncher.Launcher.run(Launcher.java:108) ~[modlauncher-10.0.9.jar%2355!/:?]
	at cpw.mods.modlauncher.Launcher.main(Launcher.java:78) ~[modlauncher-10.0.9.jar%2355!/:?]
	at cpw.mods.modlauncher.BootstrapLaunchConsumer.accept(BootstrapLaunchConsumer.java:26) ~[modlauncher-10.0.9.jar%2355!/:?]
	at cpw.mods.modlauncher.BootstrapLaunchConsumer.accept(BootstrapLaunchConsumer.java:23) ~[modlauncher-10.0.9.jar%2355!/:?]
	at cpw.mods.bootstraplauncher.BootstrapLauncher.main(BootstrapLauncher.java:141) ~[bootstraplauncher-1.1.2.jar:?]
[30Dec2025 03:03:46.011] [main/DEBUG] [io.netty.util.internal.PlatformDependent0/]: java.nio.DirectByteBuffer.<init>(long, int): unavailable
[30Dec2025 03:03:46.011] [main/DEBUG] [io.netty.util.internal.PlatformDependent/]: sun.misc.Unsafe: available
[30Dec2025 03:03:46.012] [main/DEBUG] [io.netty.util.internal.PlatformDependent/]: maxDirectMemory: 12884901888 bytes (maybe)
[30Dec2025 03:03:46.012] [main/DEBUG] [io.netty.util.internal.PlatformDependent/]: -Dio.netty.tmpdir: /tmp (java.io.tmpdir)
[30Dec2025 03:03:46.012] [main/DEBUG] [io.netty.util.internal.PlatformDependent/]: -Dio.netty.bitMode: 64 (sun.arch.data.model)
[30Dec2025 03:03:46.013] [main/DEBUG] [io.netty.util.internal.PlatformDependent/]: -Dio.netty.maxDirectMemory: -1 bytes
[30Dec2025 03:03:46.013] [main/DEBUG] [io.netty.util.internal.PlatformDependent/]: -Dio.netty.uninitializedArrayAllocationThreshold: -1
[30Dec2025 03:03:46.013] [main/DEBUG] [io.netty.util.internal.CleanerJava9/]: java.nio.ByteBuffer.cleaner(): available
[30Dec2025 03:03:46.013] [main/DEBUG] [io.netty.util.internal.PlatformDependent/]: -Dio.netty.noPreferDirect: false
[30Dec2025 03:03:46.042] [main/DEBUG] [mixin/]: Mixing ServerboundCustomPayloadPacketMixin from packetfixer-common.mixins.json into net.minecraft.network.protocol.game.ServerboundCustomPayloadPacket
[30Dec2025 03:03:46.045] [main/DEBUG] [mixin/]: Mixing ClientboundCustomPayloadPacketMixin from packetfixer-common.mixins.json into net.minecraft.network.protocol.game.ClientboundCustomPayloadPacket
[30Dec2025 03:03:46.047] [main/DEBUG] [mixin/]: Mixing ServerboundCustomQueryPacketMixin from packetfixer-common.mixins.json into net.minecraft.network.protocol.login.ServerboundCustomQueryPacket
[30Dec2025 03:03:46.049] [main/DEBUG] [mixin/]: Mixing ClientboundCustomQueryPacketMixin from packetfixer-common.mixins.json into net.minecraft.network.protocol.login.ClientboundCustomQueryPacket
[30Dec2025 03:03:46.072] [main/DEBUG] [net.minecraftforge.network.NetworkHooks/]: Loading Network data for FML net version: FML3
[30Dec2025 03:03:46.092] [main/DEBUG] [net.minecraftforge.common.ForgeI18n/CORE]: Loading I18N data entries: 6434
[30Dec2025 03:03:46.109] [main/DEBUG] [net.minecraftforge.fml.ModWorkManager/LOADING]: Using 4 threads for parallel mod-loading
[30Dec2025 03:03:46.114] [main/DEBUG] [net.minecraftforge.fml.javafmlmod.FMLJavaModLanguageProvider/LOADING]: Loading FMLModContainer from classloader cpw.mods.modlauncher.TransformingClassLoader@74f4a2ba - got cpw.mods.cl.ModuleClassLoader@6b2e0f78
[30Dec2025 03:03:46.116] [main/DEBUG] [net.minecraftforge.fml.javafmlmod.FMLModContainer/LOADING]: Creating FMLModContainer instance for de.keksuccino.auudio.Auudio
[30Dec2025 03:03:46.118] [main/DEBUG] [net.minecraftforge.fml.javafmlmod.FMLJavaModLanguageProvider/LOADING]: Loading FMLModContainer from classloader cpw.mods.modlauncher.TransformingClassLoader@74f4a2ba - got cpw.mods.cl.ModuleClassLoader@6b2e0f78
[30Dec2025 03:03:46.118] [main/DEBUG] [net.minecraftforge.fml.javafmlmod.FMLModContainer/LOADING]: Creating FMLModContainer instance for com.frikinjay.almanac.forge.AlmanacForge
[30Dec2025 03:03:46.118] [main/DEBUG] [net.minecraftforge.fml.javafmlmod.FMLJavaModLanguageProvider/LOADING]: Loading FMLModContainer from classloader cpw.mods.modlauncher.TransformingClassLoader@74f4a2ba - got cpw.mods.cl.ModuleClassLoader@6b2e0f78
[30Dec2025 03:03:46.118] [main/DEBUG] [net.minecraftforge.fml.javafmlmod.FMLModContainer/LOADING]: Creating FMLModContainer instance for software.bernie.example.GeckoLibMod
[30Dec2025 03:03:46.119] [main/DEBUG] [net.minecraftforge.fml.javafmlmod.FMLJavaModLanguageProvider/LOADING]: Loading FMLModContainer from classloader cpw.mods.modlauncher.TransformingClassLoader@74f4a2ba - got cpw.mods.cl.ModuleClassLoader@6b2e0f78
[30Dec2025 03:03:46.119] [main/DEBUG] [net.minecraftforge.fml.javafmlmod.FMLModContainer/LOADING]: Creating FMLModContainer instance for dev.kosmx.playerAnim.forge.ForgeModInterface
[30Dec2025 03:03:46.119] [main/DEBUG] [net.minecraftforge.fml.javafmlmod.FMLJavaModLanguageProvider/LOADING]: Loading FMLModContainer from classloader cpw.mods.modlauncher.TransformingClassLoader@74f4a2ba - got cpw.mods.cl.ModuleClassLoader@6b2e0f78
[30Dec2025 03:03:46.119] [main/DEBUG] [net.minecraftforge.fml.javafmlmod.FMLModContainer/LOADING]: Creating FMLModContainer instance for mcjty.incontrol.InControl
[30Dec2025 03:03:46.120] [main/DEBUG] [net.minecraftforge.fml.javafmlmod.FMLJavaModLanguageProvider/LOADING]: Loading FMLModContainer from classloader cpw.mods.modlauncher.TransformingClassLoader@74f4a2ba - got cpw.mods.cl.ModuleClassLoader@6b2e0f78
[30Dec2025 03:03:46.120] [main/DEBUG] [net.minecraftforge.fml.javafmlmod.FMLModContainer/LOADING]: Creating FMLModContainer instance for insane96mcp.insanelib.InsaneLib
[30Dec2025 03:03:46.121] [main/DEBUG] [net.minecraftforge.fml.javafmlmod.FMLJavaModLanguageProvider/LOADING]: Loading FMLModContainer from classloader cpw.mods.modlauncher.TransformingClassLoader@74f4a2ba - got cpw.mods.cl.ModuleClassLoader@6b2e0f78
[30Dec2025 03:03:46.121] [main/DEBUG] [net.minecraftforge.fml.javafmlmod.FMLModContainer/LOADING]: Creating FMLModContainer instance for com.natamus.configurableextramobdrops.ModForge
[30Dec2025 03:03:46.121] [main/DEBUG] [net.minecraftforge.fml.javafmlmod.FMLJavaModLanguageProvider/LOADING]: Loading FMLModContainer from classloader cpw.mods.modlauncher.TransformingClassLoader@74f4a2ba - got cpw.mods.cl.ModuleClassLoader@6b2e0f78
[30Dec2025 03:03:46.121] [main/DEBUG] [net.minecraftforge.fml.javafmlmod.FMLModContainer/LOADING]: Creating FMLModContainer instance for com.blamejared.controlling.Controlling
[30Dec2025 03:03:46.122] [main/DEBUG] [net.minecraftforge.fml.javafmlmod.FMLJavaModLanguageProvider/LOADING]: Loading FMLModContainer from classloader cpw.mods.modlauncher.TransformingClassLoader@74f4a2ba - got cpw.mods.cl.ModuleClassLoader@6b2e0f78
[30Dec2025 03:03:46.122] [main/DEBUG] [net.minecraftforge.fml.javafmlmod.FMLModContainer/LOADING]: Creating FMLModContainer instance for dev.shadowsoffire.placebo.Placebo
[30Dec2025 03:03:46.123] [main/DEBUG] [net.minecraftforge.fml.javafmlmod.FMLJavaModLanguageProvider/LOADING]: Loading FMLModContainer from classloader cpw.mods.modlauncher.TransformingClassLoader@74f4a2ba - got cpw.mods.cl.ModuleClassLoader@6b2e0f78
[30Dec2025 03:03:46.123] [main/DEBUG] [net.minecraftforge.fml.javafmlmod.FMLModContainer/LOADING]: Creating FMLModContainer instance for com.github.alexthe666.citadel.Citadel
[30Dec2025 03:03:46.124] [main/DEBUG] [net.minecraftforge.fml.javafmlmod.FMLJavaModLanguageProvider/LOADING]: Loading FMLModContainer from classloader cpw.mods.modlauncher.TransformingClassLoader@74f4a2ba - got cpw.mods.cl.ModuleClassLoader@6b2e0f78
[30Dec2025 03:03:46.124] [main/DEBUG] [net.minecraftforge.fml.javafmlmod.FMLModContainer/LOADING]: Creating FMLModContainer instance for com.llamalad7.mixinextras.platform.forge.MixinExtrasMod
[30Dec2025 03:03:46.125] [main/DEBUG] [net.minecraftforge.fml.javafmlmod.FMLJavaModLanguageProvider/LOADING]: Loading FMLModContainer from classloader cpw.mods.modlauncher.TransformingClassLoader@74f4a2ba - got cpw.mods.cl.ModuleClassLoader@6b2e0f78
[30Dec2025 03:03:46.125] [main/DEBUG] [net.minecraftforge.fml.javafmlmod.FMLModContainer/LOADING]: Creating FMLModContainer instance for net.darkhax.bookshelf.BookshelfForge
[30Dec2025 03:03:46.125] [main/DEBUG] [net.minecraftforge.fml.javafmlmod.FMLJavaModLanguageProvider/LOADING]: Loading FMLModContainer from classloader cpw.mods.modlauncher.TransformingClassLoader@74f4a2ba - got cpw.mods.cl.ModuleClassLoader@6b2e0f78
[30Dec2025 03:03:46.126] [main/DEBUG] [net.minecraftforge.fml.javafmlmod.FMLModContainer/LOADING]: Creating FMLModContainer instance for info.u_team.u_team_core.UCoreMod
[30Dec2025 03:03:46.126] [main/DEBUG] [net.minecraftforge.fml.javafmlmod.FMLJavaModLanguageProvider/LOADING]: Loading FMLModContainer from classloader cpw.mods.modlauncher.TransformingClassLoader@74f4a2ba - got cpw.mods.cl.ModuleClassLoader@6b2e0f78
[30Dec2025 03:03:46.126] [main/DEBUG] [net.minecraftforge.fml.javafmlmod.FMLModContainer/LOADING]: Creating FMLModContainer instance for de.keksuccino.melody.MelodyForge
[30Dec2025 03:03:46.126] [main/DEBUG] [net.minecraftforge.fml.javafmlmod.FMLJavaModLanguageProvider/LOADING]: Loading FMLModContainer from classloader cpw.mods.modlauncher.TransformingClassLoader@74f4a2ba - got cpw.mods.cl.ModuleClassLoader@6b2e0f78
[30Dec2025 03:03:46.126] [main/DEBUG] [net.minecraftforge.fml.javafmlmod.FMLModContainer/LOADING]: Creating FMLModContainer instance for jeresources.JEResources
[30Dec2025 03:03:46.127] [main/DEBUG] [net.minecraftforge.fml.javafmlmod.FMLJavaModLanguageProvider/LOADING]: Loading FMLModContainer from classloader cpw.mods.modlauncher.TransformingClassLoader@74f4a2ba - got cpw.mods.cl.ModuleClassLoader@6b2e0f78
[30Dec2025 03:03:46.127] [main/DEBUG] [net.minecraftforge.fml.javafmlmod.FMLModContainer/LOADING]: Creating FMLModContainer instance for me.shedaniel.clothconfig.ClothConfigForge
[30Dec2025 03:03:46.128] [main/DEBUG] [net.minecraftforge.fml.javafmlmod.FMLJavaModLanguageProvider/LOADING]: Loading FMLModContainer from classloader cpw.mods.modlauncher.TransformingClassLoader@74f4a2ba - got cpw.mods.cl.ModuleClassLoader@6b2e0f78
[30Dec2025 03:03:46.128] [main/DEBUG] [net.minecraftforge.fml.javafmlmod.FMLModContainer/LOADING]: Creating FMLModContainer instance for de.keksuccino.konkrete.Konkrete
[30Dec2025 03:03:46.129] [main/DEBUG] [net.minecraftforge.fml.javafmlmod.FMLJavaModLanguageProvider/LOADING]: Loading FMLModContainer from classloader cpw.mods.modlauncher.TransformingClassLoader@74f4a2ba - got cpw.mods.cl.ModuleClassLoader@6b2e0f78
[30Dec2025 03:03:46.129] [main/DEBUG] [net.minecraftforge.fml.javafmlmod.FMLModContainer/LOADING]: Creating FMLModContainer instance for me.jellysquid.mods.sodium.client.SodiumClientMod
[30Dec2025 03:03:46.129] [main/DEBUG] [net.minecraftforge.fml.javafmlmod.FMLJavaModLanguageProvider/LOADING]: Loading FMLModContainer from classloader cpw.mods.modlauncher.TransformingClassLoader@74f4a2ba - got cpw.mods.cl.ModuleClassLoader@6b2e0f78
[30Dec2025 03:03:46.129] [main/DEBUG] [net.minecraftforge.fml.javafmlmod.FMLModContainer/LOADING]: Creating FMLModContainer instance for me.jellysquid.mods.sodium.client.RubidiumStub
[30Dec2025 03:03:46.130] [main/DEBUG] [net.minecraftforge.fml.javafmlmod.FMLJavaModLanguageProvider/LOADING]: Loading FMLModContainer from classloader cpw.mods.modlauncher.TransformingClassLoader@74f4a2ba - got cpw.mods.cl.ModuleClassLoader@6b2e0f78
[30Dec2025 03:03:46.130] [main/DEBUG] [net.minecraftforge.fml.javafmlmod.FMLModContainer/LOADING]: Creating FMLModContainer instance for earth.terrarium.athena.forge.AthenaForge
[30Dec2025 03:03:46.130] [main/DEBUG] [net.minecraftforge.fml.javafmlmod.FMLJavaModLanguageProvider/LOADING]: Loading FMLModContainer from classloader cpw.mods.modlauncher.TransformingClassLoader@74f4a2ba - got cpw.mods.cl.ModuleClassLoader@6b2e0f78
[30Dec2025 03:03:46.130] [main/DEBUG] [net.minecraftforge.fml.javafmlmod.FMLModContainer/LOADING]: Creating FMLModContainer instance for com.legacy.structure_gel.core.StructureGelMod
[30Dec2025 03:03:46.131] [main/DEBUG] [net.minecraftforge.fml.javafmlmod.FMLJavaModLanguageProvider/LOADING]: Loading FMLModContainer from classloader cpw.mods.modlauncher.TransformingClassLoader@74f4a2ba - got cpw.mods.cl.ModuleClassLoader@6b2e0f78
[30Dec2025 03:03:46.131] [main/DEBUG] [net.minecraftforge.fml.javafmlmod.FMLModContainer/LOADING]: Creating FMLModContainer instance for de.maxhenkel.corpse.Main
[30Dec2025 03:03:46.132] [main/DEBUG] [net.minecraftforge.fml.javafmlmod.FMLJavaModLanguageProvider/LOADING]: Loading FMLModContainer from classloader cpw.mods.modlauncher.TransformingClassLoader@74f4a2ba - got cpw.mods.cl.ModuleClassLoader@6b2e0f78
[30Dec2025 03:03:46.132] [main/DEBUG] [net.minecraftforge.fml.javafmlmod.FMLModContainer/LOADING]: Creating FMLModContainer instance for io.github.flemmli97.tenshilib.forge.TenshiLibForge
[30Dec2025 03:03:46.159] [main/INFO] [org.groovymc.gml.internal.ModExtensionLoader/]: Skipping extension class org.groovymc.cgl.api.extension.client.MinecraftExtensions: it requires dist CLIENT, but we're running on DEDICATED_SERVER
[30Dec2025 03:03:46.191] [main/DEBUG] [mixin/]: Mixing components.ClickEventMixin from kubejs-common.mixins.json into net.minecraft.network.chat.ClickEvent
[30Dec2025 03:03:46.191] [main/DEBUG] [mixin/]: Renaming synthetic method lambda$toJsonJS$0(Lcom/google/gson/JsonObject;)V to md145b39$lambda$toJsonJS$0$0 in kubejs-common.mixins.json:components.ClickEventMixin
[30Dec2025 03:03:46.206] [main/DEBUG] [mixin/]: Mixing CommandSourceStackMixin from kubejs-common.mixins.json into net.minecraft.commands.CommandSourceStack
[30Dec2025 03:03:46.206] [main/DEBUG] [mixin/]: Renaming synthetic method lambda$kjs$sendSuccess$0(Lnet/minecraft/network/chat/Component;)Lnet/minecraft/network/chat/Component; to md145b39$lambda$kjs$sendSuccess$0$0 in kubejs-common.mixins.json:CommandSourceStackMixin
[30Dec2025 03:03:46.210] [main/DEBUG] [mixin/]: Mixing MixinRecipeManager from polymorph.mixins.json into net.minecraft.world.item.crafting.RecipeManager
[30Dec2025 03:03:46.211] [main/DEBUG] [mixin/]: Renaming synthetic method lambda$polymorph$getRecipe$1(Lorg/spongepowered/asm/mixin/injection/callback/CallbackInfoReturnable;Lnet/minecraft/world/item/crafting/Recipe;)V to md145b39$lambda$polymorph$getRecipe$1$0 in polymorph.mixins.json:MixinRecipeManager
[30Dec2025 03:03:46.211] [main/DEBUG] [mixin/]: Renaming synthetic method lambda$polymorph$getRecipe$0(Lorg/spongepowered/asm/mixin/injection/callback/CallbackInfoReturnable;Lnet/minecraft/resources/ResourceLocation;Lnet/minecraft/world/item/crafting/Recipe;)V to md145b39$lambda$polymorph$getRecipe$0$1 in polymorph.mixins.json:MixinRecipeManager
[30Dec2025 03:03:46.211] [main/DEBUG] [mixin/]: Mixing accessors.world.AccessorRecipeManager from bookshelf.common.mixins.json into net.minecraft.world.item.crafting.RecipeManager
[30Dec2025 03:03:46.212] [main/DEBUG] [mixin/]: Mixing RecipeManagerMixin from itemblacklist.mixins.json into net.minecraft.world.item.crafting.RecipeManager
[30Dec2025 03:03:46.212] [main/DEBUG] [mixin/]: Renaming synthetic method lambda$onGetRecipes$1(Lnet/minecraft/world/Container;Lnet/minecraft/world/level/Level;Lnet/minecraft/world/item/crafting/Recipe;)Z to md145b39$lambda$onGetRecipes$1$2 in itemblacklist.mixins.json:RecipeManagerMixin
[30Dec2025 03:03:46.212] [main/DEBUG] [mixin/]: Renaming synthetic method lambda$onGetRecipe$0(Lorg/spongepowered/asm/mixin/injection/callback/CallbackInfoReturnable;Lnet/minecraft/world/level/Level;Lnet/minecraft/world/item/crafting/Recipe;)V to md145b39$lambda$onGetRecipe$0$3 in itemblacklist.mixins.json:RecipeManagerMixin
[30Dec2025 03:03:46.212] [main/DEBUG] [mixin/]: Mixing RecipeManagerAccessor from kubejs-forge.mixins.json into net.minecraft.world.item.crafting.RecipeManager
[30Dec2025 03:03:46.212] [main/DEBUG] [mixin/]: Mixing RecipeManagerMixin from kubejs-common.mixins.json into net.minecraft.world.item.crafting.RecipeManager
[30Dec2025 03:03:46.223] [main/DEBUG] [mixin/]: Mixing patches.packs.resources.MixinSimpleJsonResourceReloadListener from bookshelf.common.mixins.json into net.minecraft.server.packs.resources.SimpleJsonResourceReloadListener
[30Dec2025 03:03:46.223] [main/DEBUG] [mixin/]: Renaming synthetic method lambda$prepare$0(Ljava/util/Map$Entry;)Z to md145b39$lambda$prepare$0$0 in bookshelf.common.mixins.json:patches.packs.resources.MixinSimpleJsonResourceReloadListener
[30Dec2025 03:03:46.226] [main/DEBUG] [mixin/]: Mixing ConditionHackMixin from moonlight.mixins.json into net.minecraft.server.packs.resources.SimplePreparableReloadListener
[30Dec2025 03:03:46.245] [main/DEBUG] [mixin/]: Mixing DamageSourceMixin from kubejs-common.mixins.json into net.minecraft.world.damagesource.DamageSource
[30Dec2025 03:03:46.256] [main/DEBUG] [mixin/]: Mixing accessor.BrainAccessor from moonlight-common.mixins.json into net.minecraft.world.entity.ai.Brain
[30Dec2025 03:03:46.265] [main/DEBUG] [mixin/]: Mixing accessors.inventory.AccessorInventoryMenu from bookshelf.common.mixins.json into net.minecraft.world.inventory.InventoryMenu
[30Dec2025 03:03:46.265] [main/DEBUG] [mixin/]: Mixing MixinInventoryMenu from fastbench.mixins.json into net.minecraft.world.inventory.InventoryMenu
[30Dec2025 03:03:46.266] [main/DEBUG] [mixin/]: Mixing AccessorInventoryMenu from polymorph.mixins.json into net.minecraft.world.inventory.InventoryMenu
[30Dec2025 03:03:46.273] [main/DEBUG] [mixin/]: Mixing accessors.item.AccessorItemCooldowns from bookshelf.common.mixins.json into net.minecraft.world.item.ItemCooldowns
[30Dec2025 03:03:46.315] [main/DEBUG] [org.groovymc.gml.GModContainer/]: Loaded GMod class org.groovymc.gml.mod.GMLMod on loader cpw.mods.modlauncher.TransformingClassLoader@74f4a2ba and module module gml
[30Dec2025 03:03:46.315] [main/DEBUG] [net.minecraftforge.fml.javafmlmod.FMLJavaModLanguageProvider/LOADING]: Loading FMLModContainer from classloader cpw.mods.modlauncher.TransformingClassLoader@74f4a2ba - got cpw.mods.cl.ModuleClassLoader@6b2e0f78
[30Dec2025 03:03:46.316] [main/DEBUG] [net.minecraftforge.fml.javafmlmod.FMLModContainer/LOADING]: Creating FMLModContainer instance for de.geheimagentnr1.dimension_access_manager.DimensionAccessManager
[30Dec2025 03:03:46.317] [main/DEBUG] [net.minecraftforge.fml.javafmlmod.FMLJavaModLanguageProvider/LOADING]: Loading FMLModContainer from classloader cpw.mods.modlauncher.TransformingClassLoader@74f4a2ba - got cpw.mods.cl.ModuleClassLoader@6b2e0f78
[30Dec2025 03:03:46.317] [main/DEBUG] [net.minecraftforge.fml.javafmlmod.FMLModContainer/LOADING]: Creating FMLModContainer instance for net.mcreator.overworldnetheriteore.OverworldNetheriteOreMod
[30Dec2025 03:03:46.317] [main/DEBUG] [net.minecraftforge.fml.javafmlmod.FMLJavaModLanguageProvider/LOADING]: Loading FMLModContainer from classloader cpw.mods.modlauncher.TransformingClassLoader@74f4a2ba - got cpw.mods.cl.ModuleClassLoader@6b2e0f78
[30Dec2025 03:03:46.318] [main/DEBUG] [net.minecraftforge.fml.javafmlmod.FMLModContainer/LOADING]: Creating FMLModContainer instance for top.theillusivec4.curios.Curios
[30Dec2025 03:03:46.318] [main/DEBUG] [net.minecraftforge.fml.javafmlmod.FMLJavaModLanguageProvider/LOADING]: Loading FMLModContainer from classloader cpw.mods.modlauncher.TransformingClassLoader@74f4a2ba - got cpw.mods.cl.ModuleClassLoader@6b2e0f78
[30Dec2025 03:03:46.318] [main/DEBUG] [net.minecraftforge.fml.javafmlmod.FMLModContainer/LOADING]: Creating FMLModContainer instance for vazkii.patchouli.forge.common.ForgeModInitializer
[30Dec2025 03:03:46.319] [main/DEBUG] [net.minecraftforge.fml.javafmlmod.FMLJavaModLanguageProvider/LOADING]: Loading FMLModContainer from classloader cpw.mods.modlauncher.TransformingClassLoader@74f4a2ba - got cpw.mods.cl.ModuleClassLoader@6b2e0f78
[30Dec2025 03:03:46.319] [main/DEBUG] [net.minecraftforge.fml.javafmlmod.FMLModContainer/LOADING]: Creating FMLModContainer instance for github.pitbox46.itemblacklist.ItemBlacklist
[30Dec2025 03:03:46.320] [main/DEBUG] [net.minecraftforge.fml.javafmlmod.FMLJavaModLanguageProvider/LOADING]: Loading FMLModContainer from classloader cpw.mods.modlauncher.TransformingClassLoader@74f4a2ba - got cpw.mods.cl.ModuleClassLoader@6b2e0f78
[30Dec2025 03:03:46.320] [main/DEBUG] [net.minecraftforge.fml.javafmlmod.FMLModContainer/LOADING]: Creating FMLModContainer instance for com.natamus.collective.CollectiveForge
[30Dec2025 03:03:46.323] [main/DEBUG] [org.groovymc.gml.GModContainer/]: Loaded GMod class org.groovymc.cgl.impl.forge.CGLForge on loader cpw.mods.modlauncher.TransformingClassLoader@74f4a2ba and module module commongroovylibrary
[30Dec2025 03:03:46.323] [main/DEBUG] [net.minecraftforge.fml.javafmlmod.FMLJavaModLanguageProvider/LOADING]: Loading FMLModContainer from classloader cpw.mods.modlauncher.TransformingClassLoader@74f4a2ba - got cpw.mods.cl.ModuleClassLoader@6b2e0f78
[30Dec2025 03:03:46.323] [main/DEBUG] [net.minecraftforge.fml.javafmlmod.FMLModContainer/LOADING]: Creating FMLModContainer instance for com.blamejared.searchables.SearchablesForge
[30Dec2025 03:03:46.323] [main/DEBUG] [net.minecraftforge.fml.javafmlmod.FMLJavaModLanguageProvider/LOADING]: Loading FMLModContainer from classloader cpw.mods.modlauncher.TransformingClassLoader@74f4a2ba - got cpw.mods.cl.ModuleClassLoader@6b2e0f78
[30Dec2025 03:03:46.323] [main/DEBUG] [net.minecraftforge.fml.javafmlmod.FMLModContainer/LOADING]: Creating FMLModContainer instance for io.github.steveplays28.noisium.forge.NoisiumForge
[30Dec2025 03:03:46.324] [main/DEBUG] [net.minecraftforge.fml.javafmlmod.FMLJavaModLanguageProvider/LOADING]: Loading FMLModContainer from classloader cpw.mods.modlauncher.TransformingClassLoader@74f4a2ba - got cpw.mods.cl.ModuleClassLoader@6b2e0f78
[30Dec2025 03:03:46.324] [main/DEBUG] [net.minecraftforge.fml.javafmlmod.FMLModContainer/LOADING]: Creating FMLModContainer instance for mcjty.lostcities.LostCities
[30Dec2025 03:03:46.325] [main/DEBUG] [net.minecraftforge.fml.javafmlmod.FMLJavaModLanguageProvider/LOADING]: Loading FMLModContainer from classloader cpw.mods.modlauncher.TransformingClassLoader@74f4a2ba - got cpw.mods.cl.ModuleClassLoader@6b2e0f78
[30Dec2025 03:03:46.325] [main/DEBUG] [net.minecraftforge.fml.javafmlmod.FMLModContainer/LOADING]: Creating FMLModContainer instance for com.vicmatskiv.pointblank.PointBlankMod
[30Dec2025 03:03:46.327] [main/DEBUG] [net.minecraftforge.fml.javafmlmod.FMLJavaModLanguageProvider/LOADING]: Loading FMLModContainer from classloader cpw.mods.modlauncher.TransformingClassLoader@74f4a2ba - got cpw.mods.cl.ModuleClassLoader@6b2e0f78
[30Dec2025 03:03:46.327] [main/DEBUG] [net.minecraftforge.fml.javafmlmod.FMLModContainer/LOADING]: Creating FMLModContainer instance for com.teamresourceful.resourcefullib.forge.ResourcefulLibForge
[30Dec2025 03:03:46.328] [main/DEBUG] [net.minecraftforge.fml.javafmlmod.FMLJavaModLanguageProvider/LOADING]: Loading FMLModContainer from classloader cpw.mods.modlauncher.TransformingClassLoader@74f4a2ba - got cpw.mods.cl.ModuleClassLoader@6b2e0f78
[30Dec2025 03:03:46.328] [main/DEBUG] [net.minecraftforge.fml.javafmlmod.FMLModContainer/LOADING]: Creating FMLModContainer instance for net.smileycorp.atlas.common.AtlasLib
[30Dec2025 03:03:46.328] [main/DEBUG] [net.minecraftforge.fml.javafmlmod.FMLJavaModLanguageProvider/LOADING]: Loading FMLModContainer from classloader cpw.mods.modlauncher.TransformingClassLoader@74f4a2ba - got cpw.mods.cl.ModuleClassLoader@6b2e0f78
[30Dec2025 03:03:46.328] [main/DEBUG] [net.minecraftforge.fml.javafmlmod.FMLModContainer/LOADING]: Creating FMLModContainer instance for com.natamus.starterkit.ModForge
[30Dec2025 03:03:46.329] [main/DEBUG] [net.minecraftforge.fml.javafmlmod.FMLJavaModLanguageProvider/LOADING]: Loading FMLModContainer from classloader cpw.mods.modlauncher.TransformingClassLoader@74f4a2ba - got cpw.mods.cl.ModuleClassLoader@6b2e0f78
[30Dec2025 03:03:46.329] [main/DEBUG] [net.minecraftforge.fml.javafmlmod.FMLModContainer/LOADING]: Creating FMLModContainer instance for com.momosoftworks.scalingmobs.ScalingMobs
[30Dec2025 03:03:46.329] [main/DEBUG] [net.minecraftforge.fml.javafmlmod.FMLJavaModLanguageProvider/LOADING]: Loading FMLModContainer from classloader cpw.mods.modlauncher.TransformingClassLoader@74f4a2ba - got cpw.mods.cl.ModuleClassLoader@6b2e0f78
[30Dec2025 03:03:46.330] [main/DEBUG] [net.minecraftforge.fml.javafmlmod.FMLModContainer/LOADING]: Creating FMLModContainer instance for dev.architectury.forge.ArchitecturyForge
[30Dec2025 03:03:46.330] [main/DEBUG] [net.minecraftforge.fml.javafmlmod.FMLJavaModLanguageProvider/LOADING]: Loading FMLModContainer from classloader cpw.mods.modlauncher.TransformingClassLoader@74f4a2ba - got cpw.mods.cl.ModuleClassLoader@6b2e0f78
[30Dec2025 03:03:46.330] [main/DEBUG] [net.minecraftforge.fml.javafmlmod.FMLModContainer/LOADING]: Creating FMLModContainer instance for it.hurts.octostudios.nerb.forge.NERBForge
[30Dec2025 03:03:46.330] [main/DEBUG] [net.minecraftforge.fml.javafmlmod.FMLJavaModLanguageProvider/LOADING]: Loading FMLModContainer from classloader cpw.mods.modlauncher.TransformingClassLoader@74f4a2ba - got cpw.mods.cl.ModuleClassLoader@6b2e0f78
[30Dec2025 03:03:46.330] [main/DEBUG] [net.minecraftforge.fml.javafmlmod.FMLModContainer/LOADING]: Creating FMLModContainer instance for me.pandamods.pandalib.forge.PandaLibForge
[30Dec2025 03:03:46.331] [main/DEBUG] [net.minecraftforge.fml.javafmlmod.FMLJavaModLanguageProvider/LOADING]: Loading FMLModContainer from classloader cpw.mods.modlauncher.TransformingClassLoader@74f4a2ba - got cpw.mods.cl.ModuleClassLoader@6b2e0f78
[30Dec2025 03:03:46.331] [main/DEBUG] [net.minecraftforge.fml.javafmlmod.FMLModContainer/LOADING]: Creating FMLModContainer instance for com.cupboard.Cupboard
[30Dec2025 03:03:46.331] [main/DEBUG] [net.minecraftforge.fml.javafmlmod.FMLJavaModLanguageProvider/LOADING]: Loading FMLModContainer from classloader cpw.mods.modlauncher.TransformingClassLoader@74f4a2ba - got cpw.mods.cl.ModuleClassLoader@6b2e0f78
[30Dec2025 03:03:46.331] [main/DEBUG] [net.minecraftforge.fml.javafmlmod.FMLModContainer/LOADING]: Creating FMLModContainer instance for com.natamus.firstjoinmessage.ModForge
[30Dec2025 03:03:46.332] [main/DEBUG] [net.minecraftforge.fml.javafmlmod.FMLJavaModLanguageProvider/LOADING]: Loading FMLModContainer from classloader cpw.mods.modlauncher.TransformingClassLoader@74f4a2ba - got cpw.mods.cl.ModuleClassLoader@6b2e0f78
[30Dec2025 03:03:46.332] [main/DEBUG] [net.minecraftforge.fml.javafmlmod.FMLModContainer/LOADING]: Creating FMLModContainer instance for net.lostluma.dynamic_fps.impl.forge.DynamicFPSForgeMod
[30Dec2025 03:03:46.333] [main/DEBUG] [net.minecraftforge.fml.javafmlmod.FMLJavaModLanguageProvider/LOADING]: Loading FMLModContainer from classloader cpw.mods.modlauncher.TransformingClassLoader@74f4a2ba - got cpw.mods.cl.ModuleClassLoader@6b2e0f78
[30Dec2025 03:03:46.333] [main/DEBUG] [net.minecraftforge.fml.javafmlmod.FMLModContainer/LOADING]: Creating FMLModContainer instance for com.gitlab.cdagaming.unilib.forge.UniLibForge
[30Dec2025 03:03:46.333] [main/DEBUG] [net.minecraftforge.fml.javafmlmod.FMLJavaModLanguageProvider/LOADING]: Loading FMLModContainer from classloader cpw.mods.modlauncher.TransformingClassLoader@74f4a2ba - got cpw.mods.cl.ModuleClassLoader@6b2e0f78
[30Dec2025 03:03:46.334] [main/DEBUG] [net.minecraftforge.fml.javafmlmod.FMLModContainer/LOADING]: Creating FMLModContainer instance for com.mrcrayfish.framework.FrameworkForge
[30Dec2025 03:03:46.334] [main/DEBUG] [net.minecraftforge.fml.javafmlmod.FMLJavaModLanguageProvider/LOADING]: Loading FMLModContainer from classloader cpw.mods.modlauncher.TransformingClassLoader@74f4a2ba - got cpw.mods.cl.ModuleClassLoader@6b2e0f78
[30Dec2025 03:03:46.334] [main/DEBUG] [net.minecraftforge.fml.javafmlmod.FMLModContainer/LOADING]: Creating FMLModContainer instance for com.frikinjay.letmedespawn.forge.LetMeDespawnForge
[30Dec2025 03:03:46.335] [main/DEBUG] [net.minecraftforge.fml.javafmlmod.FMLJavaModLanguageProvider/LOADING]: Loading FMLModContainer from classloader cpw.mods.modlauncher.TransformingClassLoader@74f4a2ba - got cpw.mods.cl.ModuleClassLoader@6b2e0f78
[30Dec2025 03:03:46.335] [main/DEBUG] [net.minecraftforge.fml.javafmlmod.FMLModContainer/LOADING]: Creating FMLModContainer instance for com.no_ruined_nether_portals.Entry
[30Dec2025 03:03:46.335] [main/DEBUG] [net.minecraftforge.fml.javafmlmod.FMLJavaModLanguageProvider/LOADING]: Loading FMLModContainer from classloader cpw.mods.modlauncher.TransformingClassLoader@74f4a2ba - got cpw.mods.cl.ModuleClassLoader@6b2e0f78
[30Dec2025 03:03:46.335] [main/DEBUG] [net.minecraftforge.fml.javafmlmod.FMLModContainer/LOADING]: Creating FMLModContainer instance for dev.latvian.mods.rhino.mod.forge.RhinoModForge
[30Dec2025 03:03:46.336] [main/DEBUG] [net.minecraftforge.fml.javafmlmod.FMLJavaModLanguageProvider/LOADING]: Loading FMLModContainer from classloader cpw.mods.modlauncher.TransformingClassLoader@74f4a2ba - got cpw.mods.cl.ModuleClassLoader@6b2e0f78
[30Dec2025 03:03:46.336] [main/DEBUG] [net.minecraftforge.fml.javafmlmod.FMLModContainer/LOADING]: Creating FMLModContainer instance for io.github.bumblesoftware.fastload.init.Fastload
[30Dec2025 03:03:46.336] [main/DEBUG] [net.minecraftforge.fml.javafmlmod.FMLJavaModLanguageProvider/LOADING]: Loading FMLModContainer from classloader cpw.mods.modlauncher.TransformingClassLoader@74f4a2ba - got cpw.mods.cl.ModuleClassLoader@6b2e0f78
[30Dec2025 03:03:46.337] [main/DEBUG] [net.minecraftforge.fml.javafmlmod.FMLModContainer/LOADING]: Creating FMLModContainer instance for fuzs.mutantmonsters.MutantMonstersForge
[30Dec2025 03:03:46.337] [main/DEBUG] [net.minecraftforge.fml.javafmlmod.FMLJavaModLanguageProvider/LOADING]: Loading FMLModContainer from classloader cpw.mods.modlauncher.TransformingClassLoader@74f4a2ba - got cpw.mods.cl.ModuleClassLoader@6b2e0f78
[30Dec2025 03:03:46.337] [main/DEBUG] [net.minecraftforge.fml.javafmlmod.FMLModContainer/LOADING]: Creating FMLModContainer instance for forge.net.mca.forge.MCAForge
[30Dec2025 03:03:46.338] [main/DEBUG] [net.minecraftforge.fml.javafmlmod.FMLJavaModLanguageProvider/LOADING]: Loading FMLModContainer from classloader cpw.mods.modlauncher.TransformingClassLoader@74f4a2ba - got cpw.mods.cl.ModuleClassLoader@6b2e0f78
[30Dec2025 03:03:46.338] [main/DEBUG] [net.minecraftforge.fml.javafmlmod.FMLModContainer/LOADING]: Creating FMLModContainer instance for com.cwelth.nonetherportal.NoNetherPortal
[30Dec2025 03:03:46.338] [main/DEBUG] [net.minecraftforge.fml.javafmlmod.FMLJavaModLanguageProvider/LOADING]: Loading FMLModContainer from classloader cpw.mods.modlauncher.TransformingClassLoader@74f4a2ba - got cpw.mods.cl.ModuleClassLoader@6b2e0f78
[30Dec2025 03:03:46.338] [main/DEBUG] [net.minecraftforge.fml.javafmlmod.FMLModContainer/LOADING]: Creating FMLModContainer instance for it.hurts.octostudios.octolib.forge.OctoLibForge
[30Dec2025 03:03:46.339] [main/DEBUG] [net.minecraftforge.fml.javafmlmod.FMLJavaModLanguageProvider/LOADING]: Loading FMLModContainer from classloader cpw.mods.modlauncher.TransformingClassLoader@74f4a2ba - got cpw.mods.cl.ModuleClassLoader@6b2e0f78
[30Dec2025 03:03:46.339] [main/DEBUG] [net.minecraftforge.fml.javafmlmod.FMLModContainer/LOADING]: Creating FMLModContainer instance for net.dnlayu.fastboot.fastboot
[30Dec2025 03:03:46.339] [main/DEBUG] [net.minecraftforge.fml.javafmlmod.FMLJavaModLanguageProvider/LOADING]: Loading FMLModContainer from classloader cpw.mods.modlauncher.TransformingClassLoader@74f4a2ba - got cpw.mods.cl.ModuleClassLoader@6b2e0f78
[30Dec2025 03:03:46.339] [main/DEBUG] [net.minecraftforge.fml.javafmlmod.FMLModContainer/LOADING]: Creating FMLModContainer instance for mezz.jei.forge.JustEnoughItems
[30Dec2025 03:03:46.340] [main/DEBUG] [net.minecraftforge.fml.javafmlmod.FMLJavaModLanguageProvider/LOADING]: Loading FMLModContainer from classloader cpw.mods.modlauncher.TransformingClassLoader@74f4a2ba - got cpw.mods.cl.ModuleClassLoader@6b2e0f78
[30Dec2025 03:03:46.340] [main/DEBUG] [net.minecraftforge.fml.javafmlmod.FMLModContainer/LOADING]: Creating FMLModContainer instance for dev.latvian.mods.kubejs.forge.KubeJSForge
[30Dec2025 03:03:46.340] [main/DEBUG] [net.minecraftforge.fml.javafmlmod.FMLJavaModLanguageProvider/LOADING]: Loading FMLModContainer from classloader cpw.mods.modlauncher.TransformingClassLoader@74f4a2ba - got cpw.mods.cl.ModuleClassLoader@6b2e0f78
[30Dec2025 03:03:46.341] [main/DEBUG] [net.minecraftforge.fml.javafmlmod.FMLModContainer/LOADING]: Creating FMLModContainer instance for com.tacz.guns.GunMod
[30Dec2025 03:03:46.341] [main/DEBUG] [net.minecraftforge.fml.javafmlmod.FMLJavaModLanguageProvider/LOADING]: Loading FMLModContainer from classloader cpw.mods.modlauncher.TransformingClassLoader@74f4a2ba - got cpw.mods.cl.ModuleClassLoader@6b2e0f78
[30Dec2025 03:03:46.341] [main/DEBUG] [net.minecraftforge.fml.javafmlmod.FMLModContainer/LOADING]: Creating FMLModContainer instance for com.ordana.immersive_weathering.forge.ImmersiveWeatheringForge
[30Dec2025 03:03:46.342] [main/DEBUG] [net.minecraftforge.fml.lowcodemod.LowCodeModLanguageProvider.LowCodeModTarget/LOADING]: Loading LowCodeModContainer from classloader cpw.mods.modlauncher.TransformingClassLoader@74f4a2ba - got cpw.mods.cl.ModuleClassLoader@6b2e0f78
[30Dec2025 03:03:46.342] [main/DEBUG] [net.minecraftforge.fml.lowcodemod.LowCodeModContainer/LOADING]: Creating LowCodeModContainer for keerdm_zombie_essentials
[30Dec2025 03:03:46.343] [main/DEBUG] [net.minecraftforge.fml.javafmlmod.FMLJavaModLanguageProvider/LOADING]: Loading FMLModContainer from classloader cpw.mods.modlauncher.TransformingClassLoader@74f4a2ba - got cpw.mods.cl.ModuleClassLoader@6b2e0f78
[30Dec2025 03:03:46.343] [main/DEBUG] [net.minecraftforge.fml.javafmlmod.FMLModContainer/LOADING]: Creating FMLModContainer instance for com.technicboyman.nobz.nobabyzombies1_20_1forge.Nobabyzombies1_20_1forge
[30Dec2025 03:03:46.343] [main/DEBUG] [net.minecraftforge.fml.javafmlmod.FMLJavaModLanguageProvider/LOADING]: Loading FMLModContainer from classloader cpw.mods.modlauncher.TransformingClassLoader@74f4a2ba - got cpw.mods.cl.ModuleClassLoader@6b2e0f78
[30Dec2025 03:03:46.343] [main/DEBUG] [net.minecraftforge.fml.javafmlmod.FMLModContainer/LOADING]: Creating FMLModContainer instance for net.marblednull.marbledsarsenal.MarbledsArsenal
[30Dec2025 03:03:46.344] [main/DEBUG] [net.minecraftforge.fml.javafmlmod.FMLJavaModLanguageProvider/LOADING]: Loading FMLModContainer from classloader cpw.mods.modlauncher.TransformingClassLoader@74f4a2ba - got cpw.mods.cl.ModuleClassLoader@6b2e0f78
[30Dec2025 03:03:46.344] [main/DEBUG] [net.minecraftforge.fml.javafmlmod.FMLModContainer/LOADING]: Creating FMLModContainer instance for com.blamejared.clumps.Clumps
[30Dec2025 03:03:46.344] [main/DEBUG] [net.minecraftforge.fml.javafmlmod.FMLJavaModLanguageProvider/LOADING]: Loading FMLModContainer from classloader cpw.mods.modlauncher.TransformingClassLoader@74f4a2ba - got cpw.mods.cl.ModuleClassLoader@6b2e0f78
[30Dec2025 03:03:46.344] [main/DEBUG] [net.minecraftforge.fml.javafmlmod.FMLModContainer/LOADING]: Creating FMLModContainer instance for com.fastasyncworldsave.FastAsyncWorldSave
[30Dec2025 03:03:46.345] [main/DEBUG] [net.minecraftforge.fml.javafmlmod.FMLJavaModLanguageProvider/LOADING]: Loading FMLModContainer from classloader cpw.mods.modlauncher.TransformingClassLoader@74f4a2ba - got cpw.mods.cl.ModuleClassLoader@6b2e0f78
[30Dec2025 03:03:46.345] [main/DEBUG] [net.minecraftforge.fml.javafmlmod.FMLModContainer/LOADING]: Creating FMLModContainer instance for com.forgivingworld.ForgivingWorldMod
[30Dec2025 03:03:46.345] [main/DEBUG] [net.minecraftforge.fml.javafmlmod.FMLJavaModLanguageProvider/LOADING]: Loading FMLModContainer from classloader cpw.mods.modlauncher.TransformingClassLoader@74f4a2ba - got cpw.mods.cl.ModuleClassLoader@6b2e0f78
[30Dec2025 03:03:46.345] [main/DEBUG] [net.minecraftforge.fml.javafmlmod.FMLModContainer/LOADING]: Creating FMLModContainer instance for net.marblednull.mcore.MarbledsCore
[30Dec2025 03:03:46.346] [main/DEBUG] [net.minecraftforge.fml.javafmlmod.FMLJavaModLanguageProvider/LOADING]: Loading FMLModContainer from classloader cpw.mods.modlauncher.TransformingClassLoader@74f4a2ba - got cpw.mods.cl.ModuleClassLoader@6b2e0f78
[30Dec2025 03:03:46.346] [main/DEBUG] [net.minecraftforge.fml.javafmlmod.FMLModContainer/LOADING]: Creating FMLModContainer instance for glitchcore.forge.GlitchCoreForge
[30Dec2025 03:03:46.346] [main/DEBUG] [net.minecraftforge.fml.javafmlmod.FMLJavaModLanguageProvider/LOADING]: Loading FMLModContainer from classloader cpw.mods.modlauncher.TransformingClassLoader@74f4a2ba - got cpw.mods.cl.ModuleClassLoader@6b2e0f78
[30Dec2025 03:03:46.346] [main/DEBUG] [net.minecraftforge.fml.javafmlmod.FMLModContainer/LOADING]: Creating FMLModContainer instance for net.darkhax.badmobs.BadMobs
[30Dec2025 03:03:46.347] [main/DEBUG] [net.minecraftforge.fml.javafmlmod.FMLJavaModLanguageProvider/LOADING]: Loading FMLModContainer from classloader cpw.mods.modlauncher.TransformingClassLoader@74f4a2ba - got cpw.mods.cl.ModuleClassLoader@6b2e0f78
[30Dec2025 03:03:46.347] [main/DEBUG] [net.minecraftforge.fml.javafmlmod.FMLModContainer/LOADING]: Creating FMLModContainer instance for net.mcreator.bettermobfood.BetterMobFoodMod
[30Dec2025 03:03:46.348] [main/DEBUG] [net.minecraftforge.fml.javafmlmod.FMLJavaModLanguageProvider/LOADING]: Loading FMLModContainer from classloader cpw.mods.modlauncher.TransformingClassLoader@74f4a2ba - got cpw.mods.cl.ModuleClassLoader@6b2e0f78
[30Dec2025 03:03:46.348] [main/DEBUG] [net.minecraftforge.fml.javafmlmod.FMLModContainer/LOADING]: Creating FMLModContainer instance for fuzs.puzzlesaccessapi.impl.PuzzlesAccessApiForge
[30Dec2025 03:03:46.348] [main/DEBUG] [net.minecraftforge.fml.javafmlmod.FMLJavaModLanguageProvider/LOADING]: Loading FMLModContainer from classloader cpw.mods.modlauncher.TransformingClassLoader@74f4a2ba - got cpw.mods.cl.ModuleClassLoader@6b2e0f78
[30Dec2025 03:03:46.348] [main/DEBUG] [net.minecraftforge.fml.javafmlmod.FMLModContainer/LOADING]: Creating FMLModContainer instance for net.minecraftforge.common.ForgeMod
[30Dec2025 03:03:46.350] [main/DEBUG] [net.minecraftforge.fml.javafmlmod.FMLJavaModLanguageProvider/LOADING]: Loading FMLModContainer from classloader cpw.mods.modlauncher.TransformingClassLoader@74f4a2ba - got cpw.mods.cl.ModuleClassLoader@6b2e0f78
[30Dec2025 03:03:46.351] [main/DEBUG] [net.minecraftforge.fml.javafmlmod.FMLModContainer/LOADING]: Creating FMLModContainer instance for de.keksuccino.drippyloadingscreen.DrippyLoadingScreenForge
[30Dec2025 03:03:46.351] [main/DEBUG] [net.minecraftforge.fml.javafmlmod.FMLJavaModLanguageProvider/LOADING]: Loading FMLModContainer from classloader cpw.mods.modlauncher.TransformingClassLoader@74f4a2ba - got cpw.mods.cl.ModuleClassLoader@6b2e0f78
[30Dec2025 03:03:46.351] [main/DEBUG] [net.minecraftforge.fml.javafmlmod.FMLModContainer/LOADING]: Creating FMLModContainer instance for net.mcreator.cwadditions.CwAdditionsMod
[30Dec2025 03:03:46.352] [main/DEBUG] [net.minecraftforge.fml.javafmlmod.FMLJavaModLanguageProvider/LOADING]: Loading FMLModContainer from classloader cpw.mods.modlauncher.TransformingClassLoader@74f4a2ba - got cpw.mods.cl.ModuleClassLoader@6b2e0f78
[30Dec2025 03:03:46.352] [main/DEBUG] [net.minecraftforge.fml.javafmlmod.FMLModContainer/LOADING]: Creating FMLModContainer instance for net.mcreator.thedeepvoid.TheDeepVoidMod
[30Dec2025 03:03:46.353] [main/DEBUG] [net.minecraftforge.fml.javafmlmod.FMLJavaModLanguageProvider/LOADING]: Loading FMLModContainer from classloader cpw.mods.modlauncher.TransformingClassLoader@74f4a2ba - got cpw.mods.cl.ModuleClassLoader@6b2e0f78
[30Dec2025 03:03:46.353] [main/DEBUG] [net.minecraftforge.fml.javafmlmod.FMLModContainer/LOADING]: Creating FMLModContainer instance for cofh.core.CoFHCore
[30Dec2025 03:03:46.354] [main/DEBUG] [net.minecraftforge.fml.javafmlmod.FMLJavaModLanguageProvider/LOADING]: Loading FMLModContainer from classloader cpw.mods.modlauncher.TransformingClassLoader@74f4a2ba - got cpw.mods.cl.ModuleClassLoader@6b2e0f78
[30Dec2025 03:03:46.354] [main/DEBUG] [net.minecraftforge.fml.javafmlmod.FMLModContainer/LOADING]: Creating FMLModContainer instance for net.mehvahdjukaar.moonlight.forge.MoonlightForge
[30Dec2025 03:03:46.355] [main/DEBUG] [net.minecraftforge.fml.javafmlmod.FMLJavaModLanguageProvider/LOADING]: Loading FMLModContainer from classloader cpw.mods.modlauncher.TransformingClassLoader@74f4a2ba - got cpw.mods.cl.ModuleClassLoader@6b2e0f78
[30Dec2025 03:03:46.355] [main/DEBUG] [net.minecraftforge.fml.javafmlmod.FMLModContainer/LOADING]: Creating FMLModContainer instance for yalter.mousetweaks.forge.MouseTweaksForge
[30Dec2025 03:03:46.356] [main/DEBUG] [net.minecraftforge.fml.javafmlmod.FMLJavaModLanguageProvider/LOADING]: Loading FMLModContainer from classloader cpw.mods.modlauncher.TransformingClassLoader@74f4a2ba - got cpw.mods.cl.ModuleClassLoader@6b2e0f78
[30Dec2025 03:03:46.356] [main/DEBUG] [net.minecraftforge.fml.javafmlmod.FMLModContainer/LOADING]: Creating FMLModContainer instance for team.creative.creativecore.CreativeCore
[30Dec2025 03:03:46.357] [main/DEBUG] [net.minecraftforge.fml.javafmlmod.FMLJavaModLanguageProvider/LOADING]: Loading FMLModContainer from classloader cpw.mods.modlauncher.TransformingClassLoader@74f4a2ba - got cpw.mods.cl.ModuleClassLoader@6b2e0f78
[30Dec2025 03:03:46.357] [main/DEBUG] [net.minecraftforge.fml.javafmlmod.FMLModContainer/LOADING]: Creating FMLModContainer instance for com.illusivesoulworks.spectrelib.SpectreForgeMod
[30Dec2025 03:03:46.358] [main/DEBUG] [net.minecraftforge.fml.javafmlmod.FMLJavaModLanguageProvider/LOADING]: Loading FMLModContainer from classloader cpw.mods.modlauncher.TransformingClassLoader@74f4a2ba - got cpw.mods.cl.ModuleClassLoader@6b2e0f78
[30Dec2025 03:03:46.358] [main/DEBUG] [net.minecraftforge.fml.javafmlmod.FMLModContainer/LOADING]: Creating FMLModContainer instance for corgitaco.corgilib.forge.CorgiLibForge
[30Dec2025 03:03:46.358] [main/DEBUG] [net.minecraftforge.fml.javafmlmod.FMLJavaModLanguageProvider/LOADING]: Loading FMLModContainer from classloader cpw.mods.modlauncher.TransformingClassLoader@74f4a2ba - got cpw.mods.cl.ModuleClassLoader@6b2e0f78
[30Dec2025 03:03:46.358] [main/DEBUG] [net.minecraftforge.fml.javafmlmod.FMLModContainer/LOADING]: Creating FMLModContainer instance for com.abdelaziz.smoothboot.SmoothBoot
[30Dec2025 03:03:46.358] [main/DEBUG] [net.minecraftforge.fml.javafmlmod.FMLJavaModLanguageProvider/LOADING]: Loading FMLModContainer from classloader cpw.mods.modlauncher.TransformingClassLoader@74f4a2ba - got cpw.mods.cl.ModuleClassLoader@6b2e0f78
[30Dec2025 03:03:46.358] [main/DEBUG] [net.minecraftforge.fml.javafmlmod.FMLModContainer/LOADING]: Creating FMLModContainer instance for com.getdemod.lastofus.LastOfUsMod
[30Dec2025 03:03:46.359] [main/DEBUG] [net.minecraftforge.fml.javafmlmod.FMLJavaModLanguageProvider/LOADING]: Loading FMLModContainer from classloader cpw.mods.modlauncher.TransformingClassLoader@74f4a2ba - got cpw.mods.cl.ModuleClassLoader@6b2e0f78
[30Dec2025 03:03:46.359] [main/DEBUG] [net.minecraftforge.fml.javafmlmod.FMLModContainer/LOADING]: Creating FMLModContainer instance for net.mehvahdjukaar.fastpaintings.forge.FastPaintingsForge
[30Dec2025 03:03:46.359] [main/DEBUG] [net.minecraftforge.fml.javafmlmod.FMLJavaModLanguageProvider/LOADING]: Loading FMLModContainer from classloader cpw.mods.modlauncher.TransformingClassLoader@74f4a2ba - got cpw.mods.cl.ModuleClassLoader@6b2e0f78
[30Dec2025 03:03:46.360] [main/DEBUG] [net.minecraftforge.fml.javafmlmod.FMLModContainer/LOADING]: Creating FMLModContainer instance for com.betterfpsdist.BetterfpsdistMod
[30Dec2025 03:03:46.361] [main/DEBUG] [thedarkcolour.kotlinforforge.LoggerKt/LOADING]: Loading KotlinModContainer from classloader cpw.mods.modlauncher.TransformingClassLoader@74f4a2ba - got cpw.mods.cl.ModuleClassLoader@6b2e0f78}
[30Dec2025 03:03:46.362] [main/DEBUG] [thedarkcolour.kotlinforforge.LoggerKt/LOADING]: Creating KotlinModContainer instance for thedarkcolour.kotlinforforge.test.KotlinForForge
[30Dec2025 03:03:46.364] [main/DEBUG] [net.minecraftforge.fml.javafmlmod.FMLJavaModLanguageProvider/LOADING]: Loading FMLModContainer from classloader cpw.mods.modlauncher.TransformingClassLoader@74f4a2ba - got cpw.mods.cl.ModuleClassLoader@6b2e0f78
[30Dec2025 03:03:46.364] [main/DEBUG] [net.minecraftforge.fml.javafmlmod.FMLModContainer/LOADING]: Creating FMLModContainer instance for net.marblednull.marbledsmelees.MarbledsMelees
[30Dec2025 03:03:46.365] [main/DEBUG] [net.minecraftforge.fml.javafmlmod.FMLJavaModLanguageProvider/LOADING]: Loading FMLModContainer from classloader cpw.mods.modlauncher.TransformingClassLoader@74f4a2ba - got cpw.mods.cl.ModuleClassLoader@6b2e0f78
[30Dec2025 03:03:46.365] [main/DEBUG] [net.minecraftforge.fml.javafmlmod.FMLModContainer/LOADING]: Creating FMLModContainer instance for com.kreezcraft.mobsunscreen.MobSunscreenForge
[30Dec2025 03:03:46.366] [main/DEBUG] [net.minecraftforge.fml.javafmlmod.FMLJavaModLanguageProvider/LOADING]: Loading FMLModContainer from classloader cpw.mods.modlauncher.TransformingClassLoader@74f4a2ba - got cpw.mods.cl.ModuleClassLoader@6b2e0f78
[30Dec2025 03:03:46.366] [main/DEBUG] [net.minecraftforge.fml.javafmlmod.FMLModContainer/LOADING]: Creating FMLModContainer instance for dev.shadowsoffire.fastbench.FastBench
[30Dec2025 03:03:46.366] [main/DEBUG] [net.minecraftforge.fml.javafmlmod.FMLJavaModLanguageProvider/LOADING]: Loading FMLModContainer from classloader cpw.mods.modlauncher.TransformingClassLoader@74f4a2ba - got cpw.mods.cl.ModuleClassLoader@6b2e0f78
[30Dec2025 03:03:46.366] [main/DEBUG] [net.minecraftforge.fml.javafmlmod.FMLModContainer/LOADING]: Creating FMLModContainer instance for com.illusivesoulworks.polymorph.PolymorphForgeMod
[30Dec2025 03:03:46.367] [main/DEBUG] [net.minecraftforge.fml.javafmlmod.FMLJavaModLanguageProvider/LOADING]: Loading FMLModContainer from classloader cpw.mods.modlauncher.TransformingClassLoader@74f4a2ba - got cpw.mods.cl.ModuleClassLoader@6b2e0f78
[30Dec2025 03:03:46.367] [main/DEBUG] [net.minecraftforge.fml.javafmlmod.FMLModContainer/LOADING]: Creating FMLModContainer instance for net.geforcemods.securitycraft.SecurityCraft
[30Dec2025 03:03:46.368] [main/DEBUG] [net.minecraftforge.fml.javafmlmod.FMLJavaModLanguageProvider/LOADING]: Loading FMLModContainer from classloader cpw.mods.modlauncher.TransformingClassLoader@74f4a2ba - got cpw.mods.cl.ModuleClassLoader@6b2e0f78
[30Dec2025 03:03:46.368] [main/DEBUG] [net.minecraftforge.fml.javafmlmod.FMLModContainer/LOADING]: Creating FMLModContainer instance for net.mcreator.betterzombiedrops.BetterZombieDropsMod
[30Dec2025 03:03:46.369] [main/DEBUG] [net.minecraftforge.fml.javafmlmod.FMLJavaModLanguageProvider/LOADING]: Loading FMLModContainer from classloader cpw.mods.modlauncher.TransformingClassLoader@74f4a2ba - got cpw.mods.cl.ModuleClassLoader@6b2e0f78
[30Dec2025 03:03:46.369] [main/DEBUG] [net.minecraftforge.fml.javafmlmod.FMLModContainer/LOADING]: Creating FMLModContainer instance for de.keksuccino.fancymenu.FancyMenuForge
[30Dec2025 03:03:46.370] [main/DEBUG] [net.minecraftforge.fml.javafmlmod.FMLJavaModLanguageProvider/LOADING]: Loading FMLModContainer from classloader cpw.mods.modlauncher.TransformingClassLoader@74f4a2ba - got cpw.mods.cl.ModuleClassLoader@6b2e0f78
[30Dec2025 03:03:46.370] [main/DEBUG] [net.minecraftforge.fml.javafmlmod.FMLModContainer/LOADING]: Creating FMLModContainer instance for net.raphimc.immediatelyfast.forge.ImmediatelyFastForge
[30Dec2025 03:03:46.371] [main/DEBUG] [net.minecraftforge.fml.javafmlmod.FMLJavaModLanguageProvider/LOADING]: Loading FMLModContainer from classloader cpw.mods.modlauncher.TransformingClassLoader@74f4a2ba - got cpw.mods.cl.ModuleClassLoader@6b2e0f78
[30Dec2025 03:03:46.371] [main/DEBUG] [net.minecraftforge.fml.javafmlmod.FMLModContainer/LOADING]: Creating FMLModContainer instance for com.corosus.coroutil.loader.forge.ConfigModForge
[30Dec2025 03:03:46.371] [main/DEBUG] [net.minecraftforge.fml.javafmlmod.FMLJavaModLanguageProvider/LOADING]: Loading FMLModContainer from classloader cpw.mods.modlauncher.TransformingClassLoader@74f4a2ba - got cpw.mods.cl.ModuleClassLoader@6b2e0f78
[30Dec2025 03:03:46.372] [main/DEBUG] [net.minecraftforge.fml.javafmlmod.FMLModContainer/LOADING]: Creating FMLModContainer instance for dev.shadowsoffire.fastfurnace.FastFurnace
[30Dec2025 03:03:46.372] [main/DEBUG] [net.minecraftforge.fml.javafmlmod.FMLJavaModLanguageProvider/LOADING]: Loading FMLModContainer from classloader cpw.mods.modlauncher.TransformingClassLoader@74f4a2ba - got cpw.mods.cl.ModuleClassLoader@6b2e0f78
[30Dec2025 03:03:46.372] [main/DEBUG] [net.minecraftforge.fml.javafmlmod.FMLModContainer/LOADING]: Creating FMLModContainer instance for noobanidus.mods.lootr.Lootr
[30Dec2025 03:03:46.373] [main/DEBUG] [net.minecraftforge.fml.javafmlmod.FMLJavaModLanguageProvider/LOADING]: Loading FMLModContainer from classloader cpw.mods.modlauncher.TransformingClassLoader@74f4a2ba - got cpw.mods.cl.ModuleClassLoader@6b2e0f78
[30Dec2025 03:03:46.373] [main/DEBUG] [net.minecraftforge.fml.javafmlmod.FMLModContainer/LOADING]: Creating FMLModContainer instance for malte0811.ferritecore.ModMainForge
[30Dec2025 03:03:46.374] [main/DEBUG] [net.minecraftforge.fml.javafmlmod.FMLJavaModLanguageProvider/LOADING]: Loading FMLModContainer from classloader cpw.mods.modlauncher.TransformingClassLoader@74f4a2ba - got cpw.mods.cl.ModuleClassLoader@6b2e0f78
[30Dec2025 03:03:46.374] [main/DEBUG] [net.minecraftforge.fml.javafmlmod.FMLModContainer/LOADING]: Creating FMLModContainer instance for fuzs.puzzleslib.impl.PuzzlesLibForge
[30Dec2025 03:03:46.374] [main/DEBUG] [net.minecraftforge.fml.javafmlmod.FMLJavaModLanguageProvider/LOADING]: Loading FMLModContainer from classloader cpw.mods.modlauncher.TransformingClassLoader@74f4a2ba - got cpw.mods.cl.ModuleClassLoader@6b2e0f78
[30Dec2025 03:03:46.375] [main/DEBUG] [net.minecraftforge.fml.javafmlmod.FMLModContainer/LOADING]: Creating FMLModContainer instance for de.keksuccino.justzoom.JustZoomForge
[30Dec2025 03:03:46.375] [main/DEBUG] [net.minecraftforge.fml.javafmlmod.FMLJavaModLanguageProvider/LOADING]: Loading FMLModContainer from classloader cpw.mods.modlauncher.TransformingClassLoader@74f4a2ba - got cpw.mods.cl.ModuleClassLoader@6b2e0f78
[30Dec2025 03:03:46.375] [main/DEBUG] [net.minecraftforge.fml.javafmlmod.FMLModContainer/LOADING]: Creating FMLModContainer instance for com.illusivesoulworks.charmofundying.CharmOfUndyingForgeMod
[30Dec2025 03:03:46.376] [main/DEBUG] [net.minecraftforge.fml.javafmlmod.FMLJavaModLanguageProvider/LOADING]: Loading FMLModContainer from classloader cpw.mods.modlauncher.TransformingClassLoader@74f4a2ba - got cpw.mods.cl.ModuleClassLoader@6b2e0f78
[30Dec2025 03:03:46.376] [main/DEBUG] [net.minecraftforge.fml.javafmlmod.FMLModContainer/LOADING]: Creating FMLModContainer instance for dev.tonimatas.packetfixer.PacketFixerForge
[30Dec2025 03:03:46.377] [main/DEBUG] [net.minecraftforge.fml.javafmlmod.FMLJavaModLanguageProvider/LOADING]: Loading FMLModContainer from classloader cpw.mods.modlauncher.TransformingClassLoader@74f4a2ba - got cpw.mods.cl.ModuleClassLoader@6b2e0f78
[30Dec2025 03:03:46.377] [main/DEBUG] [net.minecraftforge.fml.javafmlmod.FMLModContainer/LOADING]: Creating FMLModContainer instance for net.darkhax.openloader.OpenLoaderForge
[30Dec2025 03:03:46.389] [modloading-worker-0/WARN] [auudio/Auudio/]: WARNING: Auudio is a client mod and has no effect when loaded on a server!
[30Dec2025 03:03:46.391] [modloading-worker-0/DEBUG] [net.minecraftforge.fml.javafmlmod.AutomaticEventSubscriber/LOADING]: Attempting to inject @EventBusSubscriber classes into the eventbus for auudio
[30Dec2025 03:03:46.395] [modloading-worker-0/DEBUG] [net.minecraftforge.fml.javafmlmod.AutomaticEventSubscriber/LOADING]: Attempting to inject @EventBusSubscriber classes into the eventbus for playeranimator
[30Dec2025 03:03:46.401] [modloading-worker-0/DEBUG] [net.minecraftforge.fml.javafmlmod.AutomaticEventSubscriber/LOADING]: Attempting to inject @EventBusSubscriber classes into the eventbus for almanac
[30Dec2025 03:03:46.411] [modloading-worker-0/DEBUG] [net.minecraftforge.fml.javafmlmod.AutomaticEventSubscriber/LOADING]: Attempting to inject @EventBusSubscriber classes into the eventbus for geckolib
[30Dec2025 03:03:46.411] [modloading-worker-0/DEBUG] [net.minecraftforge.fml.javafmlmod.AutomaticEventSubscriber/LOADING]: Auto-subscribing software.bernie.example.GeckoLibMod to FORGE
[30Dec2025 03:03:46.412] [modloading-worker-0/DEBUG] [net.minecraftforge.fml.javafmlmod.AutomaticEventSubscriber/LOADING]: Attempting to inject @EventBusSubscriber classes into the eventbus for incontrol
[30Dec2025 03:03:46.412] [modloading-worker-0/DEBUG] [net.minecraftforge.fml.javafmlmod.AutomaticEventSubscriber/LOADING]: Auto-subscribing software.bernie.example.CommonListener to MOD
[30Dec2025 03:03:46.414] [modloading-worker-0/DEBUG] [net.minecraftforge.fml.javafmlmod.AutomaticEventSubscriber/LOADING]: Attempting to inject @EventBusSubscriber classes into the eventbus for controlling
[30Dec2025 03:03:46.421] [modloading-worker-0/DEBUG] [net.minecraftforge.fml.javafmlmod.AutomaticEventSubscriber/LOADING]: Attempting to inject @EventBusSubscriber classes into the eventbus for configurableextramobdrops
[30Dec2025 03:03:46.424] [modloading-worker-0/DEBUG] [net.minecraftforge.fml.javafmlmod.AutomaticEventSubscriber/LOADING]: Auto-subscribing com.natamus.configurableextramobdrops.forge.events.ForgeMobDropEvent to FORGE
[30Dec2025 03:03:46.430] [modloading-worker-0/DEBUG] [net.minecraftforge.fml.javafmlmod.AutomaticEventSubscriber/LOADING]: Attempting to inject @EventBusSubscriber classes into the eventbus for mixinextras
[30Dec2025 03:03:46.439] [modloading-worker-0/DEBUG] [net.minecraftforge.fml.javafmlmod.AutomaticEventSubscriber/LOADING]: Attempting to inject @EventBusSubscriber classes into the eventbus for placebo
[30Dec2025 03:03:46.439] [modloading-worker-0/DEBUG] [net.minecraftforge.fml.javafmlmod.AutomaticEventSubscriber/LOADING]: Auto-subscribing dev.shadowsoffire.placebo.util.PlaceboTaskQueue to FORGE
[30Dec2025 03:03:46.443] [modloading-worker-0/INFO] [insane96mcp.insanelib.InsaneLib/]: Found (COMMON) InsaneLib Feature class insane96mcp.insanelib.module.base.TagsFeature
[30Dec2025 03:03:46.454] [modloading-worker-0/DEBUG] [Bookshelf/]: Loaded net.darkhax.bookshelf.impl.util.PlatformHelperForge@1c2eb8ce for service interface net.darkhax.bookshelf.api.util.IPlatformHelper.
[30Dec2025 03:03:46.466] [modloading-worker-0/DEBUG] [Bookshelf/]: Loaded net.darkhax.bookshelf.impl.event.EventHelperForge@ab40159 for service interface net.darkhax.bookshelf.api.event.IEventHelper.
[30Dec2025 03:03:46.477] [modloading-worker-0/DEBUG] [Bookshelf/]: Loaded net.darkhax.bookshelf.impl.registry.ContentLoaderForge@58ff9dd7 for service interface net.darkhax.bookshelf.api.registry.IContentLoader.
[30Dec2025 03:03:46.479] [modloading-worker-0/DEBUG] [Bookshelf/]: Loaded net.darkhax.bookshelf.impl.data.TagHelperForge@4ceab52f for service interface net.darkhax.bookshelf.api.data.ITagHelper.
[30Dec2025 03:03:46.484] [modloading-worker-0/INFO] [insane96mcp.insanelib.InsaneLib/]: Found (COMMON) InsaneLib Feature class insane96mcp.insanelib.module.base.FixFeature
[30Dec2025 03:03:46.489] [modloading-worker-0/DEBUG] [Bookshelf/]: Loaded net.darkhax.bookshelf.impl.util.InventoryHelperForge@69a39c76 for service interface net.darkhax.bookshelf.api.util.IInventoryHelper.
[30Dec2025 03:03:46.490] [modloading-worker-0/DEBUG] [Bookshelf/]: Loaded net.darkhax.bookshelf.impl.util.ConstructHelperForge@280104e1 for service interface net.darkhax.bookshelf.api.util.IConstructHelper.
[30Dec2025 03:03:46.491] [modloading-worker-0/INFO] [insane96mcp.insanelib.InsaneLib/]: Found (COMMON) InsaneLib Feature class insane96mcp.insanelib.module.base.BaseFeature
[30Dec2025 03:03:46.494] [modloading-worker-0/INFO] [insane96mcp.insanelib.InsaneLib/]: Found (COMMON) InsaneLib Feature class insane96mcp.insanelib.module.base.AEC3DFeature
[30Dec2025 03:03:46.504] [modloading-worker-0/DEBUG] [net.minecraftforge.fml.config.ConfigTracker/CONFIG]: Config file citadel-common.toml for citadel tracking
[30Dec2025 03:03:46.510] [modloading-worker-0/DEBUG] [net.minecraftforge.fml.config.ConfigTracker/CONFIG]: Config file insanelib-common.toml for insanelib tracking
[30Dec2025 03:03:46.513] [modloading-worker-0/DEBUG] [net.minecraftforge.fml.javafmlmod.AutomaticEventSubscriber/LOADING]: Attempting to inject @EventBusSubscriber classes into the eventbus for citadel
[30Dec2025 03:03:46.514] [modloading-worker-0/DEBUG] [net.minecraftforge.fml.javafmlmod.AutomaticEventSubscriber/LOADING]: Auto-subscribing com.github.alexthe666.citadel.ServerProxy to MOD
[30Dec2025 03:03:46.515] [modloading-worker-0/DEBUG] [mixin/]: Mixing ServerResourcesMixin from placebo.mixins.json into net.minecraft.server.ReloadableServerResources
[30Dec2025 03:03:46.516] [modloading-worker-0/DEBUG] [mixin/]: Mixing ReloadableServerResourcesMixin from kubejs-common.mixins.json into net.minecraft.server.ReloadableServerResources
[30Dec2025 03:03:46.526] [modloading-worker-0/DEBUG] [net.minecraftforge.fml.javafmlmod.AutomaticEventSubscriber/LOADING]: Attempting to inject @EventBusSubscriber classes into the eventbus for insanelib
[30Dec2025 03:03:46.529] [modloading-worker-0/DEBUG] [net.minecraftforge.fml.javafmlmod.AutomaticEventSubscriber/LOADING]: Auto-subscribing insane96mcp.insanelib.world.scheduled.ScheduledTasks to FORGE
[30Dec2025 03:03:46.530] [modloading-worker-0/DEBUG] [net.minecraftforge.fml.javafmlmod.AutomaticEventSubscriber/LOADING]: Auto-subscribing insane96mcp.insanelib.setup.Config to MOD
[30Dec2025 03:03:46.522] [modloading-worker-0/INFO] [de.keksuccino.melody.Melody/]: [MELODY] Disabling Melody since it's loaded server-side.
[30Dec2025 03:03:46.531] [modloading-worker-0/DEBUG] [net.minecraftforge.fml.javafmlmod.AutomaticEventSubscriber/LOADING]: Attempting to inject @EventBusSubscriber classes into the eventbus for melody
[30Dec2025 03:03:46.534] [modloading-worker-0/DEBUG] [net.minecraftforge.fml.javafmlmod.AutomaticEventSubscriber/LOADING]: Attempting to inject @EventBusSubscriber classes into the eventbus for cloth_config
[30Dec2025 03:03:46.536] [modloading-worker-0/INFO] [Bookshelf/]: Fixing MC-151457. Crafting remainder for minecraft:pufferfish_bucket is now minecraft:bucket.
[30Dec2025 03:03:46.537] [modloading-worker-0/INFO] [Bookshelf/]: Fixing MC-151457. Crafting remainder for minecraft:salmon_bucket is now minecraft:bucket.
[30Dec2025 03:03:46.537] [modloading-worker-0/INFO] [Bookshelf/]: Fixing MC-151457. Crafting remainder for minecraft:cod_bucket is now minecraft:bucket.
[30Dec2025 03:03:46.537] [modloading-worker-0/INFO] [Bookshelf/]: Fixing MC-151457. Crafting remainder for minecraft:tropical_fish_bucket is now minecraft:bucket.
[30Dec2025 03:03:46.538] [modloading-worker-0/INFO] [Bookshelf/]: Fixing MC-151457. Crafting remainder for minecraft:axolotl_bucket is now minecraft:bucket.
[30Dec2025 03:03:46.539] [modloading-worker-0/INFO] [Bookshelf/]: Fixing MC-151457. Crafting remainder for minecraft:powder_snow_bucket is now minecraft:bucket.
[30Dec2025 03:03:46.539] [modloading-worker-0/INFO] [Bookshelf/]: Fixing MC-151457. Crafting remainder for minecraft:tadpole_bucket is now minecraft:bucket.
[30Dec2025 03:03:46.536] [modloading-worker-0/INFO] [de.keksuccino.konkrete.Konkrete/]: [KONKRETE] Successfully initialized!
[30Dec2025 03:03:46.543] [modloading-worker-0/INFO] [de.keksuccino.konkrete.Konkrete/]: [KONKRETE] Server-side libs ready to use!
[30Dec2025 03:03:46.543] [modloading-worker-0/DEBUG] [net.minecraftforge.fml.javafmlmod.AutomaticEventSubscriber/LOADING]: Attempting to inject @EventBusSubscriber classes into the eventbus for konkrete
[30Dec2025 03:03:46.546] [modloading-worker-0/DEBUG] [net.minecraftforge.fml.config.ConfigTracker/CONFIG]: Config file jeresources-common.toml for jeresources tracking
[30Dec2025 03:03:46.549] [modloading-worker-0/DEBUG] [net.minecraftforge.fml.javafmlmod.AutomaticEventSubscriber/LOADING]: Attempting to inject @EventBusSubscriber classes into the eventbus for bookshelf
[30Dec2025 03:03:46.549] [modloading-worker-0/DEBUG] [net.minecraftforge.fml.javafmlmod.AutomaticEventSubscriber/LOADING]: Auto-subscribing net.darkhax.bookshelf.impl.gametest.BookshelfForgeGameTests to MOD
[30Dec2025 03:03:46.551] [modloading-worker-0/DEBUG] [net.minecraftforge.fml.javafmlmod.AutomaticEventSubscriber/LOADING]: Attempting to inject @EventBusSubscriber classes into the eventbus for rubidium
[30Dec2025 03:03:46.553] [modloading-worker-0/DEBUG] [net.minecraftforge.fml.javafmlmod.AutomaticEventSubscriber/LOADING]: Attempting to inject @EventBusSubscriber classes into the eventbus for athena
[30Dec2025 03:03:46.554] [modloading-worker-0/DEBUG] [jeresources/]: Loaded jeresources.forge.ForgePlatformHelper@395ed0c4 for service interface jeresources.platform.IPlatformHelper
[30Dec2025 03:03:46.554] [modloading-worker-0/DEBUG] [jeresources/]: Loading config file /workspaces/creacion1/servidor_minecraft/config/jeresources.toml
[30Dec2025 03:03:46.555] [modloading-worker-0/DEBUG] [jeresources/]: Built TOML config for /workspaces/creacion1/servidor_minecraft/config/jeresources.toml
[30Dec2025 03:03:46.555] [modloading-worker-0/DEBUG] [jeresources/]: Loaded TOML config file /workspaces/creacion1/servidor_minecraft/config/jeresources.toml
[30Dec2025 03:03:46.559] [modloading-worker-0/DEBUG] [net.minecraftforge.fml.javafmlmod.AutomaticEventSubscriber/LOADING]: Attempting to inject @EventBusSubscriber classes into the eventbus for embeddium
[30Dec2025 03:03:46.560] [modloading-worker-0/DEBUG] [info.u_team.u_team_core.util.verify.JarSignVerifier/]: Took 89.31 ms to check if mod uteamcore is signed.
[30Dec2025 03:03:46.560] [modloading-worker-0/INFO] [info.u_team.u_team_core.util.verify.JarSignVerifier/]: Mod uteamcore is signed with a valid certificate.
[30Dec2025 03:03:46.567] [modloading-worker-0/DEBUG] [info.u_team.u_team_core.UCoreReference/]: Loaded service info.u_team.u_team_core.impl.ForgeAnnotationScanner@1e8e8798 for class interface info.u_team.u_team_core.util.annotation.AnnotationUtil$AnnotationScanner
[30Dec2025 03:03:46.569] [modloading-worker-0/DEBUG] [net.minecraftforge.fml.config.ConfigTracker/CONFIG]: Config file structure_gel-common.toml for structure_gel tracking
[30Dec2025 03:03:46.575] [modloading-worker-0/DEBUG] [net.minecraftforge.fml.config.ConfigTracker/CONFIG]: Config file corpse-server.toml for corpse tracking
[30Dec2025 03:03:46.576] [modloading-worker-0/DEBUG] [net.minecraftforge.fml.javafmlmod.AutomaticEventSubscriber/LOADING]: Attempting to inject @EventBusSubscriber classes into the eventbus for corpse
[30Dec2025 03:03:46.576] [modloading-worker-0/DEBUG] [net.minecraftforge.fml.javafmlmod.AutomaticEventSubscriber/LOADING]: Auto-subscribing de.maxhenkel.corpse.Main to FORGE
[30Dec2025 03:03:46.577] [modloading-worker-0/DEBUG] [info.u_team.u_team_core.UCoreReference/]: Loaded service info.u_team.u_team_core.impl.ForgePlatform@41bba0f5 for class interface info.u_team.u_team_core.api.Platform
[30Dec2025 03:03:46.579] [modloading-worker-0/DEBUG] [info.u_team.u_team_core.util.annotation.AnnotationManager/Construct]: Load construct (info.u_team.u_team_core.intern.init.UCoreCommonConstruct) for mod uteamcore
[30Dec2025 03:03:46.585] [modloading-worker-0/DEBUG] [info.u_team.u_team_core.UCoreReference/]: Loaded service info.u_team.u_team_core.impl.ForgeCommonRegister$Factory@d3960a2 for class interface info.u_team.u_team_core.api.registry.CommonRegister$Factory
[30Dec2025 03:03:46.597] [modloading-worker-0/DEBUG] [net.minecraftforge.fml.javafmlmod.AutomaticEventSubscriber/LOADING]: Attempting to inject @EventBusSubscriber classes into the eventbus for jeresources
[30Dec2025 03:03:46.601] [modloading-worker-0/DEBUG] [info.u_team.u_team_core.UCoreReference/]: Loaded service info.u_team.u_team_core.impl.ForgeCommandRegister$Factory@21b4ed90 for class interface info.u_team.u_team_core.api.registry.CommandRegister$Factory
[30Dec2025 03:03:46.602] [modloading-worker-0/DEBUG] [org.groovymc.gml.GModContainer/]: Loading mod class org.groovymc.gml.mod.GMLMod for gml
[30Dec2025 03:03:46.616] [modloading-worker-0/DEBUG] [net.minecraftforge.fml.javafmlmod.AutomaticEventSubscriber/LOADING]: Attempting to inject @EventBusSubscriber classes into the eventbus for tenshilib
[30Dec2025 03:03:46.617] [modloading-worker-0/INFO] [gml/]: Initialised GML mod. Version: 4.0.9
[30Dec2025 03:03:46.618] [modloading-worker-0/DEBUG] [org.groovymc.gml.GModContainer/]: Successfully loaded mod gml
[30Dec2025 03:03:46.618] [modloading-worker-0/DEBUG] [org.groovymc.gml.GModContainer/]: Registering EventBusSubscribers for mod gml
[30Dec2025 03:03:46.621] [modloading-worker-0/DEBUG] [info.u_team.u_team_core.UCoreReference/]: Loaded service info.u_team.u_team_core.impl.ForgeNetworkHandler$Factory@305af4f7 for class interface info.u_team.u_team_core.api.network.NetworkHandler$Factory
[30Dec2025 03:03:46.627] [modloading-worker-0/DEBUG] [info.u_team.u_team_core.util.annotation.AnnotationManager/Construct]: Load construct (info.u_team.u_team_core.intern.init.UCoreForgeCommonConstruct) for mod uteamcore
[30Dec2025 03:03:46.628] [modloading-worker-0/DEBUG] [org.groovymc.gml.GModContainer/]: Registered EventBusSubscribers for mod gml
[30Dec2025 03:03:46.633] [modloading-worker-0/DEBUG] [net.minecraftforge.fml.javafmlmod.AutomaticEventSubscriber/LOADING]: Attempting to inject @EventBusSubscriber classes into the eventbus for uteamcore
[30Dec2025 03:03:46.633] [modloading-worker-0/DEBUG] [net.minecraftforge.fml.javafmlmod.AutomaticEventSubscriber/LOADING]: Auto-subscribing info.u_team.u_team_core.intern.data.UCoreDataGenerator to MOD
[30Dec2025 03:03:46.639] [modloading-worker-0/DEBUG] [net.minecraftforge.fml.config.ConfigTracker/CONFIG]: Config file dimension_access_manager-server.toml for dimension_access_manager tracking
[30Dec2025 03:03:46.643] [modloading-worker-0/DEBUG] [net.minecraftforge.fml.javafmlmod.AutomaticEventSubscriber/LOADING]: Attempting to inject @EventBusSubscriber classes into the eventbus for overworld_netherite_ore
[30Dec2025 03:03:46.644] [modloading-worker-0/DEBUG] [net.minecraftforge.fml.javafmlmod.AutomaticEventSubscriber/LOADING]: Auto-subscribing net.mcreator.overworldnetheriteore.init.OverworldNetheriteOreModTrades to FORGE
[30Dec2025 03:03:46.659] [modloading-worker-0/DEBUG] [net.minecraftforge.fml.config.ConfigTracker/CONFIG]: Config file patchouli-client.toml for patchouli tracking
[30Dec2025 03:03:46.661] [modloading-worker-0/DEBUG] [net.minecraftforge.fml.config.ConfigTracker/CONFIG]: Config file curios-client.toml for curios tracking
[30Dec2025 03:03:46.662] [modloading-worker-0/DEBUG] [net.minecraftforge.fml.javafmlmod.AutomaticEventSubscriber/LOADING]: Attempting to inject @EventBusSubscriber classes into the eventbus for patchouli
[30Dec2025 03:03:46.663] [modloading-worker-0/DEBUG] [net.minecraftforge.fml.javafmlmod.AutomaticEventSubscriber/LOADING]: Auto-subscribing vazkii.patchouli.forge.common.ForgeModInitializer to MOD
[30Dec2025 03:03:46.684] [modloading-worker-0/DEBUG] [net.minecraftforge.fml.javafmlmod.AutomaticEventSubscriber/LOADING]: Attempting to inject @EventBusSubscriber classes into the eventbus for itemblacklist
[30Dec2025 03:03:46.685] [modloading-worker-0/DEBUG] [net.minecraftforge.fml.config.ConfigTracker/CONFIG]: Config file curios-common.toml for curios tracking
[30Dec2025 03:03:46.688] [modloading-worker-0/DEBUG] [net.minecraftforge.fml.config.ConfigTracker/CONFIG]: Config file curios-server.toml for curios tracking
[30Dec2025 03:03:46.688] [modloading-worker-0/DEBUG] [net.minecraftforge.fml.javafmlmod.AutomaticEventSubscriber/LOADING]: Attempting to inject @EventBusSubscriber classes into the eventbus for curios
[30Dec2025 03:03:46.688] [modloading-worker-0/DEBUG] [org.groovymc.gml.GModContainer/]: Loading mod class org.groovymc.cgl.impl.forge.CGLForge for commongroovylibrary
[30Dec2025 03:03:46.688] [modloading-worker-0/DEBUG] [org.groovymc.gml.GModContainer/]: Successfully loaded mod commongroovylibrary
[30Dec2025 03:03:46.688] [modloading-worker-0/DEBUG] [org.groovymc.gml.GModContainer/]: Registering EventBusSubscribers for mod commongroovylibrary
[30Dec2025 03:03:46.702] [modloading-worker-0/DEBUG] [net.minecraftforge.fml.javafmlmod.AutomaticEventSubscriber/LOADING]: Attempting to inject @EventBusSubscriber classes into the eventbus for structure_gel
[30Dec2025 03:03:46.702] [modloading-worker-0/DEBUG] [net.minecraftforge.fml.javafmlmod.AutomaticEventSubscriber/LOADING]: Auto-subscribing com.legacy.structure_gel.core.events.SGCommonEvents$ModBus to MOD
[30Dec2025 03:03:46.704] [modloading-worker-0/DEBUG] [net.minecraftforge.coremod.transformer.CoreModBaseTransformer/COREMOD]: Transforming net/minecraft/data/DataProvider
[30Dec2025 03:03:46.702] [modloading-worker-0/INFO] [Collective/]: Loading Collective version 7.87.
[30Dec2025 03:03:46.709] [modloading-worker-0/DEBUG] [org.groovymc.gml.GModContainer/]: Registered EventBusSubscribers for mod commongroovylibrary
[30Dec2025 03:03:46.717] [modloading-worker-0/DEBUG] [net.minecraftforge.fml.javafmlmod.AutomaticEventSubscriber/LOADING]: Attempting to inject @EventBusSubscriber classes into the eventbus for searchables
[30Dec2025 03:03:46.718] [modloading-worker-0/INFO] [noisium/]: Loading Noisium.
[30Dec2025 03:03:46.718] [modloading-worker-0/DEBUG] [net.minecraftforge.fml.javafmlmod.AutomaticEventSubscriber/LOADING]: Attempting to inject @EventBusSubscriber classes into the eventbus for noisium
[30Dec2025 03:03:46.712] [modloading-worker-0/DEBUG] [net.minecraftforge.fml.javafmlmod.AutomaticEventSubscriber/LOADING]: Attempting to inject @EventBusSubscriber classes into the eventbus for dimension_access_manager
[30Dec2025 03:03:46.734] [modloading-worker-0/DEBUG] [net.minecraftforge.fml.javafmlmod.AutomaticEventSubscriber/LOADING]: Auto-subscribing com.legacy.structure_gel.core.events.SGCommonEvents$ForgeBus to FORGE
[30Dec2025 03:03:46.741] [modloading-worker-0/DEBUG] [net.minecraftforge.fml.ModLoadingContext/]: Attempted to register an empty config for type CLIENT on mod lostcities using file name lostcities/client.toml
[30Dec2025 03:03:46.741] [modloading-worker-0/DEBUG] [net.minecraftforge.fml.config.ConfigTracker/CONFIG]: Config file lostcities/common.toml for lostcities tracking
[30Dec2025 03:03:46.741] [modloading-worker-0/DEBUG] [net.minecraftforge.fml.config.ConfigTracker/CONFIG]: Config file lostcities-server.toml for lostcities tracking
[30Dec2025 03:03:46.742] [modloading-worker-0/DEBUG] [net.minecraftforge.fml.javafmlmod.AutomaticEventSubscriber/LOADING]: Attempting to inject @EventBusSubscriber classes into the eventbus for lostcities
[30Dec2025 03:03:46.742] [modloading-worker-0/DEBUG] [net.minecraftforge.fml.javafmlmod.AutomaticEventSubscriber/LOADING]: Auto-subscribing mcjty.lostcities.datagen.DataGenerators to MOD
[30Dec2025 03:03:46.746] [modloading-worker-0/DEBUG] [net.minecraftforge.fml.javafmlmod.AutomaticEventSubscriber/LOADING]: Auto-subscribing mcjty.lostcities.LostCities to MOD
[30Dec2025 03:03:46.747] [modloading-worker-0/INFO] [pointblank/]: Loading mod pointblank
[30Dec2025 03:03:46.750] [modloading-worker-0/DEBUG] [net.minecraftforge.fml.javafmlmod.AutomaticEventSubscriber/LOADING]: Attempting to inject @EventBusSubscriber classes into the eventbus for atlaslib
[30Dec2025 03:03:46.750] [modloading-worker-0/DEBUG] [net.minecraftforge.fml.javafmlmod.AutomaticEventSubscriber/LOADING]: Auto-subscribing net.smileycorp.atlas.common.AtlasLib to MOD
[30Dec2025 03:03:46.755] [modloading-worker-0/DEBUG] [net.minecraftforge.fml.javafmlmod.AutomaticEventSubscriber/LOADING]: Attempting to inject @EventBusSubscriber classes into the eventbus for resourcefullib
[30Dec2025 03:03:46.768] [modloading-worker-0/DEBUG] [net.minecraftforge.fml.config.ConfigTracker/CONFIG]: Config file pointblank-common.toml for pointblank tracking
[30Dec2025 03:03:46.770] [modloading-worker-0/DEBUG] [net.minecraftforge.fml.config.ConfigTracker/CONFIG]: Config file scaling_mobs/main.toml for scalingmobs tracking
[30Dec2025 03:03:46.771] [modloading-worker-0/DEBUG] [net.minecraftforge.fml.javafmlmod.AutomaticEventSubscriber/LOADING]: Attempting to inject @EventBusSubscriber classes into the eventbus for scalingmobs
[30Dec2025 03:03:46.771] [modloading-worker-0/DEBUG] [net.minecraftforge.fml.javafmlmod.AutomaticEventSubscriber/LOADING]: Auto-subscribing com.momosoftworks.scalingmobs.events.MonsterEvents to FORGE
[30Dec2025 03:03:46.796] [modloading-worker-0/DEBUG] [net.minecraftforge.fml.javafmlmod.AutomaticEventSubscriber/LOADING]: Attempting to inject @EventBusSubscriber classes into the eventbus for starterkit
[30Dec2025 03:03:46.796] [modloading-worker-0/DEBUG] [net.minecraftforge.fml.javafmlmod.AutomaticEventSubscriber/LOADING]: Auto-subscribing com.natamus.starterkit.forge.events.ForgeStarterServerEvents to FORGE
[30Dec2025 03:03:46.797] [modloading-worker-0/DEBUG] [net.minecraftforge.fml.javafmlmod.AutomaticEventSubscriber/LOADING]: Attempting to inject @EventBusSubscriber classes into the eventbus for collective
[30Dec2025 03:03:46.797] [modloading-worker-0/DEBUG] [net.minecraftforge.fml.javafmlmod.AutomaticEventSubscriber/LOADING]: Auto-subscribing com.natamus.collective.forge.events.RegisterCollectiveForgeEvents to FORGE
[30Dec2025 03:03:46.817] [modloading-worker-0/DEBUG] [mixin/]: Mixing MixinLevelEvent from architectury.mixins.json into net.minecraftforge.event.level.LevelEvent
[30Dec2025 03:03:46.821] [modloading-worker-0/DEBUG] [net.minecraftforge.fml.javafmlmod.AutomaticEventSubscriber/LOADING]: Attempting to inject @EventBusSubscriber classes into the eventbus for nerb
[30Dec2025 03:03:46.825] [modloading-worker-0/INFO] [dev.architectury.networking.forge.NetworkManagerImpl/]: Registering C2S receiver with id architectury:sync_ids
[30Dec2025 03:03:46.828] [modloading-worker-0/INFO] [dev.architectury.networking.forge.NetworkManagerImpl/]: Registering C2S receiver with id pandalib:config_sync
[30Dec2025 03:03:46.829] [modloading-worker-0/DEBUG] [mixin/]: Mixing DelegatingPackResourcesAccessor from creativecore.forge.mixins.json into net.minecraftforge.resource.DelegatingPackResources
[30Dec2025 03:03:46.829] [modloading-worker-0/DEBUG] [net.minecraftforge.fml.javafmlmod.AutomaticEventSubscriber/LOADING]: Attempting to inject @EventBusSubscriber classes into the eventbus for pandalib
[30Dec2025 03:03:46.841] [modloading-worker-0/DEBUG] [net.minecraftforge.fml.javafmlmod.AutomaticEventSubscriber/LOADING]: Attempting to inject @EventBusSubscriber classes into the eventbus for firstjoinmessage
[30Dec2025 03:03:46.841] [modloading-worker-0/DEBUG] [net.minecraftforge.fml.javafmlmod.AutomaticEventSubscriber/LOADING]: Auto-subscribing com.natamus.firstjoinmessage.forge.events.ForgeFirstSpawnEvent to FORGE
[30Dec2025 03:03:46.842] [modloading-worker-0/INFO] [com.cupboard.Cupboard/]: Loaded config for: cupboard.json
[30Dec2025 03:03:46.842] [modloading-worker-0/DEBUG] [net.minecraftforge.fml.javafmlmod.AutomaticEventSubscriber/LOADING]: Attempting to inject @EventBusSubscriber classes into the eventbus for dynamic_fps
[30Dec2025 03:03:46.844] [modloading-worker-0/DEBUG] [net.minecraftforge.fml.javafmlmod.AutomaticEventSubscriber/LOADING]: Attempting to inject @EventBusSubscriber classes into the eventbus for cupboard
[30Dec2025 03:03:46.860] [modloading-worker-0/DEBUG] [Framework/]: Loaded com.mrcrayfish.framework.platform.ForgePlatformHelper@256ccbb7 for service interface com.mrcrayfish.framework.platform.services.IPlatformHelper
[30Dec2025 03:03:46.861] [modloading-worker-0/DEBUG] [Framework/]: Loaded com.mrcrayfish.framework.platform.ForgeNetworkHelper@32785d67 for service interface com.mrcrayfish.framework.platform.services.INetworkHelper
[30Dec2025 03:03:46.865] [modloading-worker-0/DEBUG] [Framework/]: Loaded com.mrcrayfish.framework.platform.ForgeRegistrationHelper@508518e0 for service interface com.mrcrayfish.framework.platform.services.IRegistrationHelper
[30Dec2025 03:03:46.866] [modloading-worker-0/DEBUG] [Framework/]: Loaded com.mrcrayfish.framework.platform.ForgeEntityHelper@21ff778 for service interface com.mrcrayfish.framework.platform.services.IEntityHelper
[30Dec2025 03:03:46.864] [modloading-worker-0/INFO] [unilib/]: Disabling UniLib, as it is client side only.
[30Dec2025 03:03:46.867] [modloading-worker-0/DEBUG] [net.minecraftforge.fml.javafmlmod.AutomaticEventSubscriber/LOADING]: Attempting to inject @EventBusSubscriber classes into the eventbus for unilib
[30Dec2025 03:03:46.867] [modloading-worker-0/DEBUG] [Framework/]: Loaded com.mrcrayfish.framework.platform.ForgeItemHelper@7678f38e for service interface com.mrcrayfish.framework.platform.services.IItemHelper
[30Dec2025 03:03:46.874] [modloading-worker-0/DEBUG] [Framework/]: Loaded com.mrcrayfish.framework.platform.ForgeConfigHelper@3ee0a2ca for service interface com.mrcrayfish.framework.platform.services.IConfigHelper
[30Dec2025 03:03:46.876] [modloading-worker-0/DEBUG] [net.minecraftforge.fml.javafmlmod.AutomaticEventSubscriber/LOADING]: Attempting to inject @EventBusSubscriber classes into the eventbus for letmedespawn
[30Dec2025 03:03:46.876] [modloading-worker-0/DEBUG] [net.minecraftforge.fml.javafmlmod.AutomaticEventSubscriber/LOADING]: Attempting to inject @EventBusSubscriber classes into the eventbus for no_ruined_nether_portals
[30Dec2025 03:03:46.877] [modloading-worker-0/DEBUG] [net.minecraftforge.fml.javafmlmod.AutomaticEventSubscriber/LOADING]: Attempting to inject @EventBusSubscriber classes into the eventbus for rhino
[30Dec2025 03:03:46.878] [modloading-worker-0/DEBUG] [net.minecraftforge.fml.javafmlmod.AutomaticEventSubscriber/LOADING]: Attempting to inject @EventBusSubscriber classes into the eventbus for fastload
[30Dec2025 03:03:46.882] [modloading-worker-0/DEBUG] [mixin/]: Mixing accessor.LootTableForgeAccessor from puzzleslib.forge.mixins.json into net.minecraft.world.level.storage.loot.LootTable
[30Dec2025 03:03:46.889] [modloading-worker-0/DEBUG] [net.minecraftforge.fml.javafmlmod.AutomaticEventSubscriber/LOADING]: Attempting to inject @EventBusSubscriber classes into the eventbus for mutantmonsters
[30Dec2025 03:03:46.889] [modloading-worker-0/DEBUG] [net.minecraftforge.fml.javafmlmod.AutomaticEventSubscriber/LOADING]: Auto-subscribing fuzs.mutantmonsters.MutantMonstersForge to MOD
[30Dec2025 03:03:46.917] [modloading-worker-0/DEBUG] [net.minecraftforge.fml.javafmlmod.AutomaticEventSubscriber/LOADING]: Attempting to inject @EventBusSubscriber classes into the eventbus for architectury
[30Dec2025 03:03:46.922] [modloading-worker-0/DEBUG] [net.minecraftforge.fml.javafmlmod.AutomaticEventSubscriber/LOADING]: Auto-subscribing dev.architectury.registry.level.entity.trade.forge.TradeRegistryImpl to FORGE
[30Dec2025 03:03:46.938] [modloading-worker-0/DEBUG] [net.minecraftforge.fml.javafmlmod.AutomaticEventSubscriber/LOADING]: Auto-subscribing dev.architectury.registry.forge.ReloadListenerRegistryImpl to FORGE
[30Dec2025 03:03:46.938] [modloading-worker-0/DEBUG] [net.minecraftforge.fml.javafmlmod.AutomaticEventSubscriber/LOADING]: Auto-subscribing dev.architectury.networking.forge.NetworkManagerImpl to FORGE
[30Dec2025 03:03:46.962] [modloading-worker-0/DEBUG] [net.minecraftforge.fml.javafmlmod.AutomaticEventSubscriber/LOADING]: Attempting to inject @EventBusSubscriber classes into the eventbus for framework
[30Dec2025 03:03:46.963] [modloading-worker-0/DEBUG] [net.minecraftforge.fml.javafmlmod.AutomaticEventSubscriber/LOADING]: Auto-subscribing com.mrcrayfish.framework.entity.sync.ForgeSyncedEntityDataHandler to FORGE
[30Dec2025 03:03:46.963] [modloading-worker-0/DEBUG] [net.minecraftforge.fml.javafmlmod.AutomaticEventSubscriber/LOADING]: Attempting to inject @EventBusSubscriber classes into the eventbus for nonetherportal
[30Dec2025 03:03:46.963] [modloading-worker-0/DEBUG] [net.minecraftforge.fml.javafmlmod.AutomaticEventSubscriber/LOADING]: Auto-subscribing com.cwelth.nonetherportal.NoNetherPortal$RegistryEvents to FORGE
[30Dec2025 03:03:46.964] [modloading-worker-0/INFO] [Puzzles Lib/]: Constructing common components for mutantmonsters:main
[30Dec2025 03:03:46.979] [modloading-worker-0/DEBUG] [net.minecraftforge.fml.javafmlmod.AutomaticEventSubscriber/LOADING]: Attempting to inject @EventBusSubscriber classes into the eventbus for octolib
[30Dec2025 03:03:46.979] [modloading-worker-0/DEBUG] [net.minecraftforge.fml.javafmlmod.AutomaticEventSubscriber/LOADING]: Attempting to inject @EventBusSubscriber classes into the eventbus for fastboot
[30Dec2025 03:03:46.981] [modloading-worker-0/DEBUG] [net.minecraftforge.fml.config.ConfigTracker/CONFIG]: Config file jei-server.toml for jei tracking
[30Dec2025 03:03:46.983] [modloading-worker-0/DEBUG] [net.minecraftforge.fml.config.ConfigTracker/CONFIG]: Config file mutantmonsters-common.toml for mutantmonsters tracking
[30Dec2025 03:03:46.991] [modloading-worker-0/DEBUG] [net.minecraftforge.fml.javafmlmod.AutomaticEventSubscriber/LOADING]: Attempting to inject @EventBusSubscriber classes into the eventbus for jei
[30Dec2025 03:03:46.994] [modloading-worker-0/DEBUG] [net.minecraftforge.fml.config.ConfigTracker/CONFIG]: Config file mutantmonsters-server.toml for mutantmonsters tracking
[30Dec2025 03:03:47.043] [modloading-worker-0/INFO] [KubeJS/]: Loaded common.properties
[30Dec2025 03:03:47.044] [modloading-worker-0/INFO] [KubeJS/]: Loaded dev.properties
[30Dec2025 03:03:47.056] [modloading-worker-0/INFO] [KubeJS/]: Looking for KubeJS plugins...
[30Dec2025 03:03:47.067] [modloading-worker-0/INFO] [KubeJS/]: Found plugin source kubejs
[30Dec2025 03:03:47.090] [modloading-worker-0/WARN] [KubeJS/]: Plugin dev.latvian.mods.kubejs.forge.BuiltinKubeJSForgeClientPlugin does not load on server side, skipping
[30Dec2025 03:03:47.090] [modloading-worker-0/WARN] [KubeJS/]: Plugin dev.latvian.mods.kubejs.integration.forge.gamestages.GameStagesIntegration does not have required mod gamestages loaded, skipping
[30Dec2025 03:03:47.099] [modloading-worker-0/INFO] [KubeJS/]: Done in 36.60 ms
[30Dec2025 03:03:47.147] [modloading-worker-0/DEBUG] [mixin/]: Mixing accessor.LootContextParamSetsAccessor from mutantmonsters.common.mixins.json into net.minecraft.world.level.storage.loot.parameters.LootContextParamSets
[30Dec2025 03:03:47.247] [modloading-worker-0/DEBUG] [mixin/]: Mixing CropBlockMixin from kubejs-forge.mixins.json into dev.latvian.mods.kubejs.block.custom.BasicCropBlockJS
[30Dec2025 03:03:47.293] [modloading-worker-0/DEBUG] [mixin/]: Mixing MixinCriteria from forge-mca.mixin.json into net.minecraft.advancements.CriteriaTriggers
[30Dec2025 03:03:47.312] [modloading-worker-0/DEBUG] [net.minecraftforge.fml.config.ConfigTracker/CONFIG]: Config file tacz-common.toml for tacz tracking
[30Dec2025 03:03:47.319] [modloading-worker-0/DEBUG] [net.minecraftforge.fml.config.ConfigTracker/CONFIG]: Config file tacz-server.toml for tacz tracking
[30Dec2025 03:03:47.333] [modloading-worker-0/DEBUG] [net.minecraftforge.fml.config.ConfigTracker/CONFIG]: Config file tacz-client.toml for tacz tracking
[30Dec2025 03:03:47.371] [modloading-worker-0/DEBUG] [mixin/]: Mixing EventHandlerBridgeMixin from kubejs-common.mixins.json into dev.latvian.mods.kubejs.event.EventHandler
[30Dec2025 03:03:47.376] [modloading-worker-0/DEBUG] [mixin/]: Mixing EventHandlerInvoker from kubejs-common.mixins.json into dev.latvian.mods.kubejs.event.EventHandler
[30Dec2025 03:03:47.381] [modloading-worker-0/DEBUG] [net.minecraftforge.fml.javafmlmod.AutomaticEventSubscriber/LOADING]: Attempting to inject @EventBusSubscriber classes into the eventbus for pointblank
[30Dec2025 03:03:47.381] [modloading-worker-0/DEBUG] [net.minecraftforge.fml.javafmlmod.AutomaticEventSubscriber/LOADING]: Auto-subscribing com.vicmatskiv.pointblank.Config to MOD
[30Dec2025 03:03:47.403] [modloading-worker-0/DEBUG] [net.minecraftforge.fml.javafmlmod.AutomaticEventSubscriber/LOADING]: Attempting to inject @EventBusSubscriber classes into the eventbus for mca
[30Dec2025 03:03:47.405] [modloading-worker-0/DEBUG] [net.minecraftforge.fml.javafmlmod.AutomaticEventSubscriber/LOADING]: Auto-subscribing forge.net.mca.forge.MCAForge to MOD
[30Dec2025 03:03:47.407] [modloading-worker-0/DEBUG] [net.minecraftforge.fml.javafmlmod.AutomaticEventSubscriber/LOADING]: Auto-subscribing forge.net.mca.forge.ForgeBusEvents to FORGE
[30Dec2025 03:03:47.415] [modloading-worker-0/DEBUG] [net.minecraftforge.fml.config.ConfigTracker/CONFIG]: Config file nobabyzombies1_20_1forge-common.toml for nobabyzombies1_20_1forge tracking
[30Dec2025 03:03:47.418] [modloading-worker-0/DEBUG] [net.minecraftforge.fml.javafmlmod.AutomaticEventSubscriber/LOADING]: Attempting to inject @EventBusSubscriber classes into the eventbus for nobabyzombies1_20_1forge
[30Dec2025 03:03:47.418] [modloading-worker-0/DEBUG] [net.minecraftforge.fml.javafmlmod.AutomaticEventSubscriber/LOADING]: Auto-subscribing com.technicboyman.nobz.nobabyzombies1_20_1forge.Config to MOD
[30Dec2025 03:03:47.421] [modloading-worker-0/DEBUG] [net.minecraftforge.fml.config.ConfigTracker/CONFIG]: Config file immersive_weathering-common.toml for immersive_weathering tracking
[30Dec2025 03:03:47.423] [modloading-worker-0/WARN] [net.minecraftforge.common.ForgeConfigSpec/CORE]: Configuration file /workspaces/creacion1/servidor_minecraft/config/immersive_weathering-common.toml is not correct. Correcting
[30Dec2025 03:03:47.430] [modloading-worker-0/WARN] [net.minecraftforge.common.ForgeConfigSpec/CORE]: Incorrect key general was corrected from null to its default, SimpleCommentedConfig:{}. 
[30Dec2025 03:03:47.431] [modloading-worker-0/WARN] [net.minecraftforge.common.ForgeConfigSpec/CORE]: Incorrect key general.block_growths was corrected from null to its default, true. 
[30Dec2025 03:03:47.431] [modloading-worker-0/DEBUG] [net.minecraftforge.common.ForgeConfigSpec/CORE]: List on key block_growth_blacklist is deemed to need correction. It is null, not a list, or an empty list. Modders, consider defineListAllowEmpty?
[30Dec2025 03:03:47.431] [modloading-worker-0/WARN] [net.minecraftforge.common.ForgeConfigSpec/CORE]: Incorrect key general.block_growth_blacklist was corrected from null to its default, []. 
[30Dec2025 03:03:47.434] [modloading-worker-0/DEBUG] [net.minecraftforge.common.ForgeConfigSpec/CORE]: The comment on key general.block_growth_blacklist does not match the spec. This may create a backup.
[30Dec2025 03:03:47.434] [modloading-worker-0/WARN] [net.minecraftforge.common.ForgeConfigSpec/CORE]: Incorrect key general.creative_tab was corrected from null to its default, false. 
[30Dec2025 03:03:47.434] [modloading-worker-0/WARN] [net.minecraftforge.common.ForgeConfigSpec/CORE]: Incorrect key general.drop_in_creative was corrected from null to its default, false. 
[30Dec2025 03:03:47.434] [modloading-worker-0/DEBUG] [net.minecraftforge.common.ForgeConfigSpec/CORE]: The comment on key general.drop_in_creative does not match the spec. This may create a backup.
[30Dec2025 03:03:47.434] [modloading-worker-0/WARN] [net.minecraftforge.common.ForgeConfigSpec/CORE]: Incorrect key general.debug_save_dynamic_pack was corrected from null to its default, false. 
[30Dec2025 03:03:47.434] [modloading-worker-0/DEBUG] [net.minecraftforge.common.ForgeConfigSpec/CORE]: The comment on key general.debug_save_dynamic_pack does not match the spec. This may create a backup.
[30Dec2025 03:03:47.435] [modloading-worker-0/WARN] [net.minecraftforge.common.ForgeConfigSpec/CORE]: Incorrect key mossy_blocks was corrected from null to its default, SimpleCommentedConfig:{}. 
[30Dec2025 03:03:47.435] [modloading-worker-0/WARN] [net.minecraftforge.common.ForgeConfigSpec/CORE]: Incorrect key mossy_blocks.interest_for_face was corrected from null to its default, 0.3. 
[30Dec2025 03:03:47.436] [modloading-worker-0/DEBUG] [net.minecraftforge.common.ForgeConfigSpec/CORE]: The comment on key mossy_blocks.interest_for_face does not match the spec. This may create a backup.
[30Dec2025 03:03:47.436] [modloading-worker-0/WARN] [net.minecraftforge.common.ForgeConfigSpec/CORE]: Incorrect key mossy_blocks.patchiness was corrected from null to its default, 0.5. 
[30Dec2025 03:03:47.437] [modloading-worker-0/DEBUG] [net.minecraftforge.common.ForgeConfigSpec/CORE]: The comment on key mossy_blocks.patchiness does not match the spec. This may create a backup.
[30Dec2025 03:03:47.437] [modloading-worker-0/WARN] [net.minecraftforge.common.ForgeConfigSpec/CORE]: Incorrect key mossy_blocks.immune_chance was corrected from null to its default, 0.4. 
[30Dec2025 03:03:47.437] [modloading-worker-0/DEBUG] [net.minecraftforge.common.ForgeConfigSpec/CORE]: The comment on key mossy_blocks.immune_chance does not match the spec. This may create a backup.
[30Dec2025 03:03:47.437] [modloading-worker-0/WARN] [net.minecraftforge.common.ForgeConfigSpec/CORE]: Incorrect key mossy_blocks.needs_air was corrected from null to its default, true. 
[30Dec2025 03:03:47.437] [modloading-worker-0/WARN] [net.minecraftforge.common.ForgeConfigSpec/CORE]: Incorrect key mossy_blocks.enabled was corrected from null to its default, true. 
[30Dec2025 03:03:47.438] [modloading-worker-0/WARN] [net.minecraftforge.common.ForgeConfigSpec/CORE]: Incorrect key cracked_blocks was corrected from null to its default, SimpleCommentedConfig:{}. 
[30Dec2025 03:03:47.438] [modloading-worker-0/WARN] [net.minecraftforge.common.ForgeConfigSpec/CORE]: Incorrect key cracked_blocks.cracking_drops_brick was corrected from null to its default, false. 
[30Dec2025 03:03:47.438] [modloading-worker-0/WARN] [net.minecraftforge.common.ForgeConfigSpec/CORE]: Incorrect key cracked_blocks.interest_for_face was corrected from null to its default, 0.6. 
[30Dec2025 03:03:47.438] [modloading-worker-0/DEBUG] [net.minecraftforge.common.ForgeConfigSpec/CORE]: The comment on key cracked_blocks.interest_for_face does not match the spec. This may create a backup.
[30Dec2025 03:03:47.438] [modloading-worker-0/WARN] [net.minecraftforge.common.ForgeConfigSpec/CORE]: Incorrect key cracked_blocks.patchiness was corrected from null to its default, 0.4. 
[30Dec2025 03:03:47.439] [modloading-worker-0/DEBUG] [net.minecraftforge.common.ForgeConfigSpec/CORE]: The comment on key cracked_blocks.patchiness does not match the spec. This may create a backup.
[30Dec2025 03:03:47.439] [modloading-worker-0/WARN] [net.minecraftforge.common.ForgeConfigSpec/CORE]: Incorrect key cracked_blocks.immune_chance was corrected from null to its default, 0.4. 
[30Dec2025 03:03:47.439] [modloading-worker-0/DEBUG] [net.minecraftforge.common.ForgeConfigSpec/CORE]: The comment on key cracked_blocks.immune_chance does not match the spec. This may create a backup.
[30Dec2025 03:03:47.439] [modloading-worker-0/WARN] [net.minecraftforge.common.ForgeConfigSpec/CORE]: Incorrect key cracked_blocks.needs_air was corrected from null to its default, false. 
[30Dec2025 03:03:47.439] [modloading-worker-0/WARN] [net.minecraftforge.common.ForgeConfigSpec/CORE]: Incorrect key cracked_blocks.enabled was corrected from null to its default, true. 
[30Dec2025 03:03:47.443] [modloading-worker-0/WARN] [net.minecraftforge.common.ForgeConfigSpec/CORE]: Incorrect key icicle was corrected from null to its default, SimpleCommentedConfig:{}. 
[30Dec2025 03:03:47.443] [modloading-worker-0/WARN] [net.minecraftforge.common.ForgeConfigSpec/CORE]: Incorrect key icicle.react_to_vibrations was corrected from null to its default, true. 
[30Dec2025 03:03:47.443] [modloading-worker-0/WARN] [net.minecraftforge.common.ForgeConfigSpec/CORE]: Incorrect key icicle.spawn_rarity was corrected from null to its default, 12. 
[30Dec2025 03:03:47.443] [modloading-worker-0/DEBUG] [net.minecraftforge.common.ForgeConfigSpec/CORE]: The comment on key icicle.spawn_rarity does not match the spec. This may create a backup.
[30Dec2025 03:03:47.443] [modloading-worker-0/WARN] [net.minecraftforge.common.ForgeConfigSpec/CORE]: Incorrect key icicle.disable_icicles was corrected from null to its default, false. 
[30Dec2025 03:03:47.444] [modloading-worker-0/WARN] [net.minecraftforge.common.ForgeConfigSpec/CORE]: Incorrect key freezing was corrected from null to its default, SimpleCommentedConfig:{}. 
[30Dec2025 03:03:47.444] [modloading-worker-0/WARN] [net.minecraftforge.common.ForgeConfigSpec/CORE]: Incorrect key freezing.icicle was corrected from null to its default, 300. 
[30Dec2025 03:03:47.445] [modloading-worker-0/DEBUG] [net.minecraftforge.common.ForgeConfigSpec/CORE]: The comment on key freezing.icicle does not match the spec. This may create a backup.
[30Dec2025 03:03:47.445] [modloading-worker-0/WARN] [net.minecraftforge.common.ForgeConfigSpec/CORE]: Incorrect key charring was corrected from null to its default, SimpleCommentedConfig:{}. 
[30Dec2025 03:03:47.445] [modloading-worker-0/WARN] [net.minecraftforge.common.ForgeConfigSpec/CORE]: Incorrect key charring.fire_chars_wood was corrected from null to its default, 0.3. 
[30Dec2025 03:03:47.445] [modloading-worker-0/DEBUG] [net.minecraftforge.common.ForgeConfigSpec/CORE]: The comment on key charring.fire_chars_wood does not match the spec. This may create a backup.
[30Dec2025 03:03:47.446] [modloading-worker-0/WARN] [net.minecraftforge.common.ForgeConfigSpec/CORE]: Incorrect key charring.soot_spawn was corrected from null to its default, true. 
[30Dec2025 03:03:47.446] [modloading-worker-0/WARN] [net.minecraftforge.common.ForgeConfigSpec/CORE]: Incorrect key charring.flammable_cobweb was corrected from null to its default, true. 
[30Dec2025 03:03:47.447] [modloading-worker-0/WARN] [net.minecraftforge.common.ForgeConfigSpec/CORE]: Incorrect key item_interaction was corrected from null to its default, SimpleCommentedConfig:{}. 
[30Dec2025 03:03:47.447] [modloading-worker-0/WARN] [net.minecraftforge.common.ForgeConfigSpec/CORE]: Incorrect key item_interaction.pickaxe_cracking was corrected from null to its default, true. 
[30Dec2025 03:03:47.447] [modloading-worker-0/WARN] [net.minecraftforge.common.ForgeConfigSpec/CORE]: Incorrect key item_interaction.pickaxe_cracking_shift was corrected from null to its default, false. 
[30Dec2025 03:03:47.448] [modloading-worker-0/WARN] [net.minecraftforge.common.ForgeConfigSpec/CORE]: Incorrect key item_interaction.brick_breaking was corrected from null to its default, true. 
[30Dec2025 03:03:47.448] [modloading-worker-0/WARN] [net.minecraftforge.common.ForgeConfigSpec/CORE]: Incorrect key item_interaction.azalea_shearing was corrected from null to its default, true. 
[30Dec2025 03:03:47.448] [modloading-worker-0/WARN] [net.minecraftforge.common.ForgeConfigSpec/CORE]: Incorrect key item_interaction.moss_shearing was corrected from null to its default, true. 
[30Dec2025 03:03:47.448] [modloading-worker-0/WARN] [net.minecraftforge.common.ForgeConfigSpec/CORE]: Incorrect key item_interaction.moss_burning was corrected from null to its default, true. 
[30Dec2025 03:03:47.448] [modloading-worker-0/WARN] [net.minecraftforge.common.ForgeConfigSpec/CORE]: Incorrect key item_interaction.shovel_extinguish was corrected from null to its default, true. 
[30Dec2025 03:03:47.448] [modloading-worker-0/WARN] [net.minecraftforge.common.ForgeConfigSpec/CORE]: Incorrect key item_interaction.sponge_rusting was corrected from null to its default, true. 
[30Dec2025 03:03:47.448] [modloading-worker-0/WARN] [net.minecraftforge.common.ForgeConfigSpec/CORE]: Incorrect key item_interaction.sponge_rust_drying was corrected from null to its default, false. 
[30Dec2025 03:03:47.448] [modloading-worker-0/WARN] [net.minecraftforge.common.ForgeConfigSpec/CORE]: Incorrect key item_interaction.axe_stripping was corrected from null to its default, true. 
[30Dec2025 03:03:47.449] [modloading-worker-0/WARN] [net.minecraftforge.common.ForgeConfigSpec/CORE]: Incorrect key item_interaction.axe_rusting was corrected from null to its default, true. 
[30Dec2025 03:03:47.449] [modloading-worker-0/WARN] [net.minecraftforge.common.ForgeConfigSpec/CORE]: Incorrect key food was corrected from null to its default, SimpleCommentedConfig:{}. 
[30Dec2025 03:03:47.449] [modloading-worker-0/WARN] [net.minecraftforge.common.ForgeConfigSpec/CORE]: Incorrect key food.icicle_food was corrected from null to its default, true. 
[30Dec2025 03:03:47.450] [modloading-worker-0/WARN] [net.minecraftforge.common.ForgeConfigSpec/CORE]: Incorrect key food.icicle_fire_resistance was corrected from null to its default, true. 
[30Dec2025 03:03:47.450] [modloading-worker-0/WARN] [net.minecraftforge.common.ForgeConfigSpec/CORE]: Incorrect key misc was corrected from null to its default, SimpleCommentedConfig:{}. 
[30Dec2025 03:03:47.451] [modloading-worker-0/WARN] [net.minecraftforge.common.ForgeConfigSpec/CORE]: Incorrect key misc.composter_dirt was corrected from null to its default, true. 
[30Dec2025 03:03:47.453] [modloading-worker-0/WARN] [net.minecraftforge.common.ForgeConfigSpec/CORE]: Incorrect key misc.grass_over_mycelium was corrected from null to its default, true. 
[30Dec2025 03:03:47.455] [modloading-worker-0/WARN] [net.minecraftforge.common.ForgeConfigSpec/CORE]: Incorrect key misc.mycelium_over_grass was corrected from null to its default, true. 
[30Dec2025 03:03:47.455] [modloading-worker-0/WARN] [net.minecraftforge.common.ForgeConfigSpec/CORE]: Incorrect key misc.generic_bark was corrected from null to its default, . 
[30Dec2025 03:03:47.455] [modloading-worker-0/WARN] [net.minecraftforge.common.ForgeConfigSpec/CORE]: Incorrect key misc.leggings_prevents_thorn_damage was corrected from null to its default, true. 
[30Dec2025 03:03:47.459] [modloading-worker-0/WARN] [net.minecraftforge.common.ForgeConfigSpec/CORE]: Incorrect key leaf_piles was corrected from null to its default, SimpleCommentedConfig:{}. 
[30Dec2025 03:03:47.459] [modloading-worker-0/WARN] [net.minecraftforge.common.ForgeConfigSpec/CORE]: Incorrect key leaf_piles.leaf_piles_slow was corrected from null to its default, true. 
[30Dec2025 03:03:47.459] [modloading-worker-0/WARN] [net.minecraftforge.common.ForgeConfigSpec/CORE]: Incorrect key leaf_piles.spawn_entity_from_decay was corrected from null to its default, 0.3. 
[30Dec2025 03:03:47.459] [modloading-worker-0/DEBUG] [net.minecraftforge.common.ForgeConfigSpec/CORE]: The comment on key leaf_piles.spawn_entity_from_decay does not match the spec. This may create a backup.
[30Dec2025 03:03:47.459] [modloading-worker-0/WARN] [net.minecraftforge.common.ForgeConfigSpec/CORE]: Incorrect key leaf_piles.reach was corrected from null to its default, 12. 
[30Dec2025 03:03:47.460] [modloading-worker-0/DEBUG] [net.minecraftforge.common.ForgeConfigSpec/CORE]: The comment on key leaf_piles.reach does not match the spec. This may create a backup.
[30Dec2025 03:03:47.460] [modloading-worker-0/WARN] [net.minecraftforge.common.ForgeConfigSpec/CORE]: Incorrect key leaf_piles.max_pile_height was corrected from null to its default, 3. 
[30Dec2025 03:03:47.460] [modloading-worker-0/DEBUG] [net.minecraftforge.common.ForgeConfigSpec/CORE]: The comment on key leaf_piles.max_pile_height does not match the spec. This may create a backup.
[30Dec2025 03:03:47.460] [modloading-worker-0/DEBUG] [net.minecraftforge.common.ForgeConfigSpec/CORE]: List on key leaf_piles_blacklist is deemed to need correction. It is null, not a list, or an empty list. Modders, consider defineListAllowEmpty?
[30Dec2025 03:03:47.460] [modloading-worker-0/WARN] [net.minecraftforge.common.ForgeConfigSpec/CORE]: Incorrect key leaf_piles.leaf_piles_blacklist was corrected from null to its default, []. 
[30Dec2025 03:03:47.460] [modloading-worker-0/DEBUG] [net.minecraftforge.common.ForgeConfigSpec/CORE]: The comment on key leaf_piles.leaf_piles_blacklist does not match the spec. This may create a backup.
[30Dec2025 03:03:47.461] [modloading-worker-0/WARN] [net.minecraftforge.common.ForgeConfigSpec/CORE]: Incorrect key thin_ice was corrected from null to its default, SimpleCommentedConfig:{}. 
[30Dec2025 03:03:47.572] [modloading-worker-0/WARN] [net.minecraftforge.common.ForgeConfigSpec/CORE]: Incorrect key thin_ice.natural_melting was corrected from null to its default, false. 
[30Dec2025 03:03:47.573] [modloading-worker-0/WARN] [net.minecraftforge.common.ForgeConfigSpec/CORE]: Incorrect key lightning_growths was corrected from null to its default, SimpleCommentedConfig:{}. 
[30Dec2025 03:03:47.574] [modloading-worker-0/WARN] [net.minecraftforge.common.ForgeConfigSpec/CORE]: Incorrect key lightning_growths.vitrified_lightning was corrected from null to its default, true. 
[30Dec2025 03:03:47.574] [modloading-worker-0/WARN] [net.minecraftforge.common.ForgeConfigSpec/CORE]: Incorrect key lightning_growths.fulgurite_chance was corrected from null to its default, 0.4. 
[30Dec2025 03:03:47.574] [modloading-worker-0/DEBUG] [net.minecraftforge.common.ForgeConfigSpec/CORE]: The comment on key lightning_growths.fulgurite_chance does not match the spec. This may create a backup.
[30Dec2025 03:03:47.575] [modloading-worker-0/WARN] [net.minecraftforge.common.ForgeConfigSpec/CORE]: Incorrect key rusting was corrected from null to its default, SimpleCommentedConfig:{}. 
[30Dec2025 03:03:47.576] [modloading-worker-0/WARN] [net.minecraftforge.common.ForgeConfigSpec/CORE]: Incorrect key rusting.rusting was corrected from null to its default, true. 
[30Dec2025 03:03:47.576] [modloading-worker-0/WARN] [net.minecraftforge.common.ForgeConfigSpec/CORE]: Incorrect key rusting.rusting_influence_radius was corrected from null to its default, 4. 
[30Dec2025 03:03:47.576] [modloading-worker-0/DEBUG] [net.minecraftforge.common.ForgeConfigSpec/CORE]: The comment on key rusting.rusting_influence_radius does not match the spec. This may create a backup.
[30Dec2025 03:03:47.577] [modloading-worker-0/WARN] [net.minecraftforge.common.ForgeConfigSpec/CORE]: Incorrect key rusting.rusting_rate was corrected from null to its default, 0.06. 
[30Dec2025 03:03:47.577] [modloading-worker-0/DEBUG] [net.minecraftforge.common.ForgeConfigSpec/CORE]: The comment on key rusting.rusting_rate does not match the spec. This may create a backup.
[30Dec2025 03:03:47.577] [modloading-worker-0/WARN] [net.minecraftforge.common.ForgeConfigSpec/CORE]: Incorrect key rusting.rust_streaking was corrected from null to its default, true. 
[30Dec2025 03:03:47.703] [modloading-worker-0/INFO] [Rhino Script Remapper/]: Loading Rhino Minecraft remapper...
[30Dec2025 03:03:47.720] [modloading-worker-0/DEBUG] [net.minecraftforge.fml.javafmlmod.AutomaticEventSubscriber/LOADING]: Attempting to inject @EventBusSubscriber classes into the eventbus for marbledsarsenal
[30Dec2025 03:03:47.722] [modloading-worker-0/DEBUG] [net.minecraftforge.fml.javafmlmod.AutomaticEventSubscriber/LOADING]: Attempting to inject @EventBusSubscriber classes into the eventbus for clumps
[30Dec2025 03:03:47.727] [modloading-worker-0/INFO] [dev.latvian.mods.rhino.mod.util.RhinoProperties/]: Rhino properties loaded.
[30Dec2025 03:03:47.730] [modloading-worker-0/DEBUG] [net.minecraftforge.fml.javafmlmod.AutomaticEventSubscriber/LOADING]: Attempting to inject @EventBusSubscriber classes into the eventbus for fastasyncworldsave
[30Dec2025 03:03:47.735] [modloading-worker-0/INFO] [Rhino Script Remapper/]: Loading mappings for 1.20.1
[30Dec2025 03:03:47.759] [modloading-worker-0/DEBUG] [net.minecraftforge.fml.javafmlmod.AutomaticEventSubscriber/LOADING]: Attempting to inject @EventBusSubscriber classes into the eventbus for forgivingworld
[30Dec2025 03:03:47.774] [modloading-worker-0/DEBUG] [net.minecraftforge.fml.javafmlmod.AutomaticEventSubscriber/LOADING]: Attempting to inject @EventBusSubscriber classes into the eventbus for mcore
[30Dec2025 03:03:47.776] [modloading-worker-0/DEBUG] [net.minecraftforge.fml.javafmlmod.AutomaticEventSubscriber/LOADING]: Auto-subscribing net.marblednull.mcore.datagen.DataGenerators to MOD
[30Dec2025 03:03:47.779] [modloading-worker-0/DEBUG] [net.minecraftforge.fml.javafmlmod.AutomaticEventSubscriber/LOADING]: Attempting to inject @EventBusSubscriber classes into the eventbus for glitchcore
[30Dec2025 03:03:47.779] [modloading-worker-0/DEBUG] [net.minecraftforge.fml.javafmlmod.AutomaticEventSubscriber/LOADING]: Auto-subscribing glitchcore.forge.handlers.VillagerTradesEventHandler to FORGE
[30Dec2025 03:03:47.784] [modloading-worker-0/DEBUG] [net.minecraftforge.fml.javafmlmod.AutomaticEventSubscriber/LOADING]: Auto-subscribing glitchcore.forge.handlers.TooltipEventHandler to FORGE
[30Dec2025 03:03:47.815] [modloading-worker-0/DEBUG] [net.minecraftforge.fml.javafmlmod.AutomaticEventSubscriber/LOADING]: Auto-subscribing glitchcore.forge.handlers.ToolModificationEventHandler to FORGE
[30Dec2025 03:03:47.824] [modloading-worker-0/DEBUG] [net.minecraftforge.fml.javafmlmod.AutomaticEventSubscriber/LOADING]: Auto-subscribing glitchcore.forge.handlers.TickEventHandler to FORGE
[30Dec2025 03:03:47.825] [modloading-worker-0/DEBUG] [net.minecraftforge.fml.javafmlmod.AutomaticEventSubscriber/LOADING]: Auto-subscribing glitchcore.forge.handlers.TagsUpdatedEventHandler to FORGE
[30Dec2025 03:03:47.833] [modloading-worker-0/DEBUG] [net.minecraftforge.fml.javafmlmod.AutomaticEventSubscriber/LOADING]: Auto-subscribing glitchcore.forge.handlers.RegistryEventHandler to MOD
[30Dec2025 03:03:47.836] [modloading-worker-0/DEBUG] [net.minecraftforge.fml.javafmlmod.AutomaticEventSubscriber/LOADING]: Auto-subscribing glitchcore.forge.handlers.RegisterCommandsEventHandler to FORGE
[30Dec2025 03:03:47.837] [modloading-worker-0/DEBUG] [net.minecraftforge.fml.javafmlmod.AutomaticEventSubscriber/LOADING]: Auto-subscribing glitchcore.forge.handlers.PlayerLoggedInEventHandler to FORGE
[30Dec2025 03:03:47.839] [modloading-worker-0/DEBUG] [net.minecraftforge.fml.javafmlmod.AutomaticEventSubscriber/LOADING]: Auto-subscribing glitchcore.forge.handlers.InteractionEventHandler to FORGE
[30Dec2025 03:03:47.848] [modloading-worker-0/DEBUG] [net.minecraftforge.fml.javafmlmod.AutomaticEventSubscriber/LOADING]: Attempting to inject @EventBusSubscriber classes into the eventbus for badmobs
[30Dec2025 03:03:47.862] [modloading-worker-0/DEBUG] [net.minecraftforge.fml.javafmlmod.AutomaticEventSubscriber/LOADING]: Attempting to inject @EventBusSubscriber classes into the eventbus for better_mob_food
[30Dec2025 03:03:47.863] [modloading-worker-0/DEBUG] [net.minecraftforge.fml.javafmlmod.AutomaticEventSubscriber/LOADING]: Auto-subscribing net.mcreator.bettermobfood.init.BetterMobFoodModTabs to MOD
[30Dec2025 03:03:47.865] [modloading-worker-0/DEBUG] [net.minecraftforge.fml.javafmlmod.AutomaticEventSubscriber/LOADING]: Attempting to inject @EventBusSubscriber classes into the eventbus for puzzlesaccessapi
[30Dec2025 03:03:47.927] [modloading-worker-0/DEBUG] [net.minecraftforge.versions.forge.ForgeVersion/CORE]: Forge Version package package net.minecraftforge.versions.forge, Forge, version 47.4 from cpw.mods.modlauncher.TransformingClassLoader@74f4a2ba
[30Dec2025 03:03:47.934] [modloading-worker-0/DEBUG] [net.minecraftforge.versions.forge.ForgeVersion/CORE]: Found Forge version 47.4.13
[30Dec2025 03:03:47.934] [modloading-worker-0/DEBUG] [net.minecraftforge.versions.forge.ForgeVersion/CORE]: Found Forge spec 47.4
[30Dec2025 03:03:47.934] [modloading-worker-0/DEBUG] [net.minecraftforge.versions.forge.ForgeVersion/CORE]: Found Forge group net.minecraftforge
[30Dec2025 03:03:47.938] [modloading-worker-0/DEBUG] [net.minecraftforge.versions.mcp.MCPVersion/CORE]: MCP Version package package net.minecraftforge.versions.mcp, Minecraft, version 1.20.1 from cpw.mods.modlauncher.TransformingClassLoader@74f4a2ba
[30Dec2025 03:03:47.939] [modloading-worker-0/DEBUG] [net.minecraftforge.versions.mcp.MCPVersion/CORE]: Found MC version information 1.20.1
[30Dec2025 03:03:47.939] [modloading-worker-0/DEBUG] [net.minecraftforge.versions.mcp.MCPVersion/CORE]: Found MCP version information 20230612.114412
[30Dec2025 03:03:47.939] [modloading-worker-0/INFO] [net.minecraftforge.common.ForgeMod/FORGEMOD]: Forge mod loading, version 47.4.13, for MC 1.20.1 with MCP 20230612.114412
[30Dec2025 03:03:47.943] [modloading-worker-0/INFO] [net.minecraftforge.common.MinecraftForge/FORGE]: MinecraftForge v47.4.13 Initialized
[30Dec2025 03:03:47.951] [modloading-worker-0/INFO] [Rhino Script Remapper/]: Done in 0.242 s
[30Dec2025 03:03:48.028] [modloading-worker-0/DEBUG] [net.minecraftforge.fml.config.ConfigTracker/CONFIG]: Config file forge-client.toml for forge tracking
[30Dec2025 03:03:48.028] [modloading-worker-0/DEBUG] [net.minecraftforge.fml.config.ConfigTracker/CONFIG]: Config file forge-server.toml for forge tracking
[30Dec2025 03:03:48.029] [modloading-worker-0/DEBUG] [net.minecraftforge.fml.ModLoadingContext/]: Attempted to register an empty config for type COMMON on mod forge
[30Dec2025 03:03:48.039] [modloading-worker-0/DEBUG] [net.minecraftforge.fml.javafmlmod.AutomaticEventSubscriber/LOADING]: Attempting to inject @EventBusSubscriber classes into the eventbus for tacz
[30Dec2025 03:03:48.043] [modloading-worker-0/DEBUG] [net.minecraftforge.fml.javafmlmod.AutomaticEventSubscriber/LOADING]: Auto-subscribing com.tacz.guns.init.CapabilityRegistry to MOD
[30Dec2025 03:03:48.046] [modloading-worker-0/DEBUG] [net.minecraftforge.fml.javafmlmod.AutomaticEventSubscriber/LOADING]: Auto-subscribing com.tacz.guns.init.CompatRegistry to MOD
[30Dec2025 03:03:48.047] [modloading-worker-0/DEBUG] [net.minecraftforge.fml.javafmlmod.AutomaticEventSubscriber/LOADING]: Auto-subscribing com.tacz.guns.init.ModRecipe to MOD
[30Dec2025 03:03:48.048] [modloading-worker-0/DEBUG] [net.minecraftforge.fml.javafmlmod.AutomaticEventSubscriber/LOADING]: Auto-subscribing com.tacz.guns.init.CommandRegistry to FORGE
[30Dec2025 03:03:48.057] [modloading-worker-0/DEBUG] [net.minecraftforge.fml.javafmlmod.AutomaticEventSubscriber/LOADING]: Auto-subscribing com.tacz.guns.init.ModItems to MOD
[30Dec2025 03:03:48.058] [modloading-worker-0/DEBUG] [net.minecraftforge.fml.javafmlmod.AutomaticEventSubscriber/LOADING]: Auto-subscribing com.tacz.guns.init.CommonRegistry to MOD
[30Dec2025 03:03:48.059] [modloading-worker-0/DEBUG] [net.minecraftforge.fml.javafmlmod.AutomaticEventSubscriber/LOADING]: Auto-subscribing com.tacz.guns.event.TravelToDimensionEvent to FORGE
[30Dec2025 03:03:48.060] [modloading-worker-0/DEBUG] [net.minecraftforge.fml.javafmlmod.AutomaticEventSubscriber/LOADING]: Auto-subscribing com.tacz.guns.event.ammo.BellRing to FORGE
[30Dec2025 03:03:48.063] [modloading-worker-0/DEBUG] [net.minecraftforge.fml.javafmlmod.AutomaticEventSubscriber/LOADING]: Auto-subscribing com.tacz.guns.event.ammo.DestroyGlassBlock to FORGE
[30Dec2025 03:03:48.064] [modloading-worker-0/DEBUG] [net.minecraftforge.fml.javafmlmod.AutomaticEventSubscriber/LOADING]: Auto-subscribing com.tacz.guns.event.PlayerRespawnEvent to FORGE
[30Dec2025 03:03:48.065] [modloading-worker-0/DEBUG] [net.minecraftforge.fml.javafmlmod.AutomaticEventSubscriber/LOADING]: Auto-subscribing com.tacz.guns.event.ServerTickEvent to FORGE
[30Dec2025 03:03:48.065] [modloading-worker-0/DEBUG] [net.minecraftforge.fml.javafmlmod.AutomaticEventSubscriber/LOADING]: Attempting to inject @EventBusSubscriber classes into the eventbus for forge
[30Dec2025 03:03:48.066] [modloading-worker-0/DEBUG] [net.minecraftforge.fml.javafmlmod.AutomaticEventSubscriber/LOADING]: Auto-subscribing net.minecraftforge.common.ForgeSpawnEggItem$CommonHandler to MOD
[30Dec2025 03:03:48.066] [modloading-worker-0/DEBUG] [net.minecraftforge.fml.javafmlmod.AutomaticEventSubscriber/LOADING]: Auto-subscribing com.tacz.guns.event.LoadingConfigEvent to MOD
[30Dec2025 03:03:48.067] [modloading-worker-0/DEBUG] [net.minecraftforge.fml.javafmlmod.AutomaticEventSubscriber/LOADING]: Auto-subscribing com.tacz.guns.event.HitboxHelperEvent to FORGE
[30Dec2025 03:03:48.069] [modloading-worker-0/DEBUG] [net.minecraftforge.fml.javafmlmod.AutomaticEventSubscriber/LOADING]: Auto-subscribing com.tacz.guns.event.EntityDamageEvent to FORGE
[30Dec2025 03:03:48.070] [modloading-worker-0/DEBUG] [net.minecraftforge.fml.javafmlmod.AutomaticEventSubscriber/LOADING]: Auto-subscribing com.tacz.guns.event.KnockbackChange to FORGE
[30Dec2025 03:03:48.072] [modloading-worker-0/DEBUG] [net.minecraftforge.fml.javafmlmod.AutomaticEventSubscriber/LOADING]: Auto-subscribing com.tacz.guns.event.EnterServerEvent to FORGE
[30Dec2025 03:03:48.072] [modloading-worker-0/DEBUG] [net.minecraftforge.fml.javafmlmod.AutomaticEventSubscriber/LOADING]: Auto-subscribing com.tacz.guns.event.CommonLoadPack to MOD
[30Dec2025 03:03:48.073] [modloading-worker-0/DEBUG] [net.minecraftforge.fml.javafmlmod.AutomaticEventSubscriber/LOADING]: Auto-subscribing com.tacz.guns.event.ChangeGunPropertyEvent to FORGE
[30Dec2025 03:03:48.074] [modloading-worker-0/DEBUG] [net.minecraftforge.fml.javafmlmod.AutomaticEventSubscriber/LOADING]: Auto-subscribing com.tacz.guns.event.SyncedEntityDataEvent to FORGE
[30Dec2025 03:03:48.093] [modloading-worker-0/INFO] [de.keksuccino.drippyloadingscreen.DrippyLoadingScreen/]: [DRIPPY LOADING SCREEN] Loading v3.0.9 in server-side mode on FORGE!
[30Dec2025 03:03:48.093] [modloading-worker-0/DEBUG] [net.minecraftforge.fml.javafmlmod.AutomaticEventSubscriber/LOADING]: Attempting to inject @EventBusSubscriber classes into the eventbus for drippyloadingscreen
[30Dec2025 03:03:48.095] [modloading-worker-0/DEBUG] [net.minecraftforge.fml.javafmlmod.AutomaticEventSubscriber/LOADING]: Auto-subscribing com.tacz.guns.event.PreventGunClick to FORGE
[30Dec2025 03:03:48.133] [modloading-worker-0/DEBUG] [net.minecraftforge.fml.javafmlmod.AutomaticEventSubscriber/LOADING]: Attempting to inject @EventBusSubscriber classes into the eventbus for cw_additions
[30Dec2025 03:03:48.177] [modloading-worker-0/DEBUG] [cofh_core/]: Channel cofh_core:general, Register packet, ID: 1
[30Dec2025 03:03:48.178] [modloading-worker-0/DEBUG] [net.minecraftforge.fml.javafmlmod.AutomaticEventSubscriber/LOADING]: Attempting to inject @EventBusSubscriber classes into the eventbus for immersive_weathering
[30Dec2025 03:03:48.178] [modloading-worker-0/DEBUG] [cofh_core/]: Channel cofh_core:general, Register packet, ID: 2
[30Dec2025 03:03:48.178] [modloading-worker-0/DEBUG] [cofh_core/]: Channel cofh_core:general, Register packet, ID: 3
[30Dec2025 03:03:48.182] [modloading-worker-0/DEBUG] [net.minecraftforge.fml.config.ConfigTracker/CONFIG]: Config file moonlight-common.toml for moonlight tracking
[30Dec2025 03:03:48.185] [modloading-worker-0/DEBUG] [cofh_core/]: Channel cofh_core:general, Register packet, ID: 4
[30Dec2025 03:03:48.186] [modloading-worker-0/DEBUG] [cofh_core/]: Channel cofh_core:general, Register packet, ID: 5
[30Dec2025 03:03:48.187] [modloading-worker-0/DEBUG] [cofh_core/]: Channel cofh_core:general, Register packet, ID: 8
[30Dec2025 03:03:48.187] [modloading-worker-0/DEBUG] [cofh_core/]: Channel cofh_core:general, Register packet, ID: 16
[30Dec2025 03:03:48.190] [modloading-worker-0/DEBUG] [cofh_core/]: Channel cofh_core:general, Register packet, ID: 17
[30Dec2025 03:03:48.191] [modloading-worker-0/DEBUG] [cofh_core/]: Channel cofh_core:general, Register packet, ID: 20
[30Dec2025 03:03:48.194] [modloading-worker-0/DEBUG] [cofh_core/]: Channel cofh_core:general, Register packet, ID: 21
[30Dec2025 03:03:48.198] [modloading-worker-0/DEBUG] [cofh_core/]: Channel cofh_core:general, Register packet, ID: 24
[30Dec2025 03:03:48.198] [modloading-worker-0/DEBUG] [cofh_core/]: Channel cofh_core:general, Register packet, ID: 25
[30Dec2025 03:03:48.199] [modloading-worker-0/DEBUG] [cofh_core/]: Channel cofh_core:general, Register packet, ID: 28
[30Dec2025 03:03:48.202] [modloading-worker-0/DEBUG] [cofh_core/]: Channel cofh_core:general, Register packet, ID: 32
[30Dec2025 03:03:48.208] [modloading-worker-0/DEBUG] [cofh_core/]: Channel cofh_core:general, Register packet, ID: 33
[30Dec2025 03:03:48.209] [modloading-worker-0/DEBUG] [cofh_core/]: Channel cofh_core:general, Register packet, ID: 34
[30Dec2025 03:03:48.209] [modloading-worker-0/DEBUG] [cofh_core/]: Channel cofh_core:general, Register packet, ID: 35
[30Dec2025 03:03:48.213] [modloading-worker-0/DEBUG] [cofh_core/]: Channel cofh_core:general, Register packet, ID: 36
[30Dec2025 03:03:48.214] [modloading-worker-0/DEBUG] [cofh_core/]: Channel cofh_core:general, Register packet, ID: 37
[30Dec2025 03:03:48.214] [modloading-worker-0/DEBUG] [cofh_core/]: Channel cofh_core:general, Register packet, ID: 38
[30Dec2025 03:03:48.220] [modloading-worker-0/DEBUG] [cofh_core/]: Channel cofh_core:general, Register packet, ID: 64
[30Dec2025 03:03:48.224] [modloading-worker-0/DEBUG] [cofh_core/]: Channel cofh_core:general, Register packet, ID: 65
[30Dec2025 03:03:48.225] [modloading-worker-0/DEBUG] [cofh_core/]: Channel cofh_core:general, Register packet, ID: 66
[30Dec2025 03:03:48.225] [modloading-worker-0/DEBUG] [cofh_core/]: Channel cofh_core:general, Register packet, ID: 67
[30Dec2025 03:03:48.226] [modloading-worker-0/DEBUG] [cofh_core/]: Channel cofh_core:general, Register packet, ID: 96
[30Dec2025 03:03:48.233] [modloading-worker-0/DEBUG] [mixin/]: Mixing IngredientsWithChildrenMixin from kubejs-forge.mixins.json into net.minecraftforge.common.crafting.CompoundIngredient
[30Dec2025 03:03:48.234] [modloading-worker-0/DEBUG] [cofh_core/]: Channel cofh_core:general, Register packet, ID: 97
[30Dec2025 03:03:48.285] [modloading-worker-0/DEBUG] [net.minecraftforge.fml.config.ConfigTracker/CONFIG]: Config file cofh_core-server.toml for cofh_core tracking
[30Dec2025 03:03:48.379] [modloading-worker-0/DEBUG] [mixin/]: Mixing PlayerListMixin from kubejs-common.mixins.json into net.minecraft.server.players.PlayerList
[30Dec2025 03:03:48.380] [modloading-worker-0/DEBUG] [mixin/]: Mixing camera.PlayerListMixin from securitycraft.mixins.json into net.minecraft.server.players.PlayerList
[30Dec2025 03:03:48.389] [modloading-worker-0/DEBUG] [net.minecraftforge.fml.javafmlmod.AutomaticEventSubscriber/LOADING]: Attempting to inject @EventBusSubscriber classes into the eventbus for cofh_core
[30Dec2025 03:03:48.389] [modloading-worker-0/DEBUG] [net.minecraftforge.fml.javafmlmod.AutomaticEventSubscriber/LOADING]: Auto-subscribing cofh.core.init.data.CoreDataGen to MOD
[30Dec2025 03:03:48.396] [modloading-worker-0/DEBUG] [net.minecraftforge.fml.javafmlmod.AutomaticEventSubscriber/LOADING]: Auto-subscribing cofh.core.common.item.ItemTracker to FORGE
[30Dec2025 03:03:48.425] [modloading-worker-0/DEBUG] [net.minecraftforge.fml.javafmlmod.AutomaticEventSubscriber/LOADING]: Auto-subscribing cofh.core.common.event.ShieldEvents to FORGE
[30Dec2025 03:03:48.427] [modloading-worker-0/DEBUG] [net.minecraftforge.fml.javafmlmod.AutomaticEventSubscriber/LOADING]: Auto-subscribing cofh.core.common.event.EffectEvents to FORGE
[30Dec2025 03:03:48.445] [modloading-worker-0/DEBUG] [net.minecraftforge.fml.javafmlmod.AutomaticEventSubscriber/LOADING]: Auto-subscribing cofh.core.common.event.CoreCommonEvents to FORGE
[30Dec2025 03:03:48.453] [modloading-worker-0/DEBUG] [net.minecraftforge.fml.javafmlmod.AutomaticEventSubscriber/LOADING]: Auto-subscribing cofh.core.common.event.ArmorEvents to FORGE
[30Dec2025 03:03:48.459] [modloading-worker-0/DEBUG] [net.minecraftforge.fml.javafmlmod.AutomaticEventSubscriber/LOADING]: Attempting to inject @EventBusSubscriber classes into the eventbus for moonlight
[30Dec2025 03:03:48.459] [modloading-worker-0/DEBUG] [net.minecraftforge.fml.javafmlmod.AutomaticEventSubscriber/LOADING]: Auto-subscribing cofh.core.common.event.AreaEffectEvents to FORGE
[30Dec2025 03:03:48.460] [modloading-worker-0/DEBUG] [net.minecraftforge.fml.javafmlmod.AutomaticEventSubscriber/LOADING]: Attempting to inject @EventBusSubscriber classes into the eventbus for mousetweaks
[30Dec2025 03:03:48.465] [modloading-worker-0/DEBUG] [net.minecraftforge.fml.javafmlmod.AutomaticEventSubscriber/LOADING]: Auto-subscribing cofh.core.common.event.ArcheryEvents to FORGE
[30Dec2025 03:03:48.473] [modloading-worker-0/DEBUG] [net.minecraftforge.fml.javafmlmod.AutomaticEventSubscriber/LOADING]: Auto-subscribing cofh.core.common.TransientLightManager to FORGE
[30Dec2025 03:03:48.506] [modloading-worker-0/DEBUG] [net.minecraftforge.fml.javafmlmod.AutomaticEventSubscriber/LOADING]: Attempting to inject @EventBusSubscriber classes into the eventbus for spectrelib
[30Dec2025 03:03:48.531] [modloading-worker-0/DEBUG] [CorgiLib/]: Loaded corgitaco.corgilib.forge.platform.ForgePlatform@52f23767 for service interface corgitaco.corgilib.platform.ModPlatform
[30Dec2025 03:03:48.588] [modloading-worker-0/DEBUG] [creativecore/]: Created network creativecore:main
[30Dec2025 03:03:48.614] [modloading-worker-0/DEBUG] [net.minecraftforge.fml.javafmlmod.AutomaticEventSubscriber/LOADING]: Attempting to inject @EventBusSubscriber classes into the eventbus for creativecore
[30Dec2025 03:03:48.615] [modloading-worker-0/DEBUG] [net.minecraftforge.fml.javafmlmod.AutomaticEventSubscriber/LOADING]: Attempting to inject @EventBusSubscriber classes into the eventbus for smoothboot
[30Dec2025 03:03:48.620] [modloading-worker-0/DEBUG] [mixin/]: Mixing DifferenceIngredientMixin from kubejs-forge.mixins.json into net.minecraftforge.common.crafting.DifferenceIngredient
[30Dec2025 03:03:48.635] [modloading-worker-0/DEBUG] [mixin/]: Mixing TrivialIngredientsMixin from kubejs-forge.mixins.json into net.minecraftforge.common.crafting.PartialNBTIngredient
[30Dec2025 03:03:48.639] [modloading-worker-0/DEBUG] [mixin/]: Mixing TrivialIngredientsMixin from kubejs-forge.mixins.json into net.minecraftforge.common.crafting.StrictNBTIngredient
[30Dec2025 03:03:48.742] [modloading-worker-0/DEBUG] [net.minecraftforge.fml.javafmlmod.AutomaticEventSubscriber/LOADING]: Attempting to inject @EventBusSubscriber classes into the eventbus for last_of_us
[30Dec2025 03:03:48.744] [modloading-worker-0/DEBUG] [net.minecraftforge.fml.javafmlmod.AutomaticEventSubscriber/LOADING]: Auto-subscribing com.getdemod.lastofus.procedures.NozombiesProcedure to FORGE
[30Dec2025 03:03:48.745] [modloading-worker-0/DEBUG] [net.minecraftforge.fml.javafmlmod.AutomaticEventSubscriber/LOADING]: Auto-subscribing com.getdemod.lastofus.procedures.ConfigProcedure to MOD
[30Dec2025 03:03:48.746] [modloading-worker-0/DEBUG] [net.minecraftforge.fml.javafmlmod.AutomaticEventSubscriber/LOADING]: Auto-subscribing com.getdemod.lastofus.network.LastOfUsModVariables to MOD
[30Dec2025 03:03:48.749] [modloading-worker-0/DEBUG] [net.minecraftforge.fml.javafmlmod.AutomaticEventSubscriber/LOADING]: Auto-subscribing com.getdemod.lastofus.network.LastOfUsModVariables$EventBusVariableHandlers to FORGE
[30Dec2025 03:03:48.752] [modloading-worker-0/DEBUG] [net.minecraftforge.fml.javafmlmod.AutomaticEventSubscriber/LOADING]: Auto-subscribing com.getdemod.lastofus.init.LastOfUsModTabs to MOD
[30Dec2025 03:03:48.755] [modloading-worker-0/DEBUG] [net.minecraftforge.fml.javafmlmod.AutomaticEventSubscriber/LOADING]: Auto-subscribing com.getdemod.lastofus.init.LastOfUsModFeatures to FORGE
[30Dec2025 03:03:48.746] [modloading-worker-0/DEBUG] [net.minecraftforge.fml.javafmlmod.AutomaticEventSubscriber/LOADING]: Attempting to inject @EventBusSubscriber classes into the eventbus for corgilib
[30Dec2025 03:03:48.755] [modloading-worker-0/DEBUG] [net.minecraftforge.fml.javafmlmod.AutomaticEventSubscriber/LOADING]: Auto-subscribing corgitaco.corgilib.forge.CorgiLibForgeEvents to FORGE
[30Dec2025 03:03:48.758] [modloading-worker-0/DEBUG] [net.minecraftforge.fml.javafmlmod.AutomaticEventSubscriber/LOADING]: Auto-subscribing com.getdemod.lastofus.init.LastOfUsModEntities to MOD
[30Dec2025 03:03:48.758] [modloading-worker-0/DEBUG] [net.minecraftforge.fml.javafmlmod.AutomaticEventSubscriber/LOADING]: Auto-subscribing com.getdemod.lastofus.init.EntityAnimationFactory to FORGE
[30Dec2025 03:03:48.762] [modloading-worker-0/DEBUG] [net.minecraftforge.fml.javafmlmod.AutomaticEventSubscriber/LOADING]: Auto-subscribing com.getdemod.lastofus.init.ArmorAnimationFactory to FORGE
[30Dec2025 03:03:48.762] [modloading-worker-0/DEBUG] [net.minecraftforge.fml.config.ConfigTracker/CONFIG]: Config file fastpaintings-common.toml for fastpaintings tracking
[30Dec2025 03:03:48.766] [modloading-worker-0/DEBUG] [net.minecraftforge.fml.javafmlmod.AutomaticEventSubscriber/LOADING]: Attempting to inject @EventBusSubscriber classes into the eventbus for fastpaintings
[30Dec2025 03:03:48.769] [modloading-worker-0/DEBUG] [net.minecraftforge.fml.javafmlmod.AutomaticEventSubscriber/LOADING]: Attempting to inject @EventBusSubscriber classes into the eventbus for betterfpsdist
[30Dec2025 03:03:48.779] [modloading-worker-0/DEBUG] [net.minecraftforge.fml.javafmlmod.AutomaticEventSubscriber/LOADING]: Attempting to inject @EventBusSubscriber classes into the eventbus for marbledsmelees
[30Dec2025 03:03:48.788] [modloading-worker-0/DEBUG] [net.minecraftforge.fml.config.ConfigTracker/CONFIG]: Config file mobsunscreen-common.toml for mobsunscreen tracking
[30Dec2025 03:03:48.788] [modloading-worker-0/DEBUG] [net.minecraftforge.fml.javafmlmod.AutomaticEventSubscriber/LOADING]: Attempting to inject @EventBusSubscriber classes into the eventbus for mobsunscreen
[30Dec2025 03:03:48.815] [modloading-worker-0/DEBUG] [net.minecraftforge.fml.javafmlmod.AutomaticEventSubscriber/LOADING]: Attempting to inject @EventBusSubscriber classes into the eventbus for fastbench
[30Dec2025 03:03:48.815] [modloading-worker-0/DEBUG] [net.minecraftforge.fml.javafmlmod.AutomaticEventSubscriber/LOADING]: Auto-subscribing dev.shadowsoffire.fastbench.util.SlotUpdateManager to FORGE
[30Dec2025 03:03:48.827] [modloading-worker-0/DEBUG] [net.minecraftforge.fml.javafmlmod.AutomaticEventSubscriber/LOADING]: Attempting to inject @EventBusSubscriber classes into the eventbus for polymorph
[30Dec2025 03:03:48.841] [modloading-worker-0/DEBUG] [net.minecraftforge.fml.config.ConfigTracker/CONFIG]: Config file securitycraft-client.toml for securitycraft tracking
[30Dec2025 03:03:48.845] [modloading-worker-0/DEBUG] [net.minecraftforge.fml.config.ConfigTracker/CONFIG]: Config file securitycraft-server.toml for securitycraft tracking
[30Dec2025 03:03:48.856] [modloading-worker-0/DEBUG] [net.minecraftforge.fml.javafmlmod.AutomaticEventSubscriber/LOADING]: Attempting to inject @EventBusSubscriber classes into the eventbus for the_deep_void
[30Dec2025 03:03:48.856] [modloading-worker-0/DEBUG] [net.minecraftforge.fml.javafmlmod.AutomaticEventSubscriber/LOADING]: Auto-subscribing net.mcreator.thedeepvoid.world.features.StructureFeature to FORGE
[30Dec2025 03:03:48.858] [modloading-worker-0/DEBUG] [net.minecraftforge.fml.javafmlmod.AutomaticEventSubscriber/LOADING]: Auto-subscribing net.mcreator.thedeepvoid.world.dimension.DeepVoidDimension to FORGE
[30Dec2025 03:03:48.859] [modloading-worker-0/DEBUG] [net.minecraftforge.fml.javafmlmod.AutomaticEventSubscriber/LOADING]: Auto-subscribing net.mcreator.thedeepvoid.world.dimension.DeepVoidDimension$DeepVoidSpecialEffectsHandler to MOD
[30Dec2025 03:03:48.861] [modloading-worker-0/DEBUG] [net.minecraftforge.fml.javafmlmod.AutomaticEventSubscriber/LOADING]: Auto-subscribing net.mcreator.thedeepvoid.recipes.brewing.RotPotionRecipeBrewingRecipe to MOD
[30Dec2025 03:03:48.865] [modloading-worker-0/DEBUG] [net.minecraftforge.fml.javafmlmod.AutomaticEventSubscriber/LOADING]: Auto-subscribing net.mcreator.thedeepvoid.procedures.VoidriumBootsTickEventProcedure to FORGE
[30Dec2025 03:03:48.866] [modloading-worker-0/DEBUG] [net.minecraftforge.fml.javafmlmod.AutomaticEventSubscriber/LOADING]: Auto-subscribing net.mcreator.thedeepvoid.procedures.VoidVisionSpyglassUsedProcedure to FORGE
[30Dec2025 03:03:48.870] [modloading-worker-0/DEBUG] [net.minecraftforge.fml.javafmlmod.AutomaticEventSubscriber/LOADING]: Auto-subscribing net.mcreator.thedeepvoid.procedures.VoidDaggerRightclickedProcedure to FORGE
[30Dec2025 03:03:48.871] [modloading-worker-0/DEBUG] [net.minecraftforge.fml.javafmlmod.AutomaticEventSubscriber/LOADING]: Auto-subscribing net.mcreator.thedeepvoid.procedures.SulfurTntOnBlockRightClickedProcedure to FORGE
[30Dec2025 03:03:48.872] [modloading-worker-0/DEBUG] [net.minecraftforge.fml.javafmlmod.AutomaticEventSubscriber/LOADING]: Auto-subscribing net.mcreator.thedeepvoid.procedures.SulfurPowderPlacedProcedure to FORGE
[30Dec2025 03:03:48.873] [modloading-worker-0/DEBUG] [net.minecraftforge.fml.javafmlmod.AutomaticEventSubscriber/LOADING]: Auto-subscribing net.mcreator.thedeepvoid.procedures.StopMusicFromPlayingProcedure to FORGE
[30Dec2025 03:03:48.877] [modloading-worker-0/DEBUG] [net.minecraftforge.fml.javafmlmod.AutomaticEventSubscriber/LOADING]: Auto-subscribing net.mcreator.thedeepvoid.procedures.SpongeIsPlacedProcedure to FORGE
[30Dec2025 03:03:48.877] [modloading-worker-0/DEBUG] [net.minecraftforge.fml.javafmlmod.AutomaticEventSubscriber/LOADING]: Auto-subscribing net.mcreator.thedeepvoid.procedures.RottenArmorAbilityProcedureProcedure to FORGE
[30Dec2025 03:03:48.878] [modloading-worker-0/DEBUG] [net.minecraftforge.fml.javafmlmod.AutomaticEventSubscriber/LOADING]: Auto-subscribing net.mcreator.thedeepvoid.procedures.PreventSpectatorLimboProcedure to FORGE
[30Dec2025 03:03:48.879] [modloading-worker-0/DEBUG] [net.minecraftforge.fml.javafmlmod.AutomaticEventSubscriber/LOADING]: Auto-subscribing net.mcreator.thedeepvoid.procedures.PlayerOrStalkerDiesProcedure to FORGE
[30Dec2025 03:03:48.883] [modloading-worker-0/DEBUG] [net.minecraftforge.fml.javafmlmod.AutomaticEventSubscriber/LOADING]: Auto-subscribing net.mcreator.thedeepvoid.procedures.PlayerLooksAtVoidDwellerProcedure to FORGE
[30Dec2025 03:03:48.884] [modloading-worker-0/DEBUG] [net.minecraftforge.fml.javafmlmod.AutomaticEventSubscriber/LOADING]: Auto-subscribing net.mcreator.thedeepvoid.procedures.PlayerLooksAtStalkingProcedure to FORGE
[30Dec2025 03:03:48.885] [modloading-worker-0/DEBUG] [net.minecraftforge.fml.javafmlmod.AutomaticEventSubscriber/LOADING]: Auto-subscribing net.mcreator.thedeepvoid.procedures.PlayerLooksAtStalkerProcedure to FORGE
[30Dec2025 03:03:48.886] [modloading-worker-0/DEBUG] [net.minecraftforge.fml.javafmlmod.AutomaticEventSubscriber/LOADING]: Auto-subscribing net.mcreator.thedeepvoid.procedures.PlayerIsWearingGrimArmorProcedure to FORGE
[30Dec2025 03:03:48.888] [modloading-worker-0/DEBUG] [net.minecraftforge.fml.javafmlmod.AutomaticEventSubscriber/LOADING]: Auto-subscribing net.mcreator.thedeepvoid.procedures.PlayerIsInTheDarkInForgottenValleyProcedure to FORGE
[30Dec2025 03:03:48.887] [modloading-worker-0/INFO] [KubeJS Startup/]: example.js#5: Hello, World! (Loaded startup scripts)
[30Dec2025 03:03:48.891] [modloading-worker-0/DEBUG] [net.minecraftforge.fml.javafmlmod.AutomaticEventSubscriber/LOADING]: Auto-subscribing net.mcreator.thedeepvoid.procedures.PlayerIsInDeepVoidProcedure to FORGE
[30Dec2025 03:03:48.893] [modloading-worker-0/INFO] [KubeJS Startup/]: Loaded script startup_scripts:example.js in 0.1 s
[30Dec2025 03:03:48.898] [modloading-worker-0/DEBUG] [net.minecraftforge.fml.javafmlmod.AutomaticEventSubscriber/LOADING]: Auto-subscribing net.mcreator.thedeepvoid.procedures.PlayerEntersWorldProcedure to FORGE
[30Dec2025 03:03:48.899] [modloading-worker-0/DEBUG] [net.minecraftforge.fml.javafmlmod.AutomaticEventSubscriber/LOADING]: Auto-subscribing net.mcreator.thedeepvoid.procedures.PlayerBreaksBlockProcedure to FORGE
[30Dec2025 03:03:48.900] [modloading-worker-0/DEBUG] [net.minecraftforge.fml.javafmlmod.AutomaticEventSubscriber/LOADING]: Auto-subscribing net.mcreator.thedeepvoid.procedures.PlayerAttackedByStalkerProcedure to FORGE
[30Dec2025 03:03:48.904] [modloading-worker-0/DEBUG] [net.minecraftforge.fml.javafmlmod.AutomaticEventSubscriber/LOADING]: Auto-subscribing net.mcreator.thedeepvoid.procedures.PlantDestroyedByPlayerProcedure to FORGE
[30Dec2025 03:03:48.904] [modloading-worker-0/INFO] [KubeJS Startup/]: Loaded 1/1 KubeJS startup scripts in 0.944 s with 0 errors and 0 warnings
[30Dec2025 03:03:48.923] [modloading-worker-0/DEBUG] [net.minecraftforge.fml.javafmlmod.AutomaticEventSubscriber/LOADING]: Auto-subscribing net.mcreator.thedeepvoid.procedures.PainKillerEntityHurtProcedure to FORGE
[30Dec2025 03:03:48.923] [modloading-worker-0/DEBUG] [net.minecraftforge.fml.javafmlmod.AutomaticEventSubscriber/LOADING]: Auto-subscribing net.mcreator.thedeepvoid.procedures.OnyxArmorProcedureProcedure to FORGE
[30Dec2025 03:03:48.926] [modloading-worker-0/DEBUG] [net.minecraftforge.fml.javafmlmod.AutomaticEventSubscriber/LOADING]: Auto-subscribing net.mcreator.thedeepvoid.procedures.NightmareHalfHealthProcedure to FORGE
[30Dec2025 03:03:48.927] [modloading-worker-0/DEBUG] [net.minecraftforge.fml.javafmlmod.AutomaticEventSubscriber/LOADING]: Auto-subscribing net.mcreator.thedeepvoid.procedures.MiscFallsProcedure to FORGE
[30Dec2025 03:03:48.930] [modloading-worker-0/DEBUG] [net.minecraftforge.fml.javafmlmod.AutomaticEventSubscriber/LOADING]: Auto-subscribing net.mcreator.thedeepvoid.procedures.LightIsPlacedProcedure to FORGE
[30Dec2025 03:03:48.932] [modloading-worker-0/DEBUG] [net.minecraftforge.fml.javafmlmod.AutomaticEventSubscriber/LOADING]: Auto-subscribing net.mcreator.thedeepvoid.procedures.LightExtinguishProcedureProcedure to FORGE
[30Dec2025 03:03:48.940] [modloading-worker-0/DEBUG] [net.minecraftforge.fml.javafmlmod.AutomaticEventSubscriber/LOADING]: Auto-subscribing net.mcreator.thedeepvoid.procedures.LightAttackedProcedure to FORGE
[30Dec2025 03:03:48.941] [modloading-worker-0/DEBUG] [net.minecraftforge.fml.javafmlmod.AutomaticEventSubscriber/LOADING]: Auto-subscribing net.mcreator.thedeepvoid.procedures.LavenditeShieldBlockProcedure to FORGE
[30Dec2025 03:03:48.942] [modloading-worker-0/DEBUG] [net.minecraftforge.fml.javafmlmod.AutomaticEventSubscriber/LOADING]: Auto-subscribing net.mcreator.thedeepvoid.procedures.LavenditeArmorProcedureProcedure to FORGE
[30Dec2025 03:03:48.943] [modloading-worker-0/DEBUG] [net.minecraftforge.fml.javafmlmod.AutomaticEventSubscriber/LOADING]: Auto-subscribing net.mcreator.thedeepvoid.procedures.IfPlayerFallsInVoidProcedure to FORGE
[30Dec2025 03:03:48.946] [modloading-worker-0/DEBUG] [net.minecraftforge.fml.javafmlmod.AutomaticEventSubscriber/LOADING]: Auto-subscribing net.mcreator.thedeepvoid.procedures.GrimScytheKillEntityProcedure to FORGE
[30Dec2025 03:03:48.948] [modloading-worker-0/DEBUG] [net.minecraftforge.fml.javafmlmod.AutomaticEventSubscriber/LOADING]: Auto-subscribing net.mcreator.thedeepvoid.procedures.FallingCorpseEntityFallsProcedure to FORGE
[30Dec2025 03:03:48.953] [modloading-worker-0/DEBUG] [net.minecraftforge.fml.javafmlmod.AutomaticEventSubscriber/LOADING]: Auto-subscribing net.mcreator.thedeepvoid.procedures.EyeShieldBlockProcedure to FORGE
[30Dec2025 03:03:48.954] [modloading-worker-0/DEBUG] [net.minecraftforge.fml.javafmlmod.AutomaticEventSubscriber/LOADING]: Auto-subscribing net.mcreator.thedeepvoid.procedures.EntityAttackedRottenHeartProcedure to FORGE
[30Dec2025 03:03:48.958] [modloading-worker-0/DEBUG] [net.minecraftforge.fml.javafmlmod.AutomaticEventSubscriber/LOADING]: Auto-subscribing net.mcreator.thedeepvoid.procedures.DevourerShieldUsedProcedure to FORGE
[30Dec2025 03:03:48.962] [modloading-worker-0/DEBUG] [net.minecraftforge.fml.javafmlmod.AutomaticEventSubscriber/LOADING]: Auto-subscribing net.mcreator.thedeepvoid.procedures.DevourerAttacksProcedure to FORGE
[30Dec2025 03:03:48.962] [modloading-worker-0/DEBUG] [net.minecraftforge.fml.javafmlmod.AutomaticEventSubscriber/LOADING]: Auto-subscribing net.mcreator.thedeepvoid.procedures.DamnedSpawnsProcedure to FORGE
[30Dec2025 03:03:48.963] [modloading-worker-0/DEBUG] [net.minecraftforge.fml.javafmlmod.AutomaticEventSubscriber/LOADING]: Auto-subscribing net.mcreator.thedeepvoid.procedures.CultTemplePlacementProcedure to FORGE
[30Dec2025 03:03:48.964] [modloading-worker-0/DEBUG] [net.minecraftforge.fml.javafmlmod.AutomaticEventSubscriber/LOADING]: Auto-subscribing net.mcreator.thedeepvoid.procedures.CallOfTheVoidDigProcedure to FORGE
[30Dec2025 03:03:48.971] [modloading-worker-0/DEBUG] [net.minecraftforge.fml.javafmlmod.AutomaticEventSubscriber/LOADING]: Auto-subscribing net.mcreator.thedeepvoid.procedures.CallOfTheVoidCheckProcedure to FORGE
[30Dec2025 03:03:48.977] [modloading-worker-0/DEBUG] [net.minecraftforge.fml.javafmlmod.AutomaticEventSubscriber/LOADING]: Auto-subscribing net.mcreator.thedeepvoid.procedures.BreakBedrockProcedure to FORGE
[30Dec2025 03:03:48.979] [modloading-worker-0/DEBUG] [net.minecraftforge.fml.javafmlmod.AutomaticEventSubscriber/LOADING]: Auto-subscribing net.mcreator.thedeepvoid.procedures.BoneCrawlerHurtProcedure to FORGE
[30Dec2025 03:03:48.983] [modloading-worker-0/DEBUG] [net.minecraftforge.fml.javafmlmod.AutomaticEventSubscriber/LOADING]: Auto-subscribing net.mcreator.thedeepvoid.procedures.BismuthArmorProcedureProcedure to FORGE
[30Dec2025 03:03:48.984] [modloading-worker-0/DEBUG] [net.minecraftforge.fml.javafmlmod.AutomaticEventSubscriber/LOADING]: Auto-subscribing net.mcreator.thedeepvoid.network.TheDeepVoidModVariables to MOD
[30Dec2025 03:03:48.987] [modloading-worker-0/DEBUG] [net.minecraftforge.fml.javafmlmod.AutomaticEventSubscriber/LOADING]: Auto-subscribing net.mcreator.thedeepvoid.network.TheDeepVoidModVariables$PlayerVariablesProvider to FORGE
[30Dec2025 03:03:48.991] [modloading-worker-0/DEBUG] [net.minecraftforge.fml.javafmlmod.AutomaticEventSubscriber/LOADING]: Auto-subscribing net.mcreator.thedeepvoid.network.TheDeepVoidModVariables$EventBusVariableHandlers to FORGE
[30Dec2025 03:03:48.997] [modloading-worker-0/DEBUG] [net.minecraftforge.fml.javafmlmod.AutomaticEventSubscriber/LOADING]: Auto-subscribing net.mcreator.thedeepvoid.network.ArmorAbilityMessage to MOD
[30Dec2025 03:03:48.998] [modloading-worker-0/DEBUG] [net.minecraftforge.fml.javafmlmod.AutomaticEventSubscriber/LOADING]: Auto-subscribing net.mcreator.thedeepvoid.item.extension.SulfurTntDispensedItemExtension to MOD
[30Dec2025 03:03:48.998] [modloading-worker-0/DEBUG] [net.minecraftforge.fml.javafmlmod.AutomaticEventSubscriber/LOADING]: Auto-subscribing net.mcreator.thedeepvoid.init.TheDeepVoidModFuels to FORGE
[30Dec2025 03:03:48.999] [modloading-worker-0/DEBUG] [net.minecraftforge.fml.javafmlmod.AutomaticEventSubscriber/LOADING]: Auto-subscribing net.mcreator.thedeepvoid.init.TheDeepVoidModEntities to MOD
[30Dec2025 03:03:49.000] [modloading-worker-0/DEBUG] [net.minecraftforge.fml.javafmlmod.AutomaticEventSubscriber/LOADING]: Auto-subscribing net.mcreator.thedeepvoid.init.TheDeepVoidModConfigs to MOD
[30Dec2025 03:03:49.001] [modloading-worker-0/DEBUG] [net.minecraftforge.fml.javafmlmod.AutomaticEventSubscriber/LOADING]: Auto-subscribing net.mcreator.thedeepvoid.init.TheDeepVoidModCompostableItems to MOD
[30Dec2025 03:03:49.004] [modloading-worker-0/DEBUG] [net.minecraftforge.fml.javafmlmod.AutomaticEventSubscriber/LOADING]: Auto-subscribing net.mcreator.thedeepvoid.command.SetStalkerCountCommand to FORGE
[30Dec2025 03:03:49.005] [modloading-worker-0/DEBUG] [net.minecraftforge.fml.javafmlmod.AutomaticEventSubscriber/LOADING]: Auto-subscribing net.mcreator.thedeepvoid.command.SetNightmareCountCommand to FORGE
[30Dec2025 03:03:49.016] [modloading-worker-0/DEBUG] [net.minecraftforge.fml.javafmlmod.AutomaticEventSubscriber/LOADING]: Attempting to inject @EventBusSubscriber classes into the eventbus for better_zombie_drops
[30Dec2025 03:03:49.018] [modloading-worker-0/INFO] [de.keksuccino.fancymenu.FancyMenu/]: [FANCYMENU] Loading v3.3.2 in server-side mode on FORGE!
[30Dec2025 03:03:49.068] [modloading-worker-0/INFO] [dev.architectury.networking.forge.NetworkManagerImpl/]: Registering C2S receiver with id kubejs:send_data_from_client
[30Dec2025 03:03:49.090] [modloading-worker-0/INFO] [dev.architectury.networking.forge.NetworkManagerImpl/]: Registering C2S receiver with id kubejs:first_click
[30Dec2025 03:03:49.109] [modloading-worker-0/DEBUG] [net.minecraftforge.fml.javafmlmod.AutomaticEventSubscriber/LOADING]: Attempting to inject @EventBusSubscriber classes into the eventbus for kubejs
[30Dec2025 03:03:49.111] [modloading-worker-0/DEBUG] [net.minecraftforge.fml.javafmlmod.AutomaticEventSubscriber/LOADING]: Attempting to inject @EventBusSubscriber classes into the eventbus for immediatelyfast
[30Dec2025 03:03:49.116] [modloading-worker-0/DEBUG] [net.minecraftforge.fml.javafmlmod.AutomaticEventSubscriber/LOADING]: Attempting to inject @EventBusSubscriber classes into the eventbus for fancymenu
[30Dec2025 03:03:49.116] [modloading-worker-0/INFO] [coroutil/]: forge loader environment detected
[30Dec2025 03:03:49.121] [modloading-worker-0/DEBUG] [net.minecraftforge.fml.javafmlmod.AutomaticEventSubscriber/LOADING]: Attempting to inject @EventBusSubscriber classes into the eventbus for fastfurnace
[30Dec2025 03:03:49.129] [modloading-worker-0/DEBUG] [net.minecraftforge.fml.config.ConfigTracker/CONFIG]: Config file lootr-common.toml for lootr tracking
[30Dec2025 03:03:49.130] [modloading-worker-0/DEBUG] [net.minecraftforge.fml.config.ConfigTracker/CONFIG]: Config file lootr-client.toml for lootr tracking
[30Dec2025 03:03:49.130] [modloading-worker-0/DEBUG] [net.minecraftforge.fml.config.ConfigTracker/CONFIG]: Config file CoroUtil/General.toml for coroutil tracking
[30Dec2025 03:03:49.135] [modloading-worker-0/DEBUG] [net.minecraftforge.fml.javafmlmod.AutomaticEventSubscriber/LOADING]: Attempting to inject @EventBusSubscriber classes into the eventbus for coroutil
[30Dec2025 03:03:49.138] [modloading-worker-0/DEBUG] [net.minecraftforge.fml.javafmlmod.AutomaticEventSubscriber/LOADING]: Attempting to inject @EventBusSubscriber classes into the eventbus for ferritecore
[30Dec2025 03:03:49.139] [modloading-worker-0/DEBUG] [net.minecraftforge.fml.javafmlmod.AutomaticEventSubscriber/LOADING]: Attempting to inject @EventBusSubscriber classes into the eventbus for puzzleslib
[30Dec2025 03:03:49.139] [modloading-worker-0/DEBUG] [net.minecraftforge.fml.javafmlmod.AutomaticEventSubscriber/LOADING]: Auto-subscribing fuzs.puzzleslib.impl.PuzzlesLibForge to MOD
[30Dec2025 03:03:49.163] [modloading-worker-0/DEBUG] [net.minecraftforge.fml.javafmlmod.AutomaticEventSubscriber/LOADING]: Attempting to inject @EventBusSubscriber classes into the eventbus for lootr
[30Dec2025 03:03:49.164] [modloading-worker-0/DEBUG] [net.minecraftforge.fml.javafmlmod.AutomaticEventSubscriber/LOADING]: Auto-subscribing noobanidus.mods.lootr.setup.CommonSetup to MOD
[30Dec2025 03:03:49.166] [modloading-worker-0/DEBUG] [net.minecraftforge.fml.javafmlmod.AutomaticEventSubscriber/LOADING]: Auto-subscribing noobanidus.mods.lootr.init.ModTabs to MOD
[30Dec2025 03:03:49.168] [modloading-worker-0/DEBUG] [net.minecraftforge.fml.javafmlmod.AutomaticEventSubscriber/LOADING]: Auto-subscribing noobanidus.mods.lootr.init.ModItems to MOD
[30Dec2025 03:03:49.165] [modloading-worker-0/INFO] [Puzzles Lib/]: Constructing common components for puzzleslib:main
[30Dec2025 03:03:49.168] [modloading-worker-0/DEBUG] [net.minecraftforge.fml.javafmlmod.AutomaticEventSubscriber/LOADING]: Auto-subscribing noobanidus.mods.lootr.gen.LootrDataGenerators to MOD
[30Dec2025 03:03:49.171] [modloading-worker-0/DEBUG] [net.minecraftforge.fml.javafmlmod.AutomaticEventSubscriber/LOADING]: Auto-subscribing noobanidus.mods.lootr.event.HandleChunk to FORGE
[30Dec2025 03:03:49.185] [modloading-worker-0/DEBUG] [net.minecraftforge.fml.javafmlmod.AutomaticEventSubscriber/LOADING]: Auto-subscribing noobanidus.mods.lootr.event.HandleCart to FORGE
[30Dec2025 03:03:49.194] [modloading-worker-0/DEBUG] [net.minecraftforge.fml.javafmlmod.AutomaticEventSubscriber/LOADING]: Auto-subscribing noobanidus.mods.lootr.event.HandleBreak to FORGE
[30Dec2025 03:03:49.194] [modloading-worker-0/DEBUG] [net.minecraftforge.fml.javafmlmod.AutomaticEventSubscriber/LOADING]: Auto-subscribing noobanidus.mods.lootr.event.HandleAdvancement to FORGE
[30Dec2025 03:03:49.195] [modloading-worker-0/DEBUG] [net.minecraftforge.fml.javafmlmod.AutomaticEventSubscriber/LOADING]: Auto-subscribing noobanidus.mods.lootr.entity.EntityTicker to FORGE
[30Dec2025 03:03:49.197] [modloading-worker-0/WARN] [de.keksuccino.justzoom.JustZoom/]: [JUST ZOOM] Disabling 'Just Zoom' since it's a client-side mod and current environment is server!
[30Dec2025 03:03:49.198] [modloading-worker-0/DEBUG] [net.minecraftforge.fml.javafmlmod.AutomaticEventSubscriber/LOADING]: Attempting to inject @EventBusSubscriber classes into the eventbus for justzoom
[30Dec2025 03:03:49.202] [modloading-worker-0/DEBUG] [net.minecraftforge.fml.javafmlmod.AutomaticEventSubscriber/LOADING]: Auto-subscribing noobanidus.mods.lootr.config.ConfigManager to MOD
[30Dec2025 03:03:49.203] [modloading-worker-0/DEBUG] [net.minecraftforge.fml.javafmlmod.AutomaticEventSubscriber/LOADING]: Auto-subscribing noobanidus.mods.lootr.block.entities.TileTicker to FORGE
[30Dec2025 03:03:49.205] [modloading-worker-0/DEBUG] [Charm of Undying/]: Loaded com.illusivesoulworks.charmofundying.platform.ForgeClientPlatform@4fb8feb5 for service interface com.illusivesoulworks.charmofundying.platform.services.IClientPlatform
[30Dec2025 03:03:49.208] [modloading-worker-0/DEBUG] [Charm of Undying/]: Loaded com.illusivesoulworks.charmofundying.platform.ForgePlatform@270baa1 for service interface com.illusivesoulworks.charmofundying.platform.services.IPlatform
[30Dec2025 03:03:49.215] [modloading-worker-0/INFO] [dev.tonimatas.packetfixer.PacketFixer/]: Packet Fixer has been initialized successfully
[30Dec2025 03:03:49.218] [modloading-worker-0/DEBUG] [net.minecraftforge.fml.javafmlmod.AutomaticEventSubscriber/LOADING]: Attempting to inject @EventBusSubscriber classes into the eventbus for packetfixer
[30Dec2025 03:03:49.243] [modloading-worker-0/DEBUG] [net.minecraftforge.fml.javafmlmod.AutomaticEventSubscriber/LOADING]: Attempting to inject @EventBusSubscriber classes into the eventbus for openloader
[30Dec2025 03:03:49.243] [modloading-worker-0/DEBUG] [net.minecraftforge.fml.javafmlmod.AutomaticEventSubscriber/LOADING]: Auto-subscribing net.darkhax.openloader.OpenLoaderForgeClient to FORGE
[30Dec2025 03:03:49.253] [modloading-worker-0/DEBUG] [SpectreLib/CONFIG]: Config file charmofundying-server.toml for charmofundying added to tracking
[30Dec2025 03:03:49.254] [modloading-worker-0/DEBUG] [net.minecraftforge.fml.javafmlmod.AutomaticEventSubscriber/LOADING]: Attempting to inject @EventBusSubscriber classes into the eventbus for charmofundying
[30Dec2025 03:03:49.367] [modloading-worker-0/INFO] [thedarkcolour.kotlinforforge.test.KotlinForForge/]: Kotlin For Forge Enabled!
[30Dec2025 03:03:49.369] [modloading-worker-0/DEBUG] [thedarkcolour.kotlinforforge.LoggerKt/LOADING]: Attempting to inject @EventBusSubscriber kotlin objects in to the event bus for kotlinforforge
[30Dec2025 03:03:49.401] [modloading-worker-0/DEBUG] [net.minecraftforge.fml.javafmlmod.AutomaticEventSubscriber/LOADING]: Attempting to inject @EventBusSubscriber classes into the eventbus for securitycraft
[30Dec2025 03:03:49.402] [modloading-worker-0/DEBUG] [net.minecraftforge.fml.javafmlmod.AutomaticEventSubscriber/LOADING]: Auto-subscribing net.geforcemods.securitycraft.api.SecurityCraftAPI to MOD
[30Dec2025 03:03:49.403] [modloading-worker-0/DEBUG] [net.minecraftforge.fml.javafmlmod.AutomaticEventSubscriber/LOADING]: Auto-subscribing net.geforcemods.securitycraft.SecurityCraft to MOD
[30Dec2025 03:03:49.403] [modloading-worker-0/DEBUG] [net.minecraftforge.fml.javafmlmod.AutomaticEventSubscriber/LOADING]: Auto-subscribing net.geforcemods.securitycraft.SCEventHandler to FORGE
[30Dec2025 03:03:49.413] [modloading-worker-0/DEBUG] [net.minecraftforge.fml.javafmlmod.AutomaticEventSubscriber/LOADING]: Auto-subscribing net.geforcemods.securitycraft.RegistrationHandler to MOD
[30Dec2025 03:03:49.417] [modloading-worker-0/DEBUG] [net.minecraftforge.fml.javafmlmod.AutomaticEventSubscriber/LOADING]: Auto-subscribing net.geforcemods.securitycraft.ConfigHandler to MOD
[30Dec2025 03:03:49.418] [main/DEBUG] [net.minecraftforge.fml.DeferredWorkQueue/LOADING]: Dispatching synchronous work for work queue CONSTRUCT: 2 jobs
[30Dec2025 03:03:49.421] [main/DEBUG] [net.minecraftforge.fml.config.ConfigTracker/CONFIG]: Config file Deep Void Config.toml for the_deep_void tracking
[30Dec2025 03:03:49.421] [main/DEBUG] [net.minecraftforge.fml.DeferredWorkQueue/LOADING]: Synchronous work queue completed in 2.709 ms
[30Dec2025 03:03:49.427] [main/DEBUG] [net.minecraftforge.fml.config.ConfigTracker/CONFIG]: Config file cofh_core-common.toml for cofh_core tracking
[30Dec2025 03:03:49.428] [main/DEBUG] [SpectreLib/CONFIG]: Loading global configs
[30Dec2025 03:03:49.429] [main/DEBUG] [SpectreLib/]: Loaded com.illusivesoulworks.spectrelib.platform.ForgeConfigHelper@4d763525 for service interface com.illusivesoulworks.spectrelib.platform.services.IConfigHelper
[30Dec2025 03:03:49.430] [main/DEBUG] [SpectreLib/CONFIG]: Built TOML config for /workspaces/creacion1/servidor_minecraft/config/charmofundying-server.toml
[30Dec2025 03:03:49.430] [main/DEBUG] [SpectreLib/CONFIG]: Loaded TOML config file /workspaces/creacion1/servidor_minecraft/config/charmofundying-server.toml
[30Dec2025 03:03:49.578] [main/DEBUG] [net.minecraftforge.common.capabilities.CapabilityManager/CAPABILITIES]: Attempting to automatically register: Lnet/minecraftforge/energy/IEnergyStorage;
[30Dec2025 03:03:49.578] [main/DEBUG] [net.minecraftforge.common.capabilities.CapabilityManager/CAPABILITIES]: Attempting to automatically register: Lnet/minecraftforge/fluids/capability/IFluidHandler;
[30Dec2025 03:03:49.578] [main/DEBUG] [net.minecraftforge.common.capabilities.CapabilityManager/CAPABILITIES]: Attempting to automatically register: Lnet/minecraftforge/fluids/capability/IFluidHandlerItem;
[30Dec2025 03:03:49.578] [main/DEBUG] [net.minecraftforge.common.capabilities.CapabilityManager/CAPABILITIES]: Attempting to automatically register: Lnet/minecraftforge/items/IItemHandler;
[30Dec2025 03:03:50.180] [main/INFO] [Moonlight/]: Initialized block sets in 12ms
[30Dec2025 03:03:50.214] [main/DEBUG] [software.bernie.geckolib.GeckoLib/]: Registered SyncedAnimatable for class com.vicmatskiv.pointblank.item.AttachmentItem
[30Dec2025 03:03:50.229] [main/DEBUG] [software.bernie.geckolib.GeckoLib/]: Registered SyncedAnimatable for class com.vicmatskiv.pointblank.item.GunItem
[30Dec2025 03:03:50.415] [main/DEBUG] [dev.architectury.core.item.ArchitecturySpawnEggItem/]: Registering spawn egg male_villager_spawn_egg for mca:male_villager
[30Dec2025 03:03:50.415] [main/DEBUG] [dev.architectury.core.item.ArchitecturySpawnEggItem/]: Registering spawn egg female_villager_spawn_egg for mca:female_villager
[30Dec2025 03:03:50.415] [main/DEBUG] [dev.architectury.core.item.ArchitecturySpawnEggItem/]: Registering spawn egg male_zombie_villager_spawn_egg for mca:male_zombie_villager
[30Dec2025 03:03:50.416] [main/DEBUG] [dev.architectury.core.item.ArchitecturySpawnEggItem/]: Registering spawn egg female_zombie_villager_spawn_egg for mca:female_zombie_villager
[30Dec2025 03:03:50.416] [main/DEBUG] [dev.architectury.core.item.ArchitecturySpawnEggItem/]: Registering spawn egg grim_reaper_spawn_egg for mca:grim_reaper
[30Dec2025 03:03:50.541] [main/DEBUG] [placebo/]: Registered 0 recipe types.
[30Dec2025 03:03:50.547] [main/DEBUG] [bookshelf/]: Built 2 minecraft:recipe_serializer entries. Took 2.24ms.
[30Dec2025 03:03:50.560] [main/DEBUG] [mixin/]: Mixing IngredientsWithChildrenMixin from kubejs-forge.mixins.json into net.minecraftforge.common.crafting.IntersectionIngredient
[30Dec2025 03:03:50.572] [main/DEBUG] [bookshelf/]: Built 2 minecraft:command_argument_type entries. Took 3.13ms.
[30Dec2025 03:03:50.639] [main/INFO] [ModdingLegacy/StructureGel/]: [structure_gel] Registering data for structure_gel:loot_table_alias
[30Dec2025 03:03:50.650] [main/INFO] [ModdingLegacy/StructureGel/]: [structure_gel] Registering data for structure_gel:data_handler_type
[30Dec2025 03:03:50.653] [main/INFO] [ModdingLegacy/StructureGel/]: [structure_gel] Registering data for structure_gel:dynamic_spawner
[30Dec2025 03:03:50.656] [main/INFO] [ModdingLegacy/StructureGel/]: [structure_gel] Registering data for structure_gel:jigsaw_type
[30Dec2025 03:03:50.746] [main/WARN] [net.minecraft.network.syncher.SynchedEntityData/]: defineId called for: class forge.net.mca.entity.VillagerEntityMCA from class forge.net.mca.util.network.datasync.CDataParameter
[30Dec2025 03:03:50.746] [main/WARN] [net.minecraft.network.syncher.SynchedEntityData/]: defineId called for: class forge.net.mca.entity.VillagerEntityMCA from class forge.net.mca.util.network.datasync.CDataParameter
[30Dec2025 03:03:50.747] [main/WARN] [net.minecraft.network.syncher.SynchedEntityData/]: defineId called for: class forge.net.mca.entity.VillagerEntityMCA from class forge.net.mca.util.network.datasync.CDataParameter
[30Dec2025 03:03:50.747] [main/WARN] [net.minecraft.network.syncher.SynchedEntityData/]: defineId called for: class forge.net.mca.entity.VillagerEntityMCA from class forge.net.mca.util.network.datasync.CDataParameter
[30Dec2025 03:03:50.747] [main/WARN] [net.minecraft.network.syncher.SynchedEntityData/]: defineId called for: class forge.net.mca.entity.VillagerEntityMCA from class forge.net.mca.util.network.datasync.CDataParameter
[30Dec2025 03:03:50.747] [main/WARN] [net.minecraft.network.syncher.SynchedEntityData/]: defineId called for: class forge.net.mca.entity.VillagerEntityMCA from class forge.net.mca.util.network.datasync.CDataParameter
[30Dec2025 03:03:50.747] [main/WARN] [net.minecraft.network.syncher.SynchedEntityData/]: defineId called for: class forge.net.mca.entity.VillagerEntityMCA from class forge.net.mca.util.network.datasync.CDataParameter
[30Dec2025 03:03:50.747] [main/WARN] [net.minecraft.network.syncher.SynchedEntityData/]: defineId called for: class forge.net.mca.entity.VillagerEntityMCA from class forge.net.mca.util.network.datasync.CEnumParameter
[30Dec2025 03:03:50.749] [main/WARN] [net.minecraft.network.syncher.SynchedEntityData/]: defineId called for: class forge.net.mca.entity.VillagerEntityMCA from class forge.net.mca.util.network.datasync.CDataParameter
[30Dec2025 03:03:50.750] [main/WARN] [net.minecraft.network.syncher.SynchedEntityData/]: defineId called for: class forge.net.mca.entity.VillagerEntityMCA from class forge.net.mca.util.network.datasync.CDataParameter
[30Dec2025 03:03:50.750] [main/WARN] [net.minecraft.network.syncher.SynchedEntityData/]: defineId called for: class forge.net.mca.entity.VillagerEntityMCA from class forge.net.mca.util.network.datasync.CDataParameter
[30Dec2025 03:03:50.750] [main/WARN] [net.minecraft.network.syncher.SynchedEntityData/]: defineId called for: class forge.net.mca.entity.VillagerEntityMCA from class forge.net.mca.util.network.datasync.CDataParameter
[30Dec2025 03:03:50.750] [main/WARN] [net.minecraft.network.syncher.SynchedEntityData/]: defineId called for: class forge.net.mca.entity.VillagerEntityMCA from class forge.net.mca.util.network.datasync.CDataParameter
[30Dec2025 03:03:50.750] [main/WARN] [net.minecraft.network.syncher.SynchedEntityData/]: defineId called for: class forge.net.mca.entity.VillagerEntityMCA from class forge.net.mca.util.network.datasync.CDataParameter
[30Dec2025 03:03:50.751] [main/WARN] [net.minecraft.network.syncher.SynchedEntityData/]: defineId called for: class forge.net.mca.entity.VillagerEntityMCA from class forge.net.mca.util.network.datasync.CDataParameter
[30Dec2025 03:03:50.751] [main/WARN] [net.minecraft.network.syncher.SynchedEntityData/]: defineId called for: class forge.net.mca.entity.VillagerEntityMCA from class forge.net.mca.util.network.datasync.CDataParameter
[30Dec2025 03:03:50.751] [main/WARN] [net.minecraft.network.syncher.SynchedEntityData/]: defineId called for: class forge.net.mca.entity.VillagerEntityMCA from class forge.net.mca.util.network.datasync.CDataParameter
[30Dec2025 03:03:50.751] [main/WARN] [net.minecraft.network.syncher.SynchedEntityData/]: defineId called for: class forge.net.mca.entity.VillagerEntityMCA from class forge.net.mca.util.network.datasync.CDataParameter
[30Dec2025 03:03:50.751] [main/WARN] [net.minecraft.network.syncher.SynchedEntityData/]: defineId called for: class forge.net.mca.entity.VillagerEntityMCA from class forge.net.mca.util.network.datasync.CDataParameter
[30Dec2025 03:03:50.751] [main/WARN] [net.minecraft.network.syncher.SynchedEntityData/]: defineId called for: class forge.net.mca.entity.VillagerEntityMCA from class forge.net.mca.util.network.datasync.CEnumParameter
[30Dec2025 03:03:50.752] [main/WARN] [net.minecraft.network.syncher.SynchedEntityData/]: defineId called for: class forge.net.mca.entity.VillagerEntityMCA from class forge.net.mca.util.network.datasync.CDataParameter
[30Dec2025 03:03:50.756] [main/WARN] [net.minecraft.network.syncher.SynchedEntityData/]: defineId called for: class forge.net.mca.entity.VillagerEntityMCA from class forge.net.mca.util.network.datasync.CDataParameter
[30Dec2025 03:03:50.756] [main/WARN] [net.minecraft.network.syncher.SynchedEntityData/]: defineId called for: class forge.net.mca.entity.VillagerEntityMCA from class forge.net.mca.util.network.datasync.CEnumParameter
[30Dec2025 03:03:50.756] [main/WARN] [net.minecraft.network.syncher.SynchedEntityData/]: defineId called for: class forge.net.mca.entity.VillagerEntityMCA from class forge.net.mca.util.network.datasync.CDataParameter
[30Dec2025 03:03:50.757] [main/WARN] [net.minecraft.network.syncher.SynchedEntityData/]: defineId called for: class forge.net.mca.entity.VillagerEntityMCA from class forge.net.mca.util.network.datasync.CEnumParameter
[30Dec2025 03:03:50.757] [main/WARN] [net.minecraft.network.syncher.SynchedEntityData/]: defineId called for: class forge.net.mca.entity.VillagerEntityMCA from class forge.net.mca.util.network.datasync.CEnumParameter
[30Dec2025 03:03:50.757] [main/WARN] [net.minecraft.network.syncher.SynchedEntityData/]: defineId called for: class forge.net.mca.entity.VillagerEntityMCA from class forge.net.mca.util.network.datasync.CDataParameter
[30Dec2025 03:03:50.757] [main/WARN] [net.minecraft.network.syncher.SynchedEntityData/]: defineId called for: class forge.net.mca.entity.VillagerEntityMCA from class forge.net.mca.util.network.datasync.CDataParameter
[30Dec2025 03:03:50.758] [main/WARN] [net.minecraft.network.syncher.SynchedEntityData/]: defineId called for: class forge.net.mca.entity.VillagerEntityMCA from class forge.net.mca.util.network.datasync.CDataParameter
[30Dec2025 03:03:50.758] [main/WARN] [net.minecraft.network.syncher.SynchedEntityData/]: defineId called for: class forge.net.mca.entity.VillagerEntityMCA from class forge.net.mca.util.network.datasync.CDataParameter
[30Dec2025 03:03:50.758] [main/WARN] [net.minecraft.network.syncher.SynchedEntityData/]: defineId called for: class forge.net.mca.entity.VillagerEntityMCA from class forge.net.mca.util.network.datasync.CDataParameter
[30Dec2025 03:03:50.760] [main/WARN] [net.minecraft.network.syncher.SynchedEntityData/]: defineId called for: class forge.net.mca.entity.VillagerEntityMCA from class forge.net.mca.util.network.datasync.CDataParameter
[30Dec2025 03:03:50.766] [main/WARN] [net.minecraft.network.syncher.SynchedEntityData/]: defineId called for: class forge.net.mca.entity.VillagerEntityMCA from class forge.net.mca.util.network.datasync.CDataParameter
[30Dec2025 03:03:50.766] [main/WARN] [net.minecraft.network.syncher.SynchedEntityData/]: defineId called for: class forge.net.mca.entity.VillagerEntityMCA from class forge.net.mca.util.network.datasync.CDataParameter
[30Dec2025 03:03:50.768] [main/WARN] [net.minecraft.network.syncher.SynchedEntityData/]: defineId called for: class forge.net.mca.entity.VillagerEntityMCA from class forge.net.mca.util.network.datasync.CDataParameter
[30Dec2025 03:03:50.768] [main/WARN] [net.minecraft.network.syncher.SynchedEntityData/]: defineId called for: class forge.net.mca.entity.VillagerEntityMCA from class forge.net.mca.util.network.datasync.CDataParameter
[30Dec2025 03:03:50.768] [main/WARN] [net.minecraft.network.syncher.SynchedEntityData/]: defineId called for: class forge.net.mca.entity.VillagerEntityMCA from class forge.net.mca.util.network.datasync.CDataParameter
[30Dec2025 03:03:50.769] [main/WARN] [net.minecraft.network.syncher.SynchedEntityData/]: defineId called for: class forge.net.mca.entity.GrimReaperEntity from class forge.net.mca.util.network.datasync.CEnumParameter
[30Dec2025 03:03:50.796] [main/DEBUG] [net.minecraftforge.fml.config.ConfigTracker/CONFIG]: Loading configs type COMMON
[30Dec2025 03:03:50.797] [main/DEBUG] [net.minecraftforge.fml.config.ConfigFileTypeHandler/CONFIG]: Built TOML config for /workspaces/creacion1/servidor_minecraft/config/citadel-common.toml
[30Dec2025 03:03:50.797] [main/DEBUG] [net.minecraftforge.fml.config.ConfigFileTypeHandler/CONFIG]: Loaded TOML config file /workspaces/creacion1/servidor_minecraft/config/citadel-common.toml
[30Dec2025 03:03:50.800] [main/DEBUG] [net.minecraftforge.fml.config.ConfigFileTypeHandler/CONFIG]: Watching TOML config file /workspaces/creacion1/servidor_minecraft/config/citadel-common.toml for changes
[30Dec2025 03:03:50.801] [main/DEBUG] [net.minecraftforge.fml.config.ConfigFileTypeHandler/CONFIG]: Built TOML config for /workspaces/creacion1/servidor_minecraft/config/insanelib-common.toml
[30Dec2025 03:03:50.801] [main/DEBUG] [net.minecraftforge.fml.config.ConfigFileTypeHandler/CONFIG]: Loaded TOML config file /workspaces/creacion1/servidor_minecraft/config/insanelib-common.toml
[30Dec2025 03:03:50.801] [main/DEBUG] [net.minecraftforge.fml.config.ConfigFileTypeHandler/CONFIG]: Watching TOML config file /workspaces/creacion1/servidor_minecraft/config/insanelib-common.toml for changes
[30Dec2025 03:03:50.800] [Thread-3/DEBUG] [net.minecraftforge.fml.config.ConfigFileTypeHandler/CONFIG]: Config file citadel-common.toml changed, sending notifies
[30Dec2025 03:03:50.802] [Thread-3/DEBUG] [net.minecraftforge.fml.config.ConfigFileTypeHandler/CONFIG]: Config file citadel-common.toml changed, sending notifies
[30Dec2025 03:03:50.802] [main/DEBUG] [net.minecraftforge.fml.config.ConfigFileTypeHandler/CONFIG]: Built TOML config for /workspaces/creacion1/servidor_minecraft/config/jeresources-common.toml
[30Dec2025 03:03:50.803] [main/DEBUG] [net.minecraftforge.fml.config.ConfigFileTypeHandler/CONFIG]: Loaded TOML config file /workspaces/creacion1/servidor_minecraft/config/jeresources-common.toml
[30Dec2025 03:03:50.803] [main/DEBUG] [net.minecraftforge.fml.config.ConfigFileTypeHandler/CONFIG]: Watching TOML config file /workspaces/creacion1/servidor_minecraft/config/jeresources-common.toml for changes
[30Dec2025 03:03:50.803] [Thread-3/DEBUG] [net.minecraftforge.fml.config.ConfigFileTypeHandler/CONFIG]: Config file jeresources-common.toml changed, sending notifies
[30Dec2025 03:03:50.804] [Thread-3/DEBUG] [net.minecraftforge.fml.config.ConfigFileTypeHandler/CONFIG]: Config file jeresources-common.toml changed, sending notifies
[30Dec2025 03:03:50.804] [main/DEBUG] [net.minecraftforge.fml.config.ConfigFileTypeHandler/CONFIG]: Built TOML config for /workspaces/creacion1/servidor_minecraft/config/structure_gel-common.toml
[30Dec2025 03:03:50.804] [main/DEBUG] [net.minecraftforge.fml.config.ConfigFileTypeHandler/CONFIG]: Loaded TOML config file /workspaces/creacion1/servidor_minecraft/config/structure_gel-common.toml
[30Dec2025 03:03:50.804] [main/DEBUG] [net.minecraftforge.fml.config.ConfigFileTypeHandler/CONFIG]: Watching TOML config file /workspaces/creacion1/servidor_minecraft/config/structure_gel-common.toml for changes
[30Dec2025 03:03:50.805] [Thread-3/DEBUG] [net.minecraftforge.fml.config.ConfigFileTypeHandler/CONFIG]: Config file structure_gel-common.toml changed, sending notifies
[30Dec2025 03:03:50.805] [main/DEBUG] [net.minecraftforge.fml.config.ConfigFileTypeHandler/CONFIG]: Built TOML config for /workspaces/creacion1/servidor_minecraft/config/curios-common.toml
[30Dec2025 03:03:50.805] [main/DEBUG] [net.minecraftforge.fml.config.ConfigFileTypeHandler/CONFIG]: Loaded TOML config file /workspaces/creacion1/servidor_minecraft/config/curios-common.toml
[30Dec2025 03:03:50.805] [Thread-3/DEBUG] [net.minecraftforge.fml.config.ConfigFileTypeHandler/CONFIG]: Config file structure_gel-common.toml changed, sending notifies
[30Dec2025 03:03:50.805] [main/DEBUG] [net.minecraftforge.fml.config.ConfigFileTypeHandler/CONFIG]: Watching TOML config file /workspaces/creacion1/servidor_minecraft/config/curios-common.toml for changes
[30Dec2025 03:03:50.806] [Thread-3/DEBUG] [net.minecraftforge.fml.config.ConfigFileTypeHandler/CONFIG]: Config file curios-common.toml changed, sending notifies
[30Dec2025 03:03:50.806] [Thread-3/DEBUG] [net.minecraftforge.fml.config.ConfigFileTypeHandler/CONFIG]: Config file curios-common.toml changed, sending notifies
[30Dec2025 03:03:50.806] [main/DEBUG] [net.minecraftforge.fml.config.ConfigFileTypeHandler/CONFIG]: Built TOML config for /workspaces/creacion1/servidor_minecraft/config/lostcities/common.toml
[30Dec2025 03:03:50.806] [main/DEBUG] [net.minecraftforge.fml.config.ConfigFileTypeHandler/CONFIG]: Loaded TOML config file /workspaces/creacion1/servidor_minecraft/config/lostcities/common.toml
[30Dec2025 03:03:50.807] [main/DEBUG] [net.minecraftforge.fml.config.ConfigFileTypeHandler/CONFIG]: Watching TOML config file /workspaces/creacion1/servidor_minecraft/config/lostcities/common.toml for changes
[30Dec2025 03:03:50.807] [Thread-3/DEBUG] [net.minecraftforge.fml.config.ConfigFileTypeHandler/CONFIG]: Config file lostcities/common.toml changed, sending notifies
[30Dec2025 03:03:50.807] [main/DEBUG] [net.minecraftforge.fml.config.ConfigFileTypeHandler/CONFIG]: Built TOML config for /workspaces/creacion1/servidor_minecraft/config/pointblank-common.toml
[30Dec2025 03:03:50.808] [main/DEBUG] [net.minecraftforge.fml.config.ConfigFileTypeHandler/CONFIG]: Loaded TOML config file /workspaces/creacion1/servidor_minecraft/config/pointblank-common.toml
[30Dec2025 03:03:50.808] [main/DEBUG] [net.minecraftforge.fml.config.ConfigFileTypeHandler/CONFIG]: Watching TOML config file /workspaces/creacion1/servidor_minecraft/config/pointblank-common.toml for changes
[30Dec2025 03:03:50.809] [Thread-3/DEBUG] [net.minecraftforge.fml.config.ConfigFileTypeHandler/CONFIG]: Config file pointblank-common.toml changed, sending notifies
[30Dec2025 03:03:50.809] [Thread-3/DEBUG] [net.minecraftforge.fml.config.ConfigFileTypeHandler/CONFIG]: Config file pointblank-common.toml changed, sending notifies
[30Dec2025 03:03:50.809] [main/DEBUG] [net.minecraftforge.fml.config.ConfigFileTypeHandler/CONFIG]: Built TOML config for /workspaces/creacion1/servidor_minecraft/config/scaling_mobs/main.toml
[30Dec2025 03:03:50.810] [main/DEBUG] [net.minecraftforge.fml.config.ConfigFileTypeHandler/CONFIG]: Loaded TOML config file /workspaces/creacion1/servidor_minecraft/config/scaling_mobs/main.toml
[30Dec2025 03:03:50.811] [main/DEBUG] [net.minecraftforge.fml.config.ConfigFileTypeHandler/CONFIG]: Watching TOML config file /workspaces/creacion1/servidor_minecraft/config/scaling_mobs/main.toml for changes
[30Dec2025 03:03:50.812] [Thread-3/DEBUG] [net.minecraftforge.fml.config.ConfigFileTypeHandler/CONFIG]: Config file scaling_mobs/main.toml changed, sending notifies
[30Dec2025 03:03:50.814] [main/DEBUG] [fuzs.puzzleslib.impl.config.core.ForgeConfigFileTypeHandler/CONFIG]: Built TOML config for /workspaces/creacion1/servidor_minecraft/config/mutantmonsters-common.toml
[30Dec2025 03:03:50.814] [main/DEBUG] [fuzs.puzzleslib.impl.config.core.ForgeConfigFileTypeHandler/CONFIG]: Loaded TOML config file /workspaces/creacion1/servidor_minecraft/config/mutantmonsters-common.toml
[30Dec2025 03:03:50.815] [main/DEBUG] [fuzs.puzzleslib.impl.config.core.ForgeConfigFileTypeHandler/CONFIG]: Watching TOML config file /workspaces/creacion1/servidor_minecraft/config/mutantmonsters-common.toml for changes
[30Dec2025 03:03:50.815] [main/INFO] [Puzzles Lib/]: Loading common config for mutantmonsters
[30Dec2025 03:03:50.816] [main/DEBUG] [net.minecraftforge.fml.config.ConfigFileTypeHandler/CONFIG]: Built TOML config for /workspaces/creacion1/servidor_minecraft/config/tacz-common.toml
[30Dec2025 03:03:50.816] [main/DEBUG] [net.minecraftforge.fml.config.ConfigFileTypeHandler/CONFIG]: Loaded TOML config file /workspaces/creacion1/servidor_minecraft/config/tacz-common.toml
[30Dec2025 03:03:50.816] [main/DEBUG] [net.minecraftforge.fml.config.ConfigFileTypeHandler/CONFIG]: Watching TOML config file /workspaces/creacion1/servidor_minecraft/config/tacz-common.toml for changes
[30Dec2025 03:03:50.817] [main/DEBUG] [net.minecraftforge.fml.config.ConfigFileTypeHandler/CONFIG]: Built TOML config for /workspaces/creacion1/servidor_minecraft/config/nobabyzombies1_20_1forge-common.toml
[30Dec2025 03:03:50.817] [main/DEBUG] [net.minecraftforge.fml.config.ConfigFileTypeHandler/CONFIG]: Loaded TOML config file /workspaces/creacion1/servidor_minecraft/config/nobabyzombies1_20_1forge-common.toml
[30Dec2025 03:03:50.817] [main/DEBUG] [net.minecraftforge.fml.config.ConfigFileTypeHandler/CONFIG]: Watching TOML config file /workspaces/creacion1/servidor_minecraft/config/nobabyzombies1_20_1forge-common.toml for changes
[30Dec2025 03:03:50.814] [Thread-3/DEBUG] [net.minecraftforge.fml.config.ConfigFileTypeHandler/CONFIG]: Config file scaling_mobs/main.toml changed, sending notifies
[30Dec2025 03:03:50.818] [main/DEBUG] [net.minecraftforge.fml.config.ConfigFileTypeHandler/CONFIG]: Built TOML config for /workspaces/creacion1/servidor_minecraft/config/immersive_weathering-common.toml
[30Dec2025 03:03:50.818] [main/DEBUG] [net.minecraftforge.fml.config.ConfigFileTypeHandler/CONFIG]: Loaded TOML config file /workspaces/creacion1/servidor_minecraft/config/immersive_weathering-common.toml
[30Dec2025 03:03:50.819] [main/DEBUG] [net.minecraftforge.fml.config.ConfigFileTypeHandler/CONFIG]: Watching TOML config file /workspaces/creacion1/servidor_minecraft/config/immersive_weathering-common.toml for changes
[30Dec2025 03:03:50.820] [Thread-3/DEBUG] [net.minecraftforge.fml.config.ConfigFileTypeHandler/CONFIG]: Config file immersive_weathering-common.toml changed, sending notifies
[30Dec2025 03:03:50.820] [Thread-3/DEBUG] [net.minecraftforge.fml.config.ConfigFileTypeHandler/CONFIG]: Config file immersive_weathering-common.toml changed, sending notifies
[30Dec2025 03:03:50.821] [main/DEBUG] [net.minecraftforge.fml.config.ConfigFileTypeHandler/CONFIG]: Built TOML config for /workspaces/creacion1/servidor_minecraft/config/moonlight-common.toml
[30Dec2025 03:03:50.821] [main/DEBUG] [net.minecraftforge.fml.config.ConfigFileTypeHandler/CONFIG]: Loaded TOML config file /workspaces/creacion1/servidor_minecraft/config/moonlight-common.toml
[30Dec2025 03:03:50.821] [main/DEBUG] [net.minecraftforge.fml.config.ConfigFileTypeHandler/CONFIG]: Watching TOML config file /workspaces/creacion1/servidor_minecraft/config/moonlight-common.toml for changes
[30Dec2025 03:03:50.823] [Thread-3/DEBUG] [net.minecraftforge.fml.config.ConfigFileTypeHandler/CONFIG]: Config file moonlight-common.toml changed, sending notifies
[30Dec2025 03:03:50.823] [Thread-3/DEBUG] [net.minecraftforge.fml.config.ConfigFileTypeHandler/CONFIG]: Config file moonlight-common.toml changed, sending notifies
[30Dec2025 03:03:50.823] [main/DEBUG] [net.minecraftforge.fml.config.ConfigFileTypeHandler/CONFIG]: Built TOML config for /workspaces/creacion1/servidor_minecraft/config/fastpaintings-common.toml
[30Dec2025 03:03:50.824] [main/DEBUG] [net.minecraftforge.fml.config.ConfigFileTypeHandler/CONFIG]: Loaded TOML config file /workspaces/creacion1/servidor_minecraft/config/fastpaintings-common.toml
[30Dec2025 03:03:50.824] [main/DEBUG] [net.minecraftforge.fml.config.ConfigFileTypeHandler/CONFIG]: Watching TOML config file /workspaces/creacion1/servidor_minecraft/config/fastpaintings-common.toml for changes
[30Dec2025 03:03:50.825] [Thread-3/DEBUG] [net.minecraftforge.fml.config.ConfigFileTypeHandler/CONFIG]: Config file fastpaintings-common.toml changed, sending notifies
[30Dec2025 03:03:50.825] [Thread-3/DEBUG] [net.minecraftforge.fml.config.ConfigFileTypeHandler/CONFIG]: Config file fastpaintings-common.toml changed, sending notifies
[30Dec2025 03:03:50.825] [main/DEBUG] [net.minecraftforge.fml.config.ConfigFileTypeHandler/CONFIG]: Built TOML config for /workspaces/creacion1/servidor_minecraft/config/mobsunscreen-common.toml
[30Dec2025 03:03:50.825] [main/DEBUG] [net.minecraftforge.fml.config.ConfigFileTypeHandler/CONFIG]: Loaded TOML config file /workspaces/creacion1/servidor_minecraft/config/mobsunscreen-common.toml
[30Dec2025 03:03:50.826] [main/DEBUG] [net.minecraftforge.fml.config.ConfigFileTypeHandler/CONFIG]: Watching TOML config file /workspaces/creacion1/servidor_minecraft/config/mobsunscreen-common.toml for changes
[30Dec2025 03:03:50.826] [Thread-3/DEBUG] [net.minecraftforge.fml.config.ConfigFileTypeHandler/CONFIG]: Config file mobsunscreen-common.toml changed, sending notifies
[30Dec2025 03:03:50.827] [Thread-3/DEBUG] [net.minecraftforge.fml.config.ConfigFileTypeHandler/CONFIG]: Config file mobsunscreen-common.toml changed, sending notifies
[30Dec2025 03:03:50.827] [main/DEBUG] [net.minecraftforge.fml.config.ConfigFileTypeHandler/CONFIG]: Built TOML config for /workspaces/creacion1/servidor_minecraft/config/lootr-common.toml
[30Dec2025 03:03:50.827] [main/DEBUG] [net.minecraftforge.fml.config.ConfigFileTypeHandler/CONFIG]: Loaded TOML config file /workspaces/creacion1/servidor_minecraft/config/lootr-common.toml
[30Dec2025 03:03:50.828] [main/DEBUG] [net.minecraftforge.fml.config.ConfigFileTypeHandler/CONFIG]: Watching TOML config file /workspaces/creacion1/servidor_minecraft/config/lootr-common.toml for changes
[30Dec2025 03:03:50.829] [main/DEBUG] [net.minecraftforge.fml.config.ConfigFileTypeHandler/CONFIG]: Built TOML config for /workspaces/creacion1/servidor_minecraft/config/CoroUtil/General.toml
[30Dec2025 03:03:50.829] [main/DEBUG] [net.minecraftforge.fml.config.ConfigFileTypeHandler/CONFIG]: Loaded TOML config file /workspaces/creacion1/servidor_minecraft/config/CoroUtil/General.toml
[30Dec2025 03:03:50.830] [main/DEBUG] [net.minecraftforge.fml.config.ConfigFileTypeHandler/CONFIG]: Watching TOML config file /workspaces/creacion1/servidor_minecraft/config/CoroUtil/General.toml for changes
[30Dec2025 03:03:50.831] [Thread-3/DEBUG] [net.minecraftforge.fml.config.ConfigFileTypeHandler/CONFIG]: Config file CoroUtil/General.toml changed, sending notifies
[30Dec2025 03:03:50.831] [main/DEBUG] [net.minecraftforge.fml.config.ConfigFileTypeHandler/CONFIG]: Built TOML config for /workspaces/creacion1/servidor_minecraft/config/Deep Void Config.toml
[30Dec2025 03:03:50.831] [main/DEBUG] [net.minecraftforge.fml.config.ConfigFileTypeHandler/CONFIG]: Loaded TOML config file /workspaces/creacion1/servidor_minecraft/config/Deep Void Config.toml
[30Dec2025 03:03:50.831] [Thread-3/DEBUG] [net.minecraftforge.fml.config.ConfigFileTypeHandler/CONFIG]: Config file CoroUtil/General.toml changed, sending notifies
[30Dec2025 03:03:50.832] [main/DEBUG] [net.minecraftforge.fml.config.ConfigFileTypeHandler/CONFIG]: Watching TOML config file /workspaces/creacion1/servidor_minecraft/config/Deep Void Config.toml for changes
[30Dec2025 03:03:50.832] [Thread-3/DEBUG] [net.minecraftforge.fml.config.ConfigFileTypeHandler/CONFIG]: Config file Deep Void Config.toml changed, sending notifies
[30Dec2025 03:03:50.833] [Thread-3/DEBUG] [net.minecraftforge.fml.config.ConfigFileTypeHandler/CONFIG]: Config file Deep Void Config.toml changed, sending notifies
[30Dec2025 03:03:50.833] [main/DEBUG] [net.minecraftforge.fml.config.ConfigFileTypeHandler/CONFIG]: Built TOML config for /workspaces/creacion1/servidor_minecraft/config/cofh_core-common.toml
[30Dec2025 03:03:50.833] [main/DEBUG] [net.minecraftforge.fml.config.ConfigFileTypeHandler/CONFIG]: Loaded TOML config file /workspaces/creacion1/servidor_minecraft/config/cofh_core-common.toml
[30Dec2025 03:03:50.833] [main/DEBUG] [net.minecraftforge.fml.config.ConfigFileTypeHandler/CONFIG]: Watching TOML config file /workspaces/creacion1/servidor_minecraft/config/cofh_core-common.toml for changes
[30Dec2025 03:03:50.835] [Thread-3/DEBUG] [net.minecraftforge.fml.config.ConfigFileTypeHandler/CONFIG]: Config file cofh_core-common.toml changed, sending notifies
[30Dec2025 03:03:50.835] [Thread-3/DEBUG] [net.minecraftforge.fml.config.ConfigFileTypeHandler/CONFIG]: Config file cofh_core-common.toml changed, sending notifies
[30Dec2025 03:03:50.838] [modloading-worker-0/INFO] [incontrol/]: Enabling support for Lost Cities
[30Dec2025 03:03:50.838] [modloading-worker-0/INFO] [incontrol/]: Enabling support for Lost Cities
[30Dec2025 03:03:50.898] [modloading-worker-0/DEBUG] [mixin/]: Mixing MixinSlotAttribute from curios.mixins.json into top.theillusivec4.curios.api.SlotAttribute
[30Dec2025 03:03:50.904] [modloading-worker-0/DEBUG] [mixin/]: Mixing MixinCuriosApi from curios.mixins.json into top.theillusivec4.curios.api.CuriosApi
[30Dec2025 03:03:50.948] [modloading-worker-0/DEBUG] [Collective/]: Registering packet starterkit:to_client_ask_if_mod_is_installed_packet : class com.natamus.starterkit_common_forge.networking.packets.ToClientAskIfModIsInstalledPacket on the: SERVER
[30Dec2025 03:03:50.951] [modloading-worker-0/DEBUG] [Collective/]: Registering packet starterkit:to_server_send_kit_choice_packet : class com.natamus.starterkit_common_forge.networking.packets.ToServerSendKitChoicePacket on the: SERVER
[30Dec2025 03:03:50.952] [modloading-worker-0/DEBUG] [Collective/]: Registering packet starterkit:to_client_receive_kit_data_packet : class com.natamus.starterkit_common_forge.networking.packets.ToClientReceiveKitDataPacket on the: SERVER
[30Dec2025 03:03:50.952] [modloading-worker-0/DEBUG] [Collective/]: Registering packet starterkit:to_client_select_first_slot_packet : class com.natamus.starterkit_common_forge.networking.packets.ToClientSelectFirstSlotPacket on the: SERVER
[30Dec2025 03:03:50.952] [modloading-worker-0/DEBUG] [Collective/]: Registering packet starterkit:to_server_announce_mod_is_installed_packet : class com.natamus.starterkit_common_forge.networking.packets.ToServerAnnounceModIsInstalledPacket on the: SERVER
[30Dec2025 03:03:50.956] [modloading-worker-0/DEBUG] [patchouli/]: Instantiating xplat impl: vazkii.patchouli.forge.xplat.ForgeXplatImpl
[30Dec2025 03:03:50.954] [modloading-worker-0/INFO] [lostcities/]: Creating standard profiles into 'config/lostcities/profiles'
[30Dec2025 03:03:51.012] [modloading-worker-0/INFO] [lostcities/]: Reading existing profiles from 'config/lostcities/profiles'
[30Dec2025 03:03:51.032] [modloading-worker-0/INFO] [com.forgivingworld.ForgivingWorldMod/]: forgivingworld mod initialized
[30Dec2025 03:03:51.097] [Forge Version Check/INFO] [net.minecraftforge.fml.VersionChecker/]: [controlling] Starting version check at https://updates.blamejared.com/get?n=controlling&gv=1.20.1
[30Dec2025 03:03:51.139] [modloading-worker-0/INFO] [CorgiLib/]: Initializing network...
[30Dec2025 03:03:51.149] [modloading-worker-0/INFO] [CorgiLib/]: Initialized network!
[30Dec2025 03:03:51.161] [modloading-worker-0/DEBUG] [mixin/]: Mixing MixinPolymorphApi from polymorph.mixins.json into com.illusivesoulworks.polymorph.api.PolymorphApi
[30Dec2025 03:03:51.290] [modloading-worker-0/DEBUG] [mixin/]: Mixing MixinNbtPredicate from curios.mixins.json into net.minecraft.advancements.critereon.NbtPredicate
[30Dec2025 03:03:51.728] [Forge Version Check/DEBUG] [net.minecraftforge.fml.VersionChecker/]: [controlling] Received version check data:
{"homepage":"https://www.curseforge.com/minecraft/mc-mods/controlling","promos":{"1.20.1-latest":"12.0.2"}}
[30Dec2025 03:03:51.729] [Forge Version Check/INFO] [net.minecraftforge.fml.VersionChecker/]: [controlling] Found status: BETA Current: 12.0.2 Target: 12.0.2
[30Dec2025 03:03:51.731] [Forge Version Check/INFO] [net.minecraftforge.fml.VersionChecker/]: [bookshelf] Starting version check at https://updates.blamejared.com/get?n=bookshelf&gv=1.20.1
[30Dec2025 03:03:51.834] [Forge Version Check/DEBUG] [net.minecraftforge.fml.VersionChecker/]: [bookshelf] Received version check data:
{"homepage":"https://www.curseforge.com/minecraft/mc-mods/bookshelf","promos":{"1.20.1-latest":"20.2.13"}}
[30Dec2025 03:03:51.834] [Forge Version Check/INFO] [net.minecraftforge.fml.VersionChecker/]: [bookshelf] Found status: BETA Current: 20.2.13 Target: 20.2.13
[30Dec2025 03:03:51.837] [Forge Version Check/INFO] [net.minecraftforge.fml.VersionChecker/]: [uteamcore] Starting version check at https://api.u-team.info/update/uteamcore.json
[30Dec2025 03:03:51.954] [Forge Version Check/DEBUG] [net.minecraftforge.fml.VersionChecker/]: [uteamcore] Received version check data:
{
	"homepage": "https://www.curseforge.com/minecraft/mc-mods/u-team-core/files",
	"promos": {
		"1.12.2-latest": "2.2.5.375",
		"1.12.2-recommended": "2.2.5.375",
		"1.13.2-latest": "2.4.0.110",
		"1.13.2-recommended": "2.4.0.110",
		"1.14.2-latest": "2.7.0.127",
		"1.14.2-recommended": "2.7.0.127",
		"1.14.3-latest": "2.7.0.128",
		"1.14.3-recommended": "2.7.0.128",
		"1.14.4-latest": "2.8.2.376",
		"1.14.4-recommended": "2.8.2.376",
		"1.15.1-latest": "2.9.3.145",
		"1.15.1-recommended": "2.9.3.145",
		"1.15.2-latest": "3.0.2.377",
		"1.15.2-recommended": "3.0.2.377",
		"1.16.1-latest": "3.1.4.182",
		"1.16.1-recommended": "3.1.4.182",
		"1.16.2-latest": "3.1.9.180",
		"1.16.2-recommended": "3.1.9.180",
		"1.16.3-latest": "3.1.12.185",
		"1.16.3-recommended": "3.1.12.185",
		"1.16.4-latest": "3.1.17.192",
		"1.16.4-recommended": "3.1.17.192",
		"1.16.5-latest": "3.2.1.378",
		"1.16.5-recommended": "3.2.1.378",
		"1.17.1-latest": "4.0.0.199",
		"1.17.1-recommended": "4.0.0.199",
		"1.18-latest": "4.0.0.200-SNAPSHOT",
		"1.18-recommended": "4.0.0.200-SNAPSHOT",
		"1.18.1-latest": "4.0.0.203",
		"1.18.1-recommended": "4.0.0.203",
		"1.18.2-latest": "4.0.1.379",
		"1.18.2-recommended": "4.0.1.379",
		"1.19-latest": "4.3.0.222",
		"1.19-recommended": "4.3.0.222",
		"1.19.1-latest": "4.3.1.224",
		"1.19.1-recommended": "4.3.1.224",
		"1.19.2-latest": "4.4.3.380",
		"1.19.2-recommended": "4.4.3.380",
		"1.19.3-latest": "4.5.3.240",
		"1.19.3-recommended": "4.5.3.240",
		"1.19.4-latest": "5.0.2.381",
		"1.19.4-recommended": "5.0.2.381",
		"1.20-latest": "5.1.2.265",
		"1.20-recommended": "5.1.2.265",
		"1.20.1-latest": "5.1.4.382",
		"1.20.1-recommended": "5.1.4.382",
		"1.20.2-latest": "5.2.0.270",
		"1.20.2-recommended": "5.2.0.270",
		"1.20.4-latest": "5.3.0.301",
		"1.20.4-recommended": "5.3.0.301",
		"1.20.6-latest": "5.4.0.383",
		"1.20.6-recommended": "5.4.0.383",
		"1.21-latest": "5.6.0.328",
		"1.21-recommended": "5.6.0.328",
		"1.21.1-latest": "5.6.2.384",
		"1.21.1-recommended": "5.6.2.384"
	},
	"1.12.2": {
		"2.2.5.375": "https://github.com/MC-U-Team/U-Team-Core/blob/1.12.2/CHANGELOG.md"
	},
	"1.13.2": {
		"2.4.0.110": "https://github.com/MC-U-Team/U-Team-Core/blob/1.13.2/CHANGELOG.md"
	},
	"1.14.2": {
		"2.7.0.127": "https://github.com/MC-U-Team/U-Team-Core/blob/1.14.2/CHANGELOG.md"
	},
	"1.14.3": {
		"2.7.0.128": "https://github.com/MC-U-Team/U-Team-Core/blob/1.14.3/CHANGELOG.md"
	},
	"1.14.4": {
		"2.8.2.376": "https://github.com/MC-U-Team/U-Team-Core/blob/1.14.4/CHANGELOG.md"
	},
	"1.15.1": {
		"2.9.3.145": "https://github.com/MC-U-Team/U-Team-Core/blob/1.15.1/CHANGELOG.md"
	},
	"1.15.2": {
		"3.0.2.377": "https://github.com/MC-U-Team/U-Team-Core/blob/1.15.2/CHANGELOG.md"
	},
	"1.16.1": {
		"3.1.4.182": "https://github.com/MC-U-Team/U-Team-Core/blob/1.16.1/CHANGELOG.md"
	},
	"1.16.2": {
		"3.1.9.180": "https://github.com/MC-U-Team/U-Team-Core/blob/1.16.2/CHANGELOG.md"
	},
	"1.16.3": {
		"3.1.12.185": "https://github.com/MC-U-Team/U-Team-Core/blob/1.16.3/CHANGELOG.md"
	},
	"1.16.4": {
		"3.1.17.192": "https://github.com/MC-U-Team/U-Team-Core/blob/1.16.4/CHANGELOG.md"
	},
	"1.16.5": {
		"3.2.1.378": "https://github.com/MC-U-Team/U-Team-Core/blob/1.16.5/CHANGELOG.md"
	},
	"1.17.1": {
		"4.0.0.199": "https://github.com/MC-U-Team/U-Team-Core/blob/1.17.1/CHANGELOG.md"
	},
	"1.18": {
		"4.0.0.200-SNAPSHOT": "https://github.com/MC-U-Team/U-Team-Core/blob/1.18/CHANGELOG.md"
	},
	"1.18.1": {
		"4.0.0.203": "https://github.com/MC-U-Team/U-Team-Core/blob/1.18.1/CHANGELOG.md"
	},
	"1.18.2": {
		"4.0.1.379": "https://github.com/MC-U-Team/U-Team-Core/blob/1.18.2/CHANGELOG.md"
	},
	"1.19": {
		"4.3.0.222": "https://github.com/MC-U-Team/U-Team-Core/blob/1.19/CHANGELOG.md"
	},
	"1.19.1": {
		"4.3.1.224": "https://github.com/MC-U-Team/U-Team-Core/blob/1.19.1/CHANGELOG.md"
	},
	"1.19.2": {
		"4.4.3.380": "https://github.com/MC-U-Team/U-Team-Core/blob/1.19.2/CHANGELOG.md"
	},
	"1.19.3": {
		"4.5.3.240": "https://github.com/MC-U-Team/U-Team-Core/blob/1.19.3/CHANGELOG.md"
	},
	"1.19.4": {
		"5.0.2.381": "https://github.com/MC-U-Team/U-Team-Core/blob/1.19.4/CHANGELOG.md"
	},
	"1.20": {
		"5.1.2.265": "https://github.com/MC-U-Team/U-Team-Core/blob/1.20/CHANGELOG.md"
	},
	"1.20.1": {
		"5.1.4.382": "https://github.com/MC-U-Team/U-Team-Core/blob/1.20.1/CHANGELOG.md"
	},
	"1.20.2": {
		"5.2.0.270": "https://github.com/MC-U-Team/U-Team-Core/blob/1.20.2/CHANGELOG.md"
	},
	"1.20.4": {
		"5.3.0.301": "https://github.com/MC-U-Team/U-Team-Core/blob/1.20.4/CHANGELOG.md"
	},
	"1.20.6": {
		"5.4.0.383": "https://github.com/MC-U-Team/U-Team-Core/blob/1.20.6/CHANGELOG.md"
	},
	"1.21": {
		"5.6.0.328": "https://github.com/MC-U-Team/U-Team-Core/blob/1.21/CHANGELOG.md"
	},
	"1.21.1": {
		"5.6.2.384": "https://github.com/MC-U-Team/U-Team-Core/blob/1.21.1/CHANGELOG.md"
	}
}
[30Dec2025 03:03:51.955] [Forge Version Check/INFO] [net.minecraftforge.fml.VersionChecker/]: [uteamcore] Found status: OUTDATED Current: 5.1.4.346 Target: 5.1.4.382
[30Dec2025 03:03:51.956] [Forge Version Check/INFO] [net.minecraftforge.fml.VersionChecker/]: [structure_gel] Starting version check at http://changelogs.moddinglegacy.com/structure-gel.json
[30Dec2025 03:03:52.165] [Forge Version Check/DEBUG] [net.minecraftforge.fml.VersionChecker/]: [structure_gel] Received version check data:
{
  "homepage": "https://www.curseforge.com/minecraft/mc-mods/structure-gel-api",
  "promos": {
    "1.19.4-recommended": "2.12.0",
    "1.19.4-latest": "2.12.0",
    "1.19.3-recommended": "2.9.0",
    "1.19.3-latest": "2.9.0",
    "1.19.2-recommended": "2.7.2",
    "1.19.2-latest": "2.7.2",
    "1.19.1-recommended": "2.7.1",
    "1.19.1-latest": "2.7.1",
    "1.18.2-recommended": "2.4.7",
    "1.18.2-latest": "2.4.7",
    "1.17.1-recommended": "2.0.1",
    "1.17.1-latest": "2.0.1",
    "1.16.5-recommended": "1.7.8",
    "1.16.5-latest": "1.7.8",
    "1.16.4-recommended": "1.7.8",
    "1.16.4-latest": "1.7.8",
    "1.15.2-recommended": "1.1.0",
    "1.15.2-latest": "1.1.0",
    "1.14.4-recommended": "1.1.0",
    "1.14.4-latest": "1.1.0"
  },
  "1.19.4": {
    "2.12.0": "Made visual improvements to the Building Tool GUI and fixed some bugs.\n\nhttps://gitlab.com/modding-legacy/structure-gel-api/-/blob/1.19.x/changelogs/1.19.4-v2.12.0.md",
    "2.11.0": "- Added an archaeology data handler mode (requires 1.20 feature flags to use).\n- Added the ability to change a structure\u0027s biomes in the config.\n\nChangelog:\nhttps://gitlab.com/modding-legacy/structure-gel-api/-/blob/1.19.x/changelogs/1.19.4-v2.11.0.md",
    "2.10.0": "Updated to 1.19.4 with many QoL changes\n\nChangelog:\nhttps://gitlab.com/modding-legacy/structure-gel-api/-/blob/1.19.x/changelogs/1.19.4-v2.10.0.md\n"
  },
  "1.19.3": {
    "2.9.0": "This update comes with _many_ changes and additions to the Building Tool, Data Handlers, and Dynamic Spawners. This will be the last feature update to 1.19.3, unless major bugs are discovered.\n\nhttps://gitlab.com/modding-legacy/structure-gel-api/-/blob/1.19.x/changelogs/1.19.3-v2.9.0.md"
  },
  "1.19.2": {
    "2.7.2": "Fixed a lockup that could occur during worldgen"
  }
}
[30Dec2025 03:03:52.168] [Forge Version Check/INFO] [net.minecraftforge.fml.VersionChecker/]: [structure_gel] Found status: BETA Current: 2.16.2 Target: null
[30Dec2025 03:03:52.168] [Forge Version Check/INFO] [net.minecraftforge.fml.VersionChecker/]: [corpse] Starting version check at https://update.maxhenkel.de/forge/corpse
[30Dec2025 03:03:52.672] [Forge Version Check/DEBUG] [net.minecraftforge.fml.VersionChecker/]: [corpse] Received version check data:
{"1.20":{"1.20-1.0.3":"Updated to 1.20"},"1.18":{"1.18-1.0.3":"Re added JEI and Jade integration"},"1.19":{"1.19-1.0.8":"Updated Corelib"},"promos":{"1.18.1-latest":"1.18.1-1.0.5","1.15.1-latest":"1.15.1-1.0.1","1.14.4-recommended":"1.14.4-1.0.0","1.14.3-recommended":"1.14.3-1.0.3","1.18.2-latest":"1.18.2-1.0.2","1.20-recommended":"1.20-1.0.3","1.19.3-recommended":"1.19.3-1.0.3","1.19.1-recommended":"1.19.1-1.0.0","1.12.2-latest":"1.12.2-1.0.8","1.19.4-recommended":"1.19.4-1.0.3","1.12.2-recommended":"1.12.2-1.0.8","1.19-latest":"1.19-1.0.8","1.17.1-recommended":"1.17.1-1.0.7","1.19.2-recommended":"1.19.2-1.0.9","1.16.1-recommended":"1.16.1-1.0.12","1.16.2-recommended":"1.16.2-1.0.8","1.18-latest":"1.18-1.0.3","1.16.5-recommended":"1.16.5-1.0.6","1.16.4-recommended":"1.16.4-1.0.6","1.20.1-recommended":"1.20.1-1.0.9","1.16.3-recommended":"1.16.3-1.0.5","1.15.2-latest":"1.15.2-1.0.11","1.14.2-recommended":"1.14.2-1.0.4","1.20.2-recommended":"1.20.2-1.0.9","1.14.4-latest":"1.14.4-1.0.4","1.14.3-latest":"1.14.3-1.0.3","1.20-latest":"1.20-1.0.3","1.18.2-recommended":"1.18.2-1.0.1","1.17.1-latest":"1.17.1-1.0.7","1.13.2-latest":"1.12.2-1.0.5","1.18.1-recommended":"1.18.1-1.0.5","1.20.1-latest":"1.20.1-1.0.23","1.16.3-latest":"1.16.3-1.1.8","1.20.2-latest":"1.20.2-1.0.9","1.16.4-latest":"1.16.4-1.0.6","1.19.2-latest":"1.19.2-1.0.17","1.19.4-latest":"1.19.4-1.0.3","1.19.3-latest":"1.19.3-1.0.3","1.16.5-latest":"1.16.5-1.0.7","1.19-recommended":"1.19-1.0.8","1.16.2-latest":"1.16.2-1.0.8","1.16.1-latest":"1.16.1-1.0.12","1.18-recommended":"1.18-1.0.3","1.14.2-latest":"1.14.2-1.0.4","1.15.2-recommended":"1.15.2-1.0.10","1.19.1-latest":"1.19.1-1.0.0","1.15.1-recommended":"1.15.1-1.0.1"},"1.20.2":{"1.20.2-1.0.9":"Added mod icon\nUpdated corelib"},"1.20.1":{"1.20.1-1.0.9":"","1.20.1-1.0.23":"Improved corpse spawn position"},"1.16.4":{"1.16.4-1.0.6":"Fixed only owner config option not working"},"1.18.2":{"1.18.2-1.0.2":"Updated corpse save format","1.18.2-1.0.1":"Re add JEI integration"},"1.19.1":{"1.19.1-1.0.0":"Updated to 1.19.1"},"1.16.5":{"1.16.5-1.0.7":"Fixed crash","1.16.5-1.0.6":"Fixed freeze with epic fight mod"},"1.19.2":{"1.19.2-1.0.9":"Added mod icon\nUpdated corelib","1.19.2-1.0.17":"Reverted translation"},"1.19.3":{"1.19.3-1.0.3":"Fixed crash with narrator enabled"},"1.19.4":{"1.19.4-1.0.3":"Fixed crash with narrator enabled"},"1.14.2":{"1.14.2-1.0.4":"Fixed a bug crashing the game"},"1.15.1":{"1.15.1-1.0.1":"Fixed corpse accessing bug"},"1.14.3":{"1.14.3-1.0.3":"Fixed a bug crashing the game"},"1.16.1":{"1.16.1-1.0.12":"Fixed crash with HWYLA"},"1.15.2":{"1.15.2-1.0.11":"Fixed exception when opening the death history of large inventories","1.15.2-1.0.10":"Updated polish translation"},"1.14.4":{"1.14.4-1.0.0":"Updated to 1.14.4","1.14.4-1.0.4":"Fixed corpse accessing bug"},"1.16.2":{"1.16.2-1.0.8":"Fixed potential crash with HWYLA"},"1.17.1":{"1.17.1-1.0.7":"Added czech translation"},"1.16.3":{"1.16.3-1.1.8":"Fixed missing corpse GUI buttons","1.16.3-1.0.5":"Fixed player skin models not considered"},"1.18.1":{"1.18.1-1.0.5":"Fixed crash with Tinkers Construct"},"1.12.2":{"1.12.2-1.0.8":"Fixed version number"},"1.13.2":{"1.12.2-1.0.5":"Added portuguese translation"},"homepage":"https://www.curseforge.com/minecraft/mc-mods/corpse"}
[30Dec2025 03:03:52.672] [Forge Version Check/INFO] [net.minecraftforge.fml.VersionChecker/]: [corpse] Found status: OUTDATED Current: 1.20.1-1.0.19 Target: 1.20.1-1.0.23
[30Dec2025 03:03:52.672] [Forge Version Check/INFO] [net.minecraftforge.fml.VersionChecker/]: [gml] Starting version check at https://maven.moddinginquisition.org/releases/org/groovymc/gml/gml/forge-promotions.json
[30Dec2025 03:03:52.832] [Forge Version Check/DEBUG] [net.minecraftforge.fml.VersionChecker/]: [gml] Received version check data:
{
  "promos": {
    "1.20-latest": "4.0.4"
  }
}
[30Dec2025 03:03:52.832] [Forge Version Check/INFO] [net.minecraftforge.fml.VersionChecker/]: [gml] Found status: BETA Current: 4.0.9 Target: null
[30Dec2025 03:03:52.832] [Forge Version Check/INFO] [net.minecraftforge.fml.VersionChecker/]: [searchables] Starting version check at https://updates.blamejared.com/get?n=searchables&gv=1.20.1
[30Dec2025 03:03:52.932] [Forge Version Check/DEBUG] [net.minecraftforge.fml.VersionChecker/]: [searchables] Received version check data:
{"homepage":"https://www.curseforge.com/minecraft/mc-mods/searchables","promos":{"1.20.1-latest":"1.0.3"}}
[30Dec2025 03:03:52.932] [Forge Version Check/INFO] [net.minecraftforge.fml.VersionChecker/]: [searchables] Found status: BETA Current: 1.0.3 Target: 1.0.3
[30Dec2025 03:03:52.932] [Forge Version Check/INFO] [net.minecraftforge.fml.VersionChecker/]: [atlaslib] Starting version check at https://raw.githubusercontent.com/SmileycorpMC/Atlas-Lib/1.20/update.json
[30Dec2025 03:03:52.976] [Forge Version Check/DEBUG] [net.minecraftforge.fml.VersionChecker/]: [atlaslib] Received version check data:
{
	"homepage": "https://www.curseforge.com/minecraft/mc-mods/atlas-lib",
	"1.20": {
		"1.1.9a": "fix translatable component generation, add copy file code",
		"1.1.10": "Update direction utils to use Vec3 and RandomSource",
		"1.1.10a": "Replace missing references to RandomSource insetad of Random",
		"1.1.10b": "Fix directionutils picking locations outside of world",
		"1.1.11": "update tabs to use suppliers in woodblock and shapedblock",
		"1.1.11a": "update tabs to use suppliers in toolsets and armoursets",
		"1.1.12": "add binary and unary operations"
	},
	"1.20.1": {
		"1.1.9a": "fix translatable component generation, add copy file code",
		"1.1.10": "Update direction utils to use Vec3 and RandomSource",
		"1.1.10a": "Replace missing references to RandomSource insetad of Random",
		"1.1.10b": "Fix directionutils picking locations outside of world",
		"1.1.11": "update tabs to use suppliers in woodblock and shapedblock",
		"1.1.11a": "update tabs to use suppliers in toolsets and armoursets",
		"1.1.12": "add binary and unary operations"
	},
	"promos": {
		"1.20-latest": "1.1.12",
		"1.20-recommended": "1.1.12",
		"1.20.1-latest": "1.1.12",
		"1.20.1-recommended": "1.1.12"
	}
}
[30Dec2025 03:03:52.977] [Forge Version Check/INFO] [net.minecraftforge.fml.VersionChecker/]: [atlaslib] Found status: UP_TO_DATE Current: 1.1.12 Target: null
[30Dec2025 03:03:52.977] [Forge Version Check/INFO] [net.minecraftforge.fml.VersionChecker/]: [dynamic_fps] Starting version check at https://api.lostluma.net/updates/dynamic-fps?platform=forge
[30Dec2025 03:03:53.324] [Forge Version Check/DEBUG] [net.minecraftforge.fml.VersionChecker/]: [dynamic_fps] Received version check data:
{"homepage":"https://modrinth.com/mod/dynamic-fps","promos":{"1.16.5-recommended":"3.4.3","1.17-recommended":"3.4.4","1.17.1-recommended":"3.4.4","1.18-recommended":"3.9.5","1.18.1-recommended":"3.9.5","1.18.2-recommended":"3.9.5","1.19-recommended":"3.9.5","1.19.1-recommended":"3.9.5","1.19.2-recommended":"3.9.5","1.19.3-recommended":"3.9.5","1.19.4-recommended":"3.9.5","1.20-recommended":"3.9.5","1.20.1-recommended":"3.9.5","1.20.2-recommended":"3.9.5","1.20.3-recommended":"3.9.5","1.20.4-recommended":"3.9.5","1.20.5-recommended":"3.9.5","1.20.6-recommended":"3.9.5","1.21-recommended":"3.9.5","1.21.1-recommended":"3.9.5","1.21.2-recommended":"3.9.5","1.21.3-recommended":"3.9.5","1.21.4-recommended":"3.9.5","1.21.5-recommended":"3.9.5"}}
[30Dec2025 03:03:53.325] [Forge Version Check/INFO] [net.minecraftforge.fml.VersionChecker/]: [dynamic_fps] Found status: OUTDATED Current: 3.9.2 Target: 3.9.5
[30Dec2025 03:03:53.325] [Forge Version Check/INFO] [net.minecraftforge.fml.VersionChecker/]: [unilib] Starting version check at https://raw.githubusercontent.com/CDAGaming/VersionLibrary/master/UniLib/update.json
[30Dec2025 03:03:53.341] [Forge Version Check/DEBUG] [net.minecraftforge.fml.VersionChecker/]: [unilib] Received version check data:
{
  "homepage": "https://www.curseforge.com/minecraft/mc-mods/unilib/files",
  "promos": {
    "1.21.11-latest": "v1.2.0",
    "1.21.11-recommended": "v1.2.0",
    "1.21.10-latest": "v1.2.0",
    "1.21.10-recommended": "v1.2.0",
    "1.21.9-latest": "v1.2.0",
    "1.21.9-recommended": "v1.2.0",
    "1.21.8-latest": "v1.2.0",
    "1.21.8-recommended": "v1.2.0",
    "1.21.7-latest": "v1.2.0",
    "1.21.7-recommended": "v1.2.0",
    "1.21.6-latest": "v1.2.0",
    "1.21.6-recommended": "v1.2.0",
    "1.21.5-latest": "v1.2.0",
    "1.21.5-recommended": "v1.2.0",
    "1.21.4-latest": "v1.2.0",
    "1.21.4-recommended": "v1.2.0",
    "1.21.3-latest": "v1.2.0",
    "1.21.3-recommended": "v1.2.0",
    "1.21.2-latest": "v1.2.0",
    "1.21.2-recommended": "v1.2.0",
    "1.21.1-latest": "v1.2.0",
    "1.21.1-recommended": "v1.2.0",
    "1.21-latest": "v1.2.0",
    "1.21-recommended": "v1.2.0",
    "1.20.6-latest": "v1.2.0",
    "1.20.6-recommended": "v1.2.0",
    "1.20.5-latest": "v1.2.0",
    "1.20.5-recommended": "v1.2.0",
    "1.20.4-latest": "v1.2.0",
    "1.20.4-recommended": "v1.2.0",
    "1.20.3-latest": "v1.2.0",
    "1.20.3-recommended": "v1.2.0",
    "1.20.2-latest": "v1.2.0",
    "1.20.2-recommended": "v1.2.0",
    "1.20.1-latest": "v1.2.0",
    "1.20.1-recommended": "v1.2.0",
    "1.20-latest": "v1.2.0",
    "1.20-recommended": "v1.2.0",
    "1.19.4-latest": "v1.2.0",
    "1.19.4-recommended": "v1.2.0",
    "1.19.3-latest": "v1.2.0",
    "1.19.3-recommended": "v1.2.0",
    "1.19.2-latest": "v1.2.0",
    "1.19.2-recommended": "v1.2.0",
    "1.19.1-latest": "v1.2.0",
    "1.19.1-recommended": "v1.2.0",
    "1.19-latest": "v1.2.0",
    "1.19-recommended": "v1.2.0",
    "1.18.2-latest": "v1.2.0",
    "1.18.2-recommended": "v1.2.0",
    "1.18.1-latest": "v1.2.0",
    "1.18.1-recommended": "v1.2.0",
    "1.18-latest": "v1.2.0",
    "1.18-recommended": "v1.2.0",
    "1.17.1-latest": "v1.2.0",
    "1.17.1-recommended": "v1.2.0",
    "1.17-latest": "v1.2.0",
    "1.17-recommended": "v1.2.0",
    "1.16.5-latest": "v1.2.0",
    "1.16.5-recommended": "v1.2.0",
    "1.16.4-latest": "v1.2.0",
    "1.16.4-recommended": "v1.2.0",
    "1.16.3-latest": "v1.2.0",
    "1.16.3-recommended": "v1.2.0",
    "1.16.2-latest": "v1.2.0",
    "1.16.2-recommended": "v1.2.0",
    "1.16.1-latest": "v1.2.0",
    "1.16.1-recommended": "v1.2.0",
    "1.16-latest": "v1.2.0",
    "1.16-recommended": "v1.2.0",
    "1.15.2-latest": "v1.2.0",
    "1.15.2-recommended": "v1.2.0",
    "1.15.1-latest": "v1.2.0",
    "1.15.1-recommended": "v1.2.0",
    "1.15-latest": "v1.2.0",
    "1.15-recommended": "v1.2.0",
    "1.14.4-latest": "v1.2.0",
    "1.14.4-recommended": "v1.2.0",
    "1.14.3-latest": "v1.2.0",
    "1.14.3-recommended": "v1.2.0",
    "1.14.2-latest": "v1.2.0",
    "1.14.2-recommended": "v1.2.0",
    "1.14.1-latest": "v1.2.0",
    "1.14.1-recommended": "v1.2.0",
    "1.14-latest": "v1.2.0",
    "1.14-recommended": "v1.2.0",
    "1.13.2-latest": "v1.2.0",
    "1.13.2-recommended": "v1.2.0",
    "1.12.2-latest": "v1.2.0",
    "1.12.2-recommended": "v1.2.0",
    "1.11.2-latest": "v1.2.0",
    "1.11.2-recommended": "v1.2.0",
    "1.10.2-latest": "v1.2.0",
    "1.10.2-recommended": "v1.2.0",
    "1.9.4-latest": "v1.2.0",
    "1.9.4-recommended": "v1.2.0",
    "1.8.9-latest": "v1.2.0",
    "1.8.9-recommended": "v1.2.0",
    "1.7.10-latest": "v1.2.0",
    "1.7.10-recommended": "v1.2.0",
    "1.6.4-latest": "v1.2.0",
    "1.6.4-recommended": "v1.2.0",
    "1.5.2-latest": "v1.2.0",
    "1.5.2-recommended": "v1.2.0",
    "1.4.7-latest": "v1.2.0",
    "1.4.7-recommended": "v1.2.0",
    "1.3.2-latest": "v1.2.0",
    "1.3.2-recommended": "v1.2.0",
    "1.2.5-latest": "v1.2.0",
    "1.2.5-recommended": "v1.2.0",
    "1.1-latest": "v1.2.0",
    "1.1-recommended": "v1.2.0",
    "1.0-latest": "v1.2.0",
    "1.0-recommended": "v1.2.0",
    "b1.8.1-latest": "v1.2.0",
    "b1.8.1-recommended": "v1.2.0",
    "b1.7.3-latest": "v1.2.0",
    "b1.7.3-recommended": "v1.2.0",
    "b1.6.6-latest": "v1.2.0",
    "b1.6.6-recommended": "v1.2.0",
    "b1.5_01-latest": "v1.2.0",
    "b1.5_01-recommended": "v1.2.0",
    "b1.4_01-latest": "v1.2.0",
    "b1.4_01-recommended": "v1.2.0",
    "b1.3_01-latest": "v1.2.0",
    "b1.3_01-recommended": "v1.2.0",
    "b1.2_02-latest": "v1.2.0",
    "b1.2_02-recommended": "v1.2.0",
    "b1.1_02-latest": "v1.2.0",
    "b1.1_02-recommended": "v1.2.0",
    "a1.2.6-latest": "v1.2.0",
    "a1.2.6-recommended": "v1.2.0",
    "a1.1.2_01-latest": "v1.2.0",
    "a1.1.2_01-recommended": "v1.2.0"
  },
  "1.21.11": {
    "v1.2.0": "Major Feature Update for v1.x users, featuring dependency updates and various API/UI patches from modern versions of Minecraft"
  },
  "1.21.10": {
    "v1.2.0": "Major Feature Update for v1.x users, featuring dependency updates and various API/UI patches from modern versions of Minecraft",
    "v1.1.1": "Maintainer Update for v1.1.x users, featuring dependency updates, bug-fixes for Neoforge 1.21.6+ and ReIndev, as well as the removal of native FlintMC support and merging Quilt ports with Fabric"
  },
  "1.21.9": {
    "v1.2.0": "Major Feature Update for v1.x users, featuring dependency updates and various API/UI patches from modern versions of Minecraft",
    "v1.1.1": "Maintainer Update for v1.1.x users, featuring dependency updates, bug-fixes for Neoforge 1.21.6+ and ReIndev, as well as the removal of native FlintMC support and merging Quilt ports with Fabric"
  },
  "1.21.8": {
    "v1.2.0": "Major Feature Update for v1.x users, featuring dependency updates and various API/UI patches from modern versions of Minecraft",
    "v1.1.1": "Maintainer Update for v1.1.x users, featuring dependency updates, bug-fixes for Neoforge 1.21.6+ and ReIndev, as well as the removal of native FlintMC support and merging Quilt ports with Fabric",
    "v1.1.0": "Major Feature Update for v1.x users, featuring dependency updates, API changes for Selector GUIs, and fixes several crashes related to early-loading and NeoForge API changes"
  },
  "1.21.7": {
    "v1.2.0": "Major Feature Update for v1.x users, featuring dependency updates and various API/UI patches from modern versions of Minecraft",
    "v1.1.1": "Maintainer Update for v1.1.x users, featuring dependency updates, bug-fixes for Neoforge 1.21.6+ and ReIndev, as well as the removal of native FlintMC support and merging Quilt ports with Fabric",
    "v1.1.0": "Major Feature Update for v1.x users, featuring dependency updates, API changes for Selector GUIs, and fixes several crashes related to early-loading and NeoForge API changes"
  },
  "1.21.6": {
    "v1.2.0": "Major Feature Update for v1.x users, featuring dependency updates and various API/UI patches from modern versions of Minecraft",
    "v1.1.1": "Maintainer Update for v1.1.x users, featuring dependency updates, bug-fixes for Neoforge 1.21.6+ and ReIndev, as well as the removal of native FlintMC support and merging Quilt ports with Fabric",
    "v1.1.0": "Major Feature Update for v1.x users, featuring dependency updates, API changes for Selector GUIs, and fixes several crashes related to early-loading and NeoForge API changes"
  },
  "1.21.5": {
    "v1.2.0": "Major Feature Update for v1.x users, featuring dependency updates and various API/UI patches from modern versions of Minecraft",
    "v1.1.1": "Maintainer Update for v1.1.x users, featuring dependency updates, bug-fixes for Neoforge 1.21.6+ and ReIndev, as well as the removal of native FlintMC support and merging Quilt ports with Fabric",
    "v1.1.0": "Major Feature Update for v1.x users, featuring dependency updates, API changes for Selector GUIs, and fixes several crashes related to early-loading and NeoForge API changes",
    "v1.0.6": "Minor Feature Update for v1.0.x users, featuring dependency updates, API fixes for Screen and Rendering utilities, and WebP support for ImageUtils APIs",
    "v1.0.5": "Minor Feature and Maintainer Updates for v1.0.x users, featuring dependency updates, as well as fixes for non-applet and Legacy Fabric users"
  },
  "1.21.4": {
    "v1.2.0": "Major Feature Update for v1.x users, featuring dependency updates and various API/UI patches from modern versions of Minecraft",
    "v1.1.1": "Maintainer Update for v1.1.x users, featuring dependency updates, bug-fixes for Neoforge 1.21.6+ and ReIndev, as well as the removal of native FlintMC support and merging Quilt ports with Fabric",
    "v1.1.0": "Major Feature Update for v1.x users, featuring dependency updates, API changes for Selector GUIs, and fixes several crashes related to early-loading and NeoForge API changes",
    "v1.0.6": "Minor Feature Update for v1.0.x users, featuring dependency updates, API fixes for Screen and Rendering utilities, and WebP support for ImageUtils APIs",
    "v1.0.5": "Minor Feature and Maintainer Updates for v1.0.x users, featuring dependency updates, as well as fixes for non-applet and Legacy Fabric users",
    "v1.0.4": "Minor Feature Updates for v1.0.x users, featuring dependency updates, and minor fixes for MC 1.14+"
  },
  "1.21.3": {
    "v1.2.0": "Major Feature Update for v1.x users, featuring dependency updates and various API/UI patches from modern versions of Minecraft",
    "v1.1.1": "Maintainer Update for v1.1.x users, featuring dependency updates, bug-fixes for Neoforge 1.21.6+ and ReIndev, as well as the removal of native FlintMC support and merging Quilt ports with Fabric",
    "v1.1.0": "Major Feature Update for v1.x users, featuring dependency updates, API changes for Selector GUIs, and fixes several crashes related to early-loading and NeoForge API changes",
    "v1.0.6": "Minor Feature Update for v1.0.x users, featuring dependency updates, API fixes for Screen and Rendering utilities, and WebP support for ImageUtils APIs",
    "v1.0.5": "Minor Feature and Maintainer Updates for v1.0.x users, featuring dependency updates, as well as fixes for non-applet and Legacy Fabric users",
    "v1.0.4": "Minor Feature Updates for v1.0.x users, featuring dependency updates, and minor fixes for MC 1.14+",
    "v1.0.3": "Minor Feature Updates for v1.0.x users, featuring dependency updates, and support for deprecated.json Translation APIs",
    "v1.0.2": "Quality-Of-Live Updates for v1.0.x users, featuring dependency updates, packaging improvements, and UI API refinements"
  },
  "1.21.2": {
    "v1.2.0": "Major Feature Update for v1.x users, featuring dependency updates and various API/UI patches from modern versions of Minecraft",
    "v1.1.1": "Maintainer Update for v1.1.x users, featuring dependency updates, bug-fixes for Neoforge 1.21.6+ and ReIndev, as well as the removal of native FlintMC support and merging Quilt ports with Fabric",
    "v1.1.0": "Major Feature Update for v1.x users, featuring dependency updates, API changes for Selector GUIs, and fixes several crashes related to early-loading and NeoForge API changes",
    "v1.0.6": "Minor Feature Update for v1.0.x users, featuring dependency updates, API fixes for Screen and Rendering utilities, and WebP support for ImageUtils APIs",
    "v1.0.5": "Minor Feature and Maintainer Updates for v1.0.x users, featuring dependency updates, as well as fixes for non-applet and Legacy Fabric users",
    "v1.0.4": "Minor Feature Updates for v1.0.x users, featuring dependency updates, and minor fixes for MC 1.14+",
    "v1.0.3": "Minor Feature Updates for v1.0.x users, featuring dependency updates, and support for deprecated.json Translation APIs",
    "v1.0.2": "Quality-Of-Live Updates for v1.0.x users, featuring dependency updates, packaging improvements, and UI API refinements"
  },
  "1.21.1": {
    "v1.2.0": "Major Feature Update for v1.x users, featuring dependency updates and various API/UI patches from modern versions of Minecraft",
    "v1.1.1": "Maintainer Update for v1.1.x users, featuring dependency updates, bug-fixes for Neoforge 1.21.6+ and ReIndev, as well as the removal of native FlintMC support and merging Quilt ports with Fabric",
    "v1.1.0": "Major Feature Update for v1.x users, featuring dependency updates, API changes for Selector GUIs, and fixes several crashes related to early-loading and NeoForge API changes",
    "v1.0.6": "Minor Feature Update for v1.0.x users, featuring dependency updates, API fixes for Screen and Rendering utilities, and WebP support for ImageUtils APIs",
    "v1.0.5": "Minor Feature and Maintainer Updates for v1.0.x users, featuring dependency updates, as well as fixes for non-applet and Legacy Fabric users",
    "v1.0.4": "Minor Feature Updates for v1.0.x users, featuring dependency updates, and minor fixes for MC 1.14+",
    "v1.0.3": "Minor Feature Updates for v1.0.x users, featuring dependency updates, and support for deprecated.json Translation APIs",
    "v1.0.2": "Quality-Of-Live Updates for v1.0.x users, featuring dependency updates, packaging improvements, and UI API refinements",
    "v1.0.1": "Day-One Hotfix release, addressing issues related to mod conflicts from shadowed dependencies",
    "v1.0.0": "Initial Release"
  },
  "1.21": {
    "v1.2.0": "Major Feature Update for v1.x users, featuring dependency updates and various API/UI patches from modern versions of Minecraft",
    "v1.1.1": "Maintainer Update for v1.1.x users, featuring dependency updates, bug-fixes for Neoforge 1.21.6+ and ReIndev, as well as the removal of native FlintMC support and merging Quilt ports with Fabric",
    "v1.1.0": "Major Feature Update for v1.x users, featuring dependency updates, API changes for Selector GUIs, and fixes several crashes related to early-loading and NeoForge API changes",
    "v1.0.6": "Minor Feature Update for v1.0.x users, featuring dependency updates, API fixes for Screen and Rendering utilities, and WebP support for ImageUtils APIs",
    "v1.0.5": "Minor Feature and Maintainer Updates for v1.0.x users, featuring dependency updates, as well as fixes for non-applet and Legacy Fabric users",
    "v1.0.4": "Minor Feature Updates for v1.0.x users, featuring dependency updates, and minor fixes for MC 1.14+",
    "v1.0.3": "Minor Feature Updates for v1.0.x users, featuring dependency updates, and support for deprecated.json Translation APIs",
    "v1.0.2": "Quality-Of-Live Updates for v1.0.x users, featuring dependency updates, packaging improvements, and UI API refinements",
    "v1.0.1": "Day-One Hotfix release, addressing issues related to mod conflicts from shadowed dependencies",
    "v1.0.0": "Initial Release"
  },
  "1.20.6": {
    "v1.2.0": "Major Feature Update for v1.x users, featuring dependency updates and various API/UI patches from modern versions of Minecraft",
    "v1.1.1": "Maintainer Update for v1.1.x users, featuring dependency updates, bug-fixes for Neoforge 1.21.6+ and ReIndev, as well as the removal of native FlintMC support and merging Quilt ports with Fabric",
    "v1.1.0": "Major Feature Update for v1.x users, featuring dependency updates, API changes for Selector GUIs, and fixes several crashes related to early-loading and NeoForge API changes",
    "v1.0.6": "Minor Feature Update for v1.0.x users, featuring dependency updates, API fixes for Screen and Rendering utilities, and WebP support for ImageUtils APIs",
    "v1.0.5": "Minor Feature and Maintainer Updates for v1.0.x users, featuring dependency updates, as well as fixes for non-applet and Legacy Fabric users",
    "v1.0.4": "Minor Feature Updates for v1.0.x users, featuring dependency updates, and minor fixes for MC 1.14+",
    "v1.0.3": "Minor Feature Updates for v1.0.x users, featuring dependency updates, and support for deprecated.json Translation APIs",
    "v1.0.2": "Quality-Of-Live Updates for v1.0.x users, featuring dependency updates, packaging improvements, and UI API refinements",
    "v1.0.1": "Day-One Hotfix release, addressing issues related to mod conflicts from shadowed dependencies",
    "v1.0.0": "Initial Release"
  },
  "1.20.5": {
    "v1.2.0": "Major Feature Update for v1.x users, featuring dependency updates and various API/UI patches from modern versions of Minecraft",
    "v1.1.1": "Maintainer Update for v1.1.x users, featuring dependency updates, bug-fixes for Neoforge 1.21.6+ and ReIndev, as well as the removal of native FlintMC support and merging Quilt ports with Fabric",
    "v1.1.0": "Major Feature Update for v1.x users, featuring dependency updates, API changes for Selector GUIs, and fixes several crashes related to early-loading and NeoForge API changes",
    "v1.0.6": "Minor Feature Update for v1.0.x users, featuring dependency updates, API fixes for Screen and Rendering utilities, and WebP support for ImageUtils APIs",
    "v1.0.5": "Minor Feature and Maintainer Updates for v1.0.x users, featuring dependency updates, as well as fixes for non-applet and Legacy Fabric users",
    "v1.0.4": "Minor Feature Updates for v1.0.x users, featuring dependency updates, and minor fixes for MC 1.14+",
    "v1.0.3": "Minor Feature Updates for v1.0.x users, featuring dependency updates, and support for deprecated.json Translation APIs",
    "v1.0.2": "Quality-Of-Live Updates for v1.0.x users, featuring dependency updates, packaging improvements, and UI API refinements",
    "v1.0.1": "Day-One Hotfix release, addressing issues related to mod conflicts from shadowed dependencies",
    "v1.0.0": "Initial Release"
  },
  "1.20.4": {
    "v1.2.0": "Major Feature Update for v1.x users, featuring dependency updates and various API/UI patches from modern versions of Minecraft",
    "v1.1.1": "Maintainer Update for v1.1.x users, featuring dependency updates, bug-fixes for Neoforge 1.21.6+ and ReIndev, as well as the removal of native FlintMC support and merging Quilt ports with Fabric",
    "v1.1.0": "Major Feature Update for v1.x users, featuring dependency updates, API changes for Selector GUIs, and fixes several crashes related to early-loading and NeoForge API changes",
    "v1.0.6": "Minor Feature Update for v1.0.x users, featuring dependency updates, API fixes for Screen and Rendering utilities, and WebP support for ImageUtils APIs",
    "v1.0.5": "Minor Feature and Maintainer Updates for v1.0.x users, featuring dependency updates, as well as fixes for non-applet and Legacy Fabric users",
    "v1.0.4": "Minor Feature Updates for v1.0.x users, featuring dependency updates, and minor fixes for MC 1.14+",
    "v1.0.3": "Minor Feature Updates for v1.0.x users, featuring dependency updates, and support for deprecated.json Translation APIs",
    "v1.0.2": "Quality-Of-Live Updates for v1.0.x users, featuring dependency updates, packaging improvements, and UI API refinements",
    "v1.0.1": "Day-One Hotfix release, addressing issues related to mod conflicts from shadowed dependencies",
    "v1.0.0": "Initial Release"
  },
  "1.20.3": {
    "v1.2.0": "Major Feature Update for v1.x users, featuring dependency updates and various API/UI patches from modern versions of Minecraft",
    "v1.1.1": "Maintainer Update for v1.1.x users, featuring dependency updates, bug-fixes for Neoforge 1.21.6+ and ReIndev, as well as the removal of native FlintMC support and merging Quilt ports with Fabric",
    "v1.1.0": "Major Feature Update for v1.x users, featuring dependency updates, API changes for Selector GUIs, and fixes several crashes related to early-loading and NeoForge API changes",
    "v1.0.6": "Minor Feature Update for v1.0.x users, featuring dependency updates, API fixes for Screen and Rendering utilities, and WebP support for ImageUtils APIs",
    "v1.0.5": "Minor Feature and Maintainer Updates for v1.0.x users, featuring dependency updates, as well as fixes for non-applet and Legacy Fabric users",
    "v1.0.4": "Minor Feature Updates for v1.0.x users, featuring dependency updates, and minor fixes for MC 1.14+",
    "v1.0.3": "Minor Feature Updates for v1.0.x users, featuring dependency updates, and support for deprecated.json Translation APIs",
    "v1.0.2": "Quality-Of-Live Updates for v1.0.x users, featuring dependency updates, packaging improvements, and UI API refinements",
    "v1.0.1": "Day-One Hotfix release, addressing issues related to mod conflicts from shadowed dependencies",
    "v1.0.0": "Initial Release"
  },
  "1.20.2": {
    "v1.2.0": "Major Feature Update for v1.x users, featuring dependency updates and various API/UI patches from modern versions of Minecraft",
    "v1.1.1": "Maintainer Update for v1.1.x users, featuring dependency updates, bug-fixes for Neoforge 1.21.6+ and ReIndev, as well as the removal of native FlintMC support and merging Quilt ports with Fabric",
    "v1.1.0": "Major Feature Update for v1.x users, featuring dependency updates, API changes for Selector GUIs, and fixes several crashes related to early-loading and NeoForge API changes",
    "v1.0.6": "Minor Feature Update for v1.0.x users, featuring dependency updates, API fixes for Screen and Rendering utilities, and WebP support for ImageUtils APIs",
    "v1.0.5": "Minor Feature and Maintainer Updates for v1.0.x users, featuring dependency updates, as well as fixes for non-applet and Legacy Fabric users",
    "v1.0.4": "Minor Feature Updates for v1.0.x users, featuring dependency updates, and minor fixes for MC 1.14+",
    "v1.0.3": "Minor Feature Updates for v1.0.x users, featuring dependency updates, and support for deprecated.json Translation APIs",
    "v1.0.2": "Quality-Of-Live Updates for v1.0.x users, featuring dependency updates, packaging improvements, and UI API refinements",
    "v1.0.1": "Day-One Hotfix release, addressing issues related to mod conflicts from shadowed dependencies",
    "v1.0.0": "Initial Release"
  },
  "1.20.1": {
    "v1.2.0": "Major Feature Update for v1.x users, featuring dependency updates and various API/UI patches from modern versions of Minecraft",
    "v1.1.1": "Maintainer Update for v1.1.x users, featuring dependency updates, bug-fixes for Neoforge 1.21.6+ and ReIndev, as well as the removal of native FlintMC support and merging Quilt ports with Fabric",
    "v1.1.0": "Major Feature Update for v1.x users, featuring dependency updates, API changes for Selector GUIs, and fixes several crashes related to early-loading and NeoForge API changes",
    "v1.0.6": "Minor Feature Update for v1.0.x users, featuring dependency updates, API fixes for Screen and Rendering utilities, and WebP support for ImageUtils APIs",
    "v1.0.5": "Minor Feature and Maintainer Updates for v1.0.x users, featuring dependency updates, as well as fixes for non-applet and Legacy Fabric users",
    "v1.0.4": "Minor Feature Updates for v1.0.x users, featuring dependency updates, and minor fixes for MC 1.14+",
    "v1.0.3": "Minor Feature Updates for v1.0.x users, featuring dependency updates, and support for deprecated.json Translation APIs",
    "v1.0.2": "Quality-Of-Live Updates for v1.0.x users, featuring dependency updates, packaging improvements, and UI API refinements",
    "v1.0.1": "Day-One Hotfix release, addressing issues related to mod conflicts from shadowed dependencies",
    "v1.0.0": "Initial Release"
  },
  "1.20": {
    "v1.2.0": "Major Feature Update for v1.x users, featuring dependency updates and various API/UI patches from modern versions of Minecraft",
    "v1.1.1": "Maintainer Update for v1.1.x users, featuring dependency updates, bug-fixes for Neoforge 1.21.6+ and ReIndev, as well as the removal of native FlintMC support and merging Quilt ports with Fabric",
    "v1.1.0": "Major Feature Update for v1.x users, featuring dependency updates, API changes for Selector GUIs, and fixes several crashes related to early-loading and NeoForge API changes",
    "v1.0.6": "Minor Feature Update for v1.0.x users, featuring dependency updates, API fixes for Screen and Rendering utilities, and WebP support for ImageUtils APIs",
    "v1.0.5": "Minor Feature and Maintainer Updates for v1.0.x users, featuring dependency updates, as well as fixes for non-applet and Legacy Fabric users",
    "v1.0.4": "Minor Feature Updates for v1.0.x users, featuring dependency updates, and minor fixes for MC 1.14+",
    "v1.0.3": "Minor Feature Updates for v1.0.x users, featuring dependency updates, and support for deprecated.json Translation APIs",
    "v1.0.2": "Quality-Of-Live Updates for v1.0.x users, featuring dependency updates, packaging improvements, and UI API refinements",
    "v1.0.1": "Day-One Hotfix release, addressing issues related to mod conflicts from shadowed dependencies",
    "v1.0.0": "Initial Release"
  },
  "1.19.4": {
    "v1.2.0": "Major Feature Update for v1.x users, featuring dependency updates and various API/UI patches from modern versions of Minecraft",
    "v1.1.1": "Maintainer Update for v1.1.x users, featuring dependency updates, bug-fixes for Neoforge 1.21.6+ and ReIndev, as well as the removal of native FlintMC support and merging Quilt ports with Fabric",
    "v1.1.0": "Major Feature Update for v1.x users, featuring dependency updates, API changes for Selector GUIs, and fixes several crashes related to early-loading and NeoForge API changes",
    "v1.0.6": "Minor Feature Update for v1.0.x users, featuring dependency updates, API fixes for Screen and Rendering utilities, and WebP support for ImageUtils APIs",
    "v1.0.5": "Minor Feature and Maintainer Updates for v1.0.x users, featuring dependency updates, as well as fixes for non-applet and Legacy Fabric users",
    "v1.0.4": "Minor Feature Updates for v1.0.x users, featuring dependency updates, and minor fixes for MC 1.14+",
    "v1.0.3": "Minor Feature Updates for v1.0.x users, featuring dependency updates, and support for deprecated.json Translation APIs",
    "v1.0.2": "Quality-Of-Live Updates for v1.0.x users, featuring dependency updates, packaging improvements, and UI API refinements",
    "v1.0.1": "Day-One Hotfix release, addressing issues related to mod conflicts from shadowed dependencies",
    "v1.0.0": "Initial Release"
  },
  "1.19.3": {
    "v1.2.0": "Major Feature Update for v1.x users, featuring dependency updates and various API/UI patches from modern versions of Minecraft",
    "v1.1.1": "Maintainer Update for v1.1.x users, featuring dependency updates, bug-fixes for Neoforge 1.21.6+ and ReIndev, as well as the removal of native FlintMC support and merging Quilt ports with Fabric",
    "v1.1.0": "Major Feature Update for v1.x users, featuring dependency updates, API changes for Selector GUIs, and fixes several crashes related to early-loading and NeoForge API changes",
    "v1.0.6": "Minor Feature Update for v1.0.x users, featuring dependency updates, API fixes for Screen and Rendering utilities, and WebP support for ImageUtils APIs",
    "v1.0.5": "Minor Feature and Maintainer Updates for v1.0.x users, featuring dependency updates, as well as fixes for non-applet and Legacy Fabric users",
    "v1.0.4": "Minor Feature Updates for v1.0.x users, featuring dependency updates, and minor fixes for MC 1.14+",
    "v1.0.3": "Minor Feature Updates for v1.0.x users, featuring dependency updates, and support for deprecated.json Translation APIs",
    "v1.0.2": "Quality-Of-Live Updates for v1.0.x users, featuring dependency updates, packaging improvements, and UI API refinements",
    "v1.0.1": "Day-One Hotfix release, addressing issues related to mod conflicts from shadowed dependencies",
    "v1.0.0": "Initial Release"
  },
  "1.19.2": {
    "v1.2.0": "Major Feature Update for v1.x users, featuring dependency updates and various API/UI patches from modern versions of Minecraft",
    "v1.1.1": "Maintainer Update for v1.1.x users, featuring dependency updates, bug-fixes for Neoforge 1.21.6+ and ReIndev, as well as the removal of native FlintMC support and merging Quilt ports with Fabric",
    "v1.1.0": "Major Feature Update for v1.x users, featuring dependency updates, API changes for Selector GUIs, and fixes several crashes related to early-loading and NeoForge API changes",
    "v1.0.6": "Minor Feature Update for v1.0.x users, featuring dependency updates, API fixes for Screen and Rendering utilities, and WebP support for ImageUtils APIs",
    "v1.0.5": "Minor Feature and Maintainer Updates for v1.0.x users, featuring dependency updates, as well as fixes for non-applet and Legacy Fabric users",
    "v1.0.4": "Minor Feature Updates for v1.0.x users, featuring dependency updates, and minor fixes for MC 1.14+",
    "v1.0.3": "Minor Feature Updates for v1.0.x users, featuring dependency updates, and support for deprecated.json Translation APIs",
    "v1.0.2": "Quality-Of-Live Updates for v1.0.x users, featuring dependency updates, packaging improvements, and UI API refinements",
    "v1.0.1": "Day-One Hotfix release, addressing issues related to mod conflicts from shadowed dependencies",
    "v1.0.0": "Initial Release"
  },
  "1.19.1": {
    "v1.2.0": "Major Feature Update for v1.x users, featuring dependency updates and various API/UI patches from modern versions of Minecraft",
    "v1.1.1": "Maintainer Update for v1.1.x users, featuring dependency updates, bug-fixes for Neoforge 1.21.6+ and ReIndev, as well as the removal of native FlintMC support and merging Quilt ports with Fabric",
    "v1.1.0": "Major Feature Update for v1.x users, featuring dependency updates, API changes for Selector GUIs, and fixes several crashes related to early-loading and NeoForge API changes",
    "v1.0.6": "Minor Feature Update for v1.0.x users, featuring dependency updates, API fixes for Screen and Rendering utilities, and WebP support for ImageUtils APIs",
    "v1.0.5": "Minor Feature and Maintainer Updates for v1.0.x users, featuring dependency updates, as well as fixes for non-applet and Legacy Fabric users",
    "v1.0.4": "Minor Feature Updates for v1.0.x users, featuring dependency updates, and minor fixes for MC 1.14+",
    "v1.0.3": "Minor Feature Updates for v1.0.x users, featuring dependency updates, and support for deprecated.json Translation APIs",
    "v1.0.2": "Quality-Of-Live Updates for v1.0.x users, featuring dependency updates, packaging improvements, and UI API refinements",
    "v1.0.1": "Day-One Hotfix release, addressing issues related to mod conflicts from shadowed dependencies",
    "v1.0.0": "Initial Release"
  },
  "1.19": {
    "v1.2.0": "Major Feature Update for v1.x users, featuring dependency updates and various API/UI patches from modern versions of Minecraft",
    "v1.1.1": "Maintainer Update for v1.1.x users, featuring dependency updates, bug-fixes for Neoforge 1.21.6+ and ReIndev, as well as the removal of native FlintMC support and merging Quilt ports with Fabric",
    "v1.1.0": "Major Feature Update for v1.x users, featuring dependency updates, API changes for Selector GUIs, and fixes several crashes related to early-loading and NeoForge API changes",
    "v1.0.6": "Minor Feature Update for v1.0.x users, featuring dependency updates, API fixes for Screen and Rendering utilities, and WebP support for ImageUtils APIs",
    "v1.0.5": "Minor Feature and Maintainer Updates for v1.0.x users, featuring dependency updates, as well as fixes for non-applet and Legacy Fabric users",
    "v1.0.4": "Minor Feature Updates for v1.0.x users, featuring dependency updates, and minor fixes for MC 1.14+",
    "v1.0.3": "Minor Feature Updates for v1.0.x users, featuring dependency updates, and support for deprecated.json Translation APIs",
    "v1.0.2": "Quality-Of-Live Updates for v1.0.x users, featuring dependency updates, packaging improvements, and UI API refinements",
    "v1.0.1": "Day-One Hotfix release, addressing issues related to mod conflicts from shadowed dependencies",
    "v1.0.0": "Initial Release"
  },
  "1.18.2": {
    "v1.2.0": "Major Feature Update for v1.x users, featuring dependency updates and various API/UI patches from modern versions of Minecraft",
    "v1.1.1": "Maintainer Update for v1.1.x users, featuring dependency updates, bug-fixes for Neoforge 1.21.6+ and ReIndev, as well as the removal of native FlintMC support and merging Quilt ports with Fabric",
    "v1.1.0": "Major Feature Update for v1.x users, featuring dependency updates, API changes for Selector GUIs, and fixes several crashes related to early-loading and NeoForge API changes",
    "v1.0.6": "Minor Feature Update for v1.0.x users, featuring dependency updates, API fixes for Screen and Rendering utilities, and WebP support for ImageUtils APIs",
    "v1.0.5": "Minor Feature and Maintainer Updates for v1.0.x users, featuring dependency updates, as well as fixes for non-applet and Legacy Fabric users",
    "v1.0.4": "Minor Feature Updates for v1.0.x users, featuring dependency updates, and minor fixes for MC 1.14+",
    "v1.0.3": "Minor Feature Updates for v1.0.x users, featuring dependency updates, and support for deprecated.json Translation APIs",
    "v1.0.2": "Quality-Of-Live Updates for v1.0.x users, featuring dependency updates, packaging improvements, and UI API refinements",
    "v1.0.1": "Day-One Hotfix release, addressing issues related to mod conflicts from shadowed dependencies",
    "v1.0.0": "Initial Release"
  },
  "1.18.1": {
    "v1.2.0": "Major Feature Update for v1.x users, featuring dependency updates and various API/UI patches from modern versions of Minecraft",
    "v1.1.1": "Maintainer Update for v1.1.x users, featuring dependency updates, bug-fixes for Neoforge 1.21.6+ and ReIndev, as well as the removal of native FlintMC support and merging Quilt ports with Fabric",
    "v1.1.0": "Major Feature Update for v1.x users, featuring dependency updates, API changes for Selector GUIs, and fixes several crashes related to early-loading and NeoForge API changes",
    "v1.0.6": "Minor Feature Update for v1.0.x users, featuring dependency updates, API fixes for Screen and Rendering utilities, and WebP support for ImageUtils APIs",
    "v1.0.5": "Minor Feature and Maintainer Updates for v1.0.x users, featuring dependency updates, as well as fixes for non-applet and Legacy Fabric users",
    "v1.0.4": "Minor Feature Updates for v1.0.x users, featuring dependency updates, and minor fixes for MC 1.14+",
    "v1.0.3": "Minor Feature Updates for v1.0.x users, featuring dependency updates, and support for deprecated.json Translation APIs",
    "v1.0.2": "Quality-Of-Live Updates for v1.0.x users, featuring dependency updates, packaging improvements, and UI API refinements",
    "v1.0.1": "Day-One Hotfix release, addressing issues related to mod conflicts from shadowed dependencies",
    "v1.0.0": "Initial Release"
  },
  "1.18": {
    "v1.2.0": "Major Feature Update for v1.x users, featuring dependency updates and various API/UI patches from modern versions of Minecraft",
    "v1.1.1": "Maintainer Update for v1.1.x users, featuring dependency updates, bug-fixes for Neoforge 1.21.6+ and ReIndev, as well as the removal of native FlintMC support and merging Quilt ports with Fabric",
    "v1.1.0": "Major Feature Update for v1.x users, featuring dependency updates, API changes for Selector GUIs, and fixes several crashes related to early-loading and NeoForge API changes",
    "v1.0.6": "Minor Feature Update for v1.0.x users, featuring dependency updates, API fixes for Screen and Rendering utilities, and WebP support for ImageUtils APIs",
    "v1.0.5": "Minor Feature and Maintainer Updates for v1.0.x users, featuring dependency updates, as well as fixes for non-applet and Legacy Fabric users",
    "v1.0.4": "Minor Feature Updates for v1.0.x users, featuring dependency updates, and minor fixes for MC 1.14+",
    "v1.0.3": "Minor Feature Updates for v1.0.x users, featuring dependency updates, and support for deprecated.json Translation APIs",
    "v1.0.2": "Quality-Of-Live Updates for v1.0.x users, featuring dependency updates, packaging improvements, and UI API refinements",
    "v1.0.1": "Day-One Hotfix release, addressing issues related to mod conflicts from shadowed dependencies",
    "v1.0.0": "Initial Release"
  },
  "1.17.1": {
    "v1.2.0": "Major Feature Update for v1.x users, featuring dependency updates and various API/UI patches from modern versions of Minecraft",
    "v1.1.1": "Maintainer Update for v1.1.x users, featuring dependency updates, bug-fixes for Neoforge 1.21.6+ and ReIndev, as well as the removal of native FlintMC support and merging Quilt ports with Fabric",
    "v1.1.0": "Major Feature Update for v1.x users, featuring dependency updates, API changes for Selector GUIs, and fixes several crashes related to early-loading and NeoForge API changes",
    "v1.0.6": "Minor Feature Update for v1.0.x users, featuring dependency updates, API fixes for Screen and Rendering utilities, and WebP support for ImageUtils APIs",
    "v1.0.5": "Minor Feature and Maintainer Updates for v1.0.x users, featuring dependency updates, as well as fixes for non-applet and Legacy Fabric users",
    "v1.0.4": "Minor Feature Updates for v1.0.x users, featuring dependency updates, and minor fixes for MC 1.14+",
    "v1.0.3": "Minor Feature Updates for v1.0.x users, featuring dependency updates, and support for deprecated.json Translation APIs",
    "v1.0.2": "Quality-Of-Live Updates for v1.0.x users, featuring dependency updates, packaging improvements, and UI API refinements",
    "v1.0.1": "Day-One Hotfix release, addressing issues related to mod conflicts from shadowed dependencies",
    "v1.0.0": "Initial Release"
  },
  "1.17": {
    "v1.2.0": "Major Feature Update for v1.x users, featuring dependency updates and various API/UI patches from modern versions of Minecraft",
    "v1.1.1": "Maintainer Update for v1.1.x users, featuring dependency updates, bug-fixes for Neoforge 1.21.6+ and ReIndev, as well as the removal of native FlintMC support and merging Quilt ports with Fabric",
    "v1.1.0": "Major Feature Update for v1.x users, featuring dependency updates, API changes for Selector GUIs, and fixes several crashes related to early-loading and NeoForge API changes",
    "v1.0.6": "Minor Feature Update for v1.0.x users, featuring dependency updates, API fixes for Screen and Rendering utilities, and WebP support for ImageUtils APIs",
    "v1.0.5": "Minor Feature and Maintainer Updates for v1.0.x users, featuring dependency updates, as well as fixes for non-applet and Legacy Fabric users",
    "v1.0.4": "Minor Feature Updates for v1.0.x users, featuring dependency updates, and minor fixes for MC 1.14+",
    "v1.0.3": "Minor Feature Updates for v1.0.x users, featuring dependency updates, and support for deprecated.json Translation APIs",
    "v1.0.2": "Quality-Of-Live Updates for v1.0.x users, featuring dependency updates, packaging improvements, and UI API refinements",
    "v1.0.1": "Day-One Hotfix release, addressing issues related to mod conflicts from shadowed dependencies",
    "v1.0.0": "Initial Release"
  },
  "1.16.5": {
    "v1.2.0": "Major Feature Update for v1.x users, featuring dependency updates and various API/UI patches from modern versions of Minecraft",
    "v1.1.1": "Maintainer Update for v1.1.x users, featuring dependency updates, bug-fixes for Neoforge 1.21.6+ and ReIndev, as well as the removal of native FlintMC support and merging Quilt ports with Fabric",
    "v1.1.0": "Major Feature Update for v1.x users, featuring dependency updates, API changes for Selector GUIs, and fixes several crashes related to early-loading and NeoForge API changes",
    "v1.0.6": "Minor Feature Update for v1.0.x users, featuring dependency updates, API fixes for Screen and Rendering utilities, and WebP support for ImageUtils APIs",
    "v1.0.5": "Minor Feature and Maintainer Updates for v1.0.x users, featuring dependency updates, as well as fixes for non-applet and Legacy Fabric users",
    "v1.0.4": "Minor Feature Updates for v1.0.x users, featuring dependency updates, and minor fixes for MC 1.14+",
    "v1.0.3": "Minor Feature Updates for v1.0.x users, featuring dependency updates, and support for deprecated.json Translation APIs",
    "v1.0.2": "Quality-Of-Live Updates for v1.0.x users, featuring dependency updates, packaging improvements, and UI API refinements",
    "v1.0.1": "Day-One Hotfix release, addressing issues related to mod conflicts from shadowed dependencies",
    "v1.0.0": "Initial Release"
  },
  "1.16.4": {
    "v1.2.0": "Major Feature Update for v1.x users, featuring dependency updates and various API/UI patches from modern versions of Minecraft",
    "v1.1.1": "Maintainer Update for v1.1.x users, featuring dependency updates, bug-fixes for Neoforge 1.21.6+ and ReIndev, as well as the removal of native FlintMC support and merging Quilt ports with Fabric",
    "v1.1.0": "Major Feature Update for v1.x users, featuring dependency updates, API changes for Selector GUIs, and fixes several crashes related to early-loading and NeoForge API changes",
    "v1.0.6": "Minor Feature Update for v1.0.x users, featuring dependency updates, API fixes for Screen and Rendering utilities, and WebP support for ImageUtils APIs",
    "v1.0.5": "Minor Feature and Maintainer Updates for v1.0.x users, featuring dependency updates, as well as fixes for non-applet and Legacy Fabric users",
    "v1.0.4": "Minor Feature Updates for v1.0.x users, featuring dependency updates, and minor fixes for MC 1.14+",
    "v1.0.3": "Minor Feature Updates for v1.0.x users, featuring dependency updates, and support for deprecated.json Translation APIs",
    "v1.0.2": "Quality-Of-Live Updates for v1.0.x users, featuring dependency updates, packaging improvements, and UI API refinements",
    "v1.0.1": "Day-One Hotfix release, addressing issues related to mod conflicts from shadowed dependencies",
    "v1.0.0": "Initial Release"
  },
  "1.16.3": {
    "v1.2.0": "Major Feature Update for v1.x users, featuring dependency updates and various API/UI patches from modern versions of Minecraft",
    "v1.1.1": "Maintainer Update for v1.1.x users, featuring dependency updates, bug-fixes for Neoforge 1.21.6+ and ReIndev, as well as the removal of native FlintMC support and merging Quilt ports with Fabric",
    "v1.1.0": "Major Feature Update for v1.x users, featuring dependency updates, API changes for Selector GUIs, and fixes several crashes related to early-loading and NeoForge API changes",
    "v1.0.6": "Minor Feature Update for v1.0.x users, featuring dependency updates, API fixes for Screen and Rendering utilities, and WebP support for ImageUtils APIs",
    "v1.0.5": "Minor Feature and Maintainer Updates for v1.0.x users, featuring dependency updates, as well as fixes for non-applet and Legacy Fabric users",
    "v1.0.4": "Minor Feature Updates for v1.0.x users, featuring dependency updates, and minor fixes for MC 1.14+",
    "v1.0.3": "Minor Feature Updates for v1.0.x users, featuring dependency updates, and support for deprecated.json Translation APIs",
    "v1.0.2": "Quality-Of-Live Updates for v1.0.x users, featuring dependency updates, packaging improvements, and UI API refinements",
    "v1.0.1": "Day-One Hotfix release, addressing issues related to mod conflicts from shadowed dependencies",
    "v1.0.0": "Initial Release"
  },
  "1.16.2": {
    "v1.2.0": "Major Feature Update for v1.x users, featuring dependency updates and various API/UI patches from modern versions of Minecraft",
    "v1.1.1": "Maintainer Update for v1.1.x users, featuring dependency updates, bug-fixes for Neoforge 1.21.6+ and ReIndev, as well as the removal of native FlintMC support and merging Quilt ports with Fabric",
    "v1.1.0": "Major Feature Update for v1.x users, featuring dependency updates, API changes for Selector GUIs, and fixes several crashes related to early-loading and NeoForge API changes",
    "v1.0.6": "Minor Feature Update for v1.0.x users, featuring dependency updates, API fixes for Screen and Rendering utilities, and WebP support for ImageUtils APIs",
    "v1.0.5": "Minor Feature and Maintainer Updates for v1.0.x users, featuring dependency updates, as well as fixes for non-applet and Legacy Fabric users",
    "v1.0.4": "Minor Feature Updates for v1.0.x users, featuring dependency updates, and minor fixes for MC 1.14+",
    "v1.0.3": "Minor Feature Updates for v1.0.x users, featuring dependency updates, and support for deprecated.json Translation APIs",
    "v1.0.2": "Quality-Of-Live Updates for v1.0.x users, featuring dependency updates, packaging improvements, and UI API refinements",
    "v1.0.1": "Day-One Hotfix release, addressing issues related to mod conflicts from shadowed dependencies",
    "v1.0.0": "Initial Release"
  },
  "1.16.1": {
    "v1.2.0": "Major Feature Update for v1.x users, featuring dependency updates and various API/UI patches from modern versions of Minecraft",
    "v1.1.1": "Maintainer Update for v1.1.x users, featuring dependency updates, bug-fixes for Neoforge 1.21.6+ and ReIndev, as well as the removal of native FlintMC support and merging Quilt ports with Fabric",
    "v1.1.0": "Major Feature Update for v1.x users, featuring dependency updates, API changes for Selector GUIs, and fixes several crashes related to early-loading and NeoForge API changes",
    "v1.0.6": "Minor Feature Update for v1.0.x users, featuring dependency updates, API fixes for Screen and Rendering utilities, and WebP support for ImageUtils APIs",
    "v1.0.5": "Minor Feature and Maintainer Updates for v1.0.x users, featuring dependency updates, as well as fixes for non-applet and Legacy Fabric users",
    "v1.0.4": "Minor Feature Updates for v1.0.x users, featuring dependency updates, and minor fixes for MC 1.14+",
    "v1.0.3": "Minor Feature Updates for v1.0.x users, featuring dependency updates, and support for deprecated.json Translation APIs",
    "v1.0.2": "Quality-Of-Live Updates for v1.0.x users, featuring dependency updates, packaging improvements, and UI API refinements",
    "v1.0.1": "Day-One Hotfix release, addressing issues related to mod conflicts from shadowed dependencies",
    "v1.0.0": "Initial Release"
  },
  "1.16": {
    "v1.2.0": "Major Feature Update for v1.x users, featuring dependency updates and various API/UI patches from modern versions of Minecraft",
    "v1.1.1": "Maintainer Update for v1.1.x users, featuring dependency updates, bug-fixes for Neoforge 1.21.6+ and ReIndev, as well as the removal of native FlintMC support and merging Quilt ports with Fabric",
    "v1.1.0": "Major Feature Update for v1.x users, featuring dependency updates, API changes for Selector GUIs, and fixes several crashes related to early-loading and NeoForge API changes",
    "v1.0.6": "Minor Feature Update for v1.0.x users, featuring dependency updates, API fixes for Screen and Rendering utilities, and WebP support for ImageUtils APIs",
    "v1.0.5": "Minor Feature and Maintainer Updates for v1.0.x users, featuring dependency updates, as well as fixes for non-applet and Legacy Fabric users",
    "v1.0.4": "Minor Feature Updates for v1.0.x users, featuring dependency updates, and minor fixes for MC 1.14+",
    "v1.0.3": "Minor Feature Updates for v1.0.x users, featuring dependency updates, and support for deprecated.json Translation APIs",
    "v1.0.2": "Quality-Of-Live Updates for v1.0.x users, featuring dependency updates, packaging improvements, and UI API refinements",
    "v1.0.1": "Day-One Hotfix release, addressing issues related to mod conflicts from shadowed dependencies",
    "v1.0.0": "Initial Release"
  },
  "1.15.2": {
    "v1.2.0": "Major Feature Update for v1.x users, featuring dependency updates and various API/UI patches from modern versions of Minecraft",
    "v1.1.1": "Maintainer Update for v1.1.x users, featuring dependency updates, bug-fixes for Neoforge 1.21.6+ and ReIndev, as well as the removal of native FlintMC support and merging Quilt ports with Fabric",
    "v1.1.0": "Major Feature Update for v1.x users, featuring dependency updates, API changes for Selector GUIs, and fixes several crashes related to early-loading and NeoForge API changes",
    "v1.0.6": "Minor Feature Update for v1.0.x users, featuring dependency updates, API fixes for Screen and Rendering utilities, and WebP support for ImageUtils APIs",
    "v1.0.5": "Minor Feature and Maintainer Updates for v1.0.x users, featuring dependency updates, as well as fixes for non-applet and Legacy Fabric users",
    "v1.0.4": "Minor Feature Updates for v1.0.x users, featuring dependency updates, and minor fixes for MC 1.14+",
    "v1.0.3": "Minor Feature Updates for v1.0.x users, featuring dependency updates, and support for deprecated.json Translation APIs",
    "v1.0.2": "Quality-Of-Live Updates for v1.0.x users, featuring dependency updates, packaging improvements, and UI API refinements",
    "v1.0.1": "Day-One Hotfix release, addressing issues related to mod conflicts from shadowed dependencies",
    "v1.0.0": "Initial Release"
  },
  "1.15.1": {
    "v1.2.0": "Major Feature Update for v1.x users, featuring dependency updates and various API/UI patches from modern versions of Minecraft",
    "v1.1.1": "Maintainer Update for v1.1.x users, featuring dependency updates, bug-fixes for Neoforge 1.21.6+ and ReIndev, as well as the removal of native FlintMC support and merging Quilt ports with Fabric",
    "v1.1.0": "Major Feature Update for v1.x users, featuring dependency updates, API changes for Selector GUIs, and fixes several crashes related to early-loading and NeoForge API changes",
    "v1.0.6": "Minor Feature Update for v1.0.x users, featuring dependency updates, API fixes for Screen and Rendering utilities, and WebP support for ImageUtils APIs",
    "v1.0.5": "Minor Feature and Maintainer Updates for v1.0.x users, featuring dependency updates, as well as fixes for non-applet and Legacy Fabric users",
    "v1.0.4": "Minor Feature Updates for v1.0.x users, featuring dependency updates, and minor fixes for MC 1.14+",
    "v1.0.3": "Minor Feature Updates for v1.0.x users, featuring dependency updates, and support for deprecated.json Translation APIs",
    "v1.0.2": "Quality-Of-Live Updates for v1.0.x users, featuring dependency updates, packaging improvements, and UI API refinements",
    "v1.0.1": "Day-One Hotfix release, addressing issues related to mod conflicts from shadowed dependencies",
    "v1.0.0": "Initial Release"
  },
  "1.15": {
    "v1.2.0": "Major Feature Update for v1.x users, featuring dependency updates and various API/UI patches from modern versions of Minecraft",
    "v1.1.1": "Maintainer Update for v1.1.x users, featuring dependency updates, bug-fixes for Neoforge 1.21.6+ and ReIndev, as well as the removal of native FlintMC support and merging Quilt ports with Fabric",
    "v1.1.0": "Major Feature Update for v1.x users, featuring dependency updates, API changes for Selector GUIs, and fixes several crashes related to early-loading and NeoForge API changes",
    "v1.0.6": "Minor Feature Update for v1.0.x users, featuring dependency updates, API fixes for Screen and Rendering utilities, and WebP support for ImageUtils APIs",
    "v1.0.5": "Minor Feature and Maintainer Updates for v1.0.x users, featuring dependency updates, as well as fixes for non-applet and Legacy Fabric users",
    "v1.0.4": "Minor Feature Updates for v1.0.x users, featuring dependency updates, and minor fixes for MC 1.14+",
    "v1.0.3": "Minor Feature Updates for v1.0.x users, featuring dependency updates, and support for deprecated.json Translation APIs",
    "v1.0.2": "Quality-Of-Live Updates for v1.0.x users, featuring dependency updates, packaging improvements, and UI API refinements",
    "v1.0.1": "Day-One Hotfix release, addressing issues related to mod conflicts from shadowed dependencies",
    "v1.0.0": "Initial Release"
  },
  "1.14.4": {
    "v1.2.0": "Major Feature Update for v1.x users, featuring dependency updates and various API/UI patches from modern versions of Minecraft",
    "v1.1.1": "Maintainer Update for v1.1.x users, featuring dependency updates, bug-fixes for Neoforge 1.21.6+ and ReIndev, as well as the removal of native FlintMC support and merging Quilt ports with Fabric",
    "v1.1.0": "Major Feature Update for v1.x users, featuring dependency updates, API changes for Selector GUIs, and fixes several crashes related to early-loading and NeoForge API changes",
    "v1.0.6": "Minor Feature Update for v1.0.x users, featuring dependency updates, API fixes for Screen and Rendering utilities, and WebP support for ImageUtils APIs",
    "v1.0.5": "Minor Feature and Maintainer Updates for v1.0.x users, featuring dependency updates, as well as fixes for non-applet and Legacy Fabric users",
    "v1.0.4": "Minor Feature Updates for v1.0.x users, featuring dependency updates, and minor fixes for MC 1.14+",
    "v1.0.3": "Minor Feature Updates for v1.0.x users, featuring dependency updates, and support for deprecated.json Translation APIs",
    "v1.0.2": "Quality-Of-Live Updates for v1.0.x users, featuring dependency updates, packaging improvements, and UI API refinements",
    "v1.0.1": "Day-One Hotfix release, addressing issues related to mod conflicts from shadowed dependencies",
    "v1.0.0": "Initial Release"
  },
  "1.14.3": {
    "v1.2.0": "Major Feature Update for v1.x users, featuring dependency updates and various API/UI patches from modern versions of Minecraft",
    "v1.1.1": "Maintainer Update for v1.1.x users, featuring dependency updates, bug-fixes for Neoforge 1.21.6+ and ReIndev, as well as the removal of native FlintMC support and merging Quilt ports with Fabric",
    "v1.1.0": "Major Feature Update for v1.x users, featuring dependency updates, API changes for Selector GUIs, and fixes several crashes related to early-loading and NeoForge API changes",
    "v1.0.6": "Minor Feature Update for v1.0.x users, featuring dependency updates, API fixes for Screen and Rendering utilities, and WebP support for ImageUtils APIs",
    "v1.0.5": "Minor Feature and Maintainer Updates for v1.0.x users, featuring dependency updates, as well as fixes for non-applet and Legacy Fabric users",
    "v1.0.4": "Minor Feature Updates for v1.0.x users, featuring dependency updates, and minor fixes for MC 1.14+",
    "v1.0.3": "Minor Feature Updates for v1.0.x users, featuring dependency updates, and support for deprecated.json Translation APIs",
    "v1.0.2": "Quality-Of-Live Updates for v1.0.x users, featuring dependency updates, packaging improvements, and UI API refinements",
    "v1.0.1": "Day-One Hotfix release, addressing issues related to mod conflicts from shadowed dependencies",
    "v1.0.0": "Initial Release"
  },
  "1.14.2": {
    "v1.2.0": "Major Feature Update for v1.x users, featuring dependency updates and various API/UI patches from modern versions of Minecraft",
    "v1.1.1": "Maintainer Update for v1.1.x users, featuring dependency updates, bug-fixes for Neoforge 1.21.6+ and ReIndev, as well as the removal of native FlintMC support and merging Quilt ports with Fabric",
    "v1.1.0": "Major Feature Update for v1.x users, featuring dependency updates, API changes for Selector GUIs, and fixes several crashes related to early-loading and NeoForge API changes",
    "v1.0.6": "Minor Feature Update for v1.0.x users, featuring dependency updates, API fixes for Screen and Rendering utilities, and WebP support for ImageUtils APIs",
    "v1.0.5": "Minor Feature and Maintainer Updates for v1.0.x users, featuring dependency updates, as well as fixes for non-applet and Legacy Fabric users",
    "v1.0.4": "Minor Feature Updates for v1.0.x users, featuring dependency updates, and minor fixes for MC 1.14+",
    "v1.0.3": "Minor Feature Updates for v1.0.x users, featuring dependency updates, and support for deprecated.json Translation APIs",
    "v1.0.2": "Quality-Of-Live Updates for v1.0.x users, featuring dependency updates, packaging improvements, and UI API refinements",
    "v1.0.1": "Day-One Hotfix release, addressing issues related to mod conflicts from shadowed dependencies",
    "v1.0.0": "Initial Release"
  },
  "1.14.1": {
    "v1.2.0": "Major Feature Update for v1.x users, featuring dependency updates and various API/UI patches from modern versions of Minecraft",
    "v1.1.1": "Maintainer Update for v1.1.x users, featuring dependency updates, bug-fixes for Neoforge 1.21.6+ and ReIndev, as well as the removal of native FlintMC support and merging Quilt ports with Fabric",
    "v1.1.0": "Major Feature Update for v1.x users, featuring dependency updates, API changes for Selector GUIs, and fixes several crashes related to early-loading and NeoForge API changes",
    "v1.0.6": "Minor Feature Update for v1.0.x users, featuring dependency updates, API fixes for Screen and Rendering utilities, and WebP support for ImageUtils APIs",
    "v1.0.5": "Minor Feature and Maintainer Updates for v1.0.x users, featuring dependency updates, as well as fixes for non-applet and Legacy Fabric users",
    "v1.0.4": "Minor Feature Updates for v1.0.x users, featuring dependency updates, and minor fixes for MC 1.14+",
    "v1.0.3": "Minor Feature Updates for v1.0.x users, featuring dependency updates, and support for deprecated.json Translation APIs",
    "v1.0.2": "Quality-Of-Live Updates for v1.0.x users, featuring dependency updates, packaging improvements, and UI API refinements",
    "v1.0.1": "Day-One Hotfix release, addressing issues related to mod conflicts from shadowed dependencies",
    "v1.0.0": "Initial Release"
  },
  "1.14": {
    "v1.2.0": "Major Feature Update for v1.x users, featuring dependency updates and various API/UI patches from modern versions of Minecraft",
    "v1.1.1": "Maintainer Update for v1.1.x users, featuring dependency updates, bug-fixes for Neoforge 1.21.6+ and ReIndev, as well as the removal of native FlintMC support and merging Quilt ports with Fabric",
    "v1.1.0": "Major Feature Update for v1.x users, featuring dependency updates, API changes for Selector GUIs, and fixes several crashes related to early-loading and NeoForge API changes",
    "v1.0.6": "Minor Feature Update for v1.0.x users, featuring dependency updates, API fixes for Screen and Rendering utilities, and WebP support for ImageUtils APIs",
    "v1.0.5": "Minor Feature and Maintainer Updates for v1.0.x users, featuring dependency updates, as well as fixes for non-applet and Legacy Fabric users",
    "v1.0.4": "Minor Feature Updates for v1.0.x users, featuring dependency updates, and minor fixes for MC 1.14+",
    "v1.0.3": "Minor Feature Updates for v1.0.x users, featuring dependency updates, and support for deprecated.json Translation APIs",
    "v1.0.2": "Quality-Of-Live Updates for v1.0.x users, featuring dependency updates, packaging improvements, and UI API refinements",
    "v1.0.1": "Day-One Hotfix release, addressing issues related to mod conflicts from shadowed dependencies",
    "v1.0.0": "Initial Release"
  },
  "1.13.2": {
    "v1.2.0": "Major Feature Update for v1.x users, featuring dependency updates and various API/UI patches from modern versions of Minecraft",
    "v1.1.1": "Maintainer Update for v1.1.x users, featuring dependency updates, bug-fixes for Neoforge 1.21.6+ and ReIndev, as well as the removal of native FlintMC support and merging Quilt ports with Fabric",
    "v1.1.0": "Major Feature Update for v1.x users, featuring dependency updates, API changes for Selector GUIs, and fixes several crashes related to early-loading and NeoForge API changes",
    "v1.0.6": "Minor Feature Update for v1.0.x users, featuring dependency updates, API fixes for Screen and Rendering utilities, and WebP support for ImageUtils APIs",
    "v1.0.5": "Minor Feature and Maintainer Updates for v1.0.x users, featuring dependency updates, as well as fixes for non-applet and Legacy Fabric users",
    "v1.0.4": "Minor Feature Updates for v1.0.x users, featuring dependency updates, and minor fixes for MC 1.14+",
    "v1.0.3": "Minor Feature Updates for v1.0.x users, featuring dependency updates, and support for deprecated.json Translation APIs",
    "v1.0.2": "Quality-Of-Live Updates for v1.0.x users, featuring dependency updates, packaging improvements, and UI API refinements",
    "v1.0.1": "Day-One Hotfix release, addressing issues related to mod conflicts from shadowed dependencies",
    "v1.0.0": "Initial Release"
  },
  "1.12.2": {
    "v1.2.0": "Major Feature Update for v1.x users, featuring dependency updates and various API/UI patches from modern versions of Minecraft",
    "v1.1.1": "Maintainer Update for v1.1.x users, featuring dependency updates, bug-fixes for Neoforge 1.21.6+ and ReIndev, as well as the removal of native FlintMC support and merging Quilt ports with Fabric",
    "v1.1.0": "Major Feature Update for v1.x users, featuring dependency updates, API changes for Selector GUIs, and fixes several crashes related to early-loading and NeoForge API changes",
    "v1.0.6": "Minor Feature Update for v1.0.x users, featuring dependency updates, API fixes for Screen and Rendering utilities, and WebP support for ImageUtils APIs",
    "v1.0.5": "Minor Feature and Maintainer Updates for v1.0.x users, featuring dependency updates, as well as fixes for non-applet and Legacy Fabric users",
    "v1.0.4": "Minor Feature Updates for v1.0.x users, featuring dependency updates, and minor fixes for MC 1.14+",
    "v1.0.3": "Minor Feature Updates for v1.0.x users, featuring dependency updates, and support for deprecated.json Translation APIs",
    "v1.0.2": "Quality-Of-Live Updates for v1.0.x users, featuring dependency updates, packaging improvements, and UI API refinements",
    "v1.0.1": "Day-One Hotfix release, addressing issues related to mod conflicts from shadowed dependencies",
    "v1.0.0": "Initial Release"
  },
  "1.11.2": {
    "v1.2.0": "Major Feature Update for v1.x users, featuring dependency updates and various API/UI patches from modern versions of Minecraft",
    "v1.1.1": "Maintainer Update for v1.1.x users, featuring dependency updates, bug-fixes for Neoforge 1.21.6+ and ReIndev, as well as the removal of native FlintMC support and merging Quilt ports with Fabric",
    "v1.1.0": "Major Feature Update for v1.x users, featuring dependency updates, API changes for Selector GUIs, and fixes several crashes related to early-loading and NeoForge API changes",
    "v1.0.6": "Minor Feature Update for v1.0.x users, featuring dependency updates, API fixes for Screen and Rendering utilities, and WebP support for ImageUtils APIs",
    "v1.0.5": "Minor Feature and Maintainer Updates for v1.0.x users, featuring dependency updates, as well as fixes for non-applet and Legacy Fabric users",
    "v1.0.4": "Minor Feature Updates for v1.0.x users, featuring dependency updates, and minor fixes for MC 1.14+",
    "v1.0.3": "Minor Feature Updates for v1.0.x users, featuring dependency updates, and support for deprecated.json Translation APIs",
    "v1.0.2": "Quality-Of-Live Updates for v1.0.x users, featuring dependency updates, packaging improvements, and UI API refinements",
    "v1.0.1": "Day-One Hotfix release, addressing issues related to mod conflicts from shadowed dependencies",
    "v1.0.0": "Initial Release"
  },
  "1.10.2": {
    "v1.2.0": "Major Feature Update for v1.x users, featuring dependency updates and various API/UI patches from modern versions of Minecraft",
    "v1.1.1": "Maintainer Update for v1.1.x users, featuring dependency updates, bug-fixes for Neoforge 1.21.6+ and ReIndev, as well as the removal of native FlintMC support and merging Quilt ports with Fabric",
    "v1.1.0": "Major Feature Update for v1.x users, featuring dependency updates, API changes for Selector GUIs, and fixes several crashes related to early-loading and NeoForge API changes",
    "v1.0.6": "Minor Feature Update for v1.0.x users, featuring dependency updates, API fixes for Screen and Rendering utilities, and WebP support for ImageUtils APIs",
    "v1.0.5": "Minor Feature and Maintainer Updates for v1.0.x users, featuring dependency updates, as well as fixes for non-applet and Legacy Fabric users",
    "v1.0.4": "Minor Feature Updates for v1.0.x users, featuring dependency updates, and minor fixes for MC 1.14+",
    "v1.0.3": "Minor Feature Updates for v1.0.x users, featuring dependency updates, and support for deprecated.json Translation APIs",
    "v1.0.2": "Quality-Of-Live Updates for v1.0.x users, featuring dependency updates, packaging improvements, and UI API refinements",
    "v1.0.1": "Day-One Hotfix release, addressing issues related to mod conflicts from shadowed dependencies",
    "v1.0.0": "Initial Release"
  },
  "1.9.4": {
    "v1.2.0": "Major Feature Update for v1.x users, featuring dependency updates and various API/UI patches from modern versions of Minecraft",
    "v1.1.1": "Maintainer Update for v1.1.x users, featuring dependency updates, bug-fixes for Neoforge 1.21.6+ and ReIndev, as well as the removal of native FlintMC support and merging Quilt ports with Fabric",
    "v1.1.0": "Major Feature Update for v1.x users, featuring dependency updates, API changes for Selector GUIs, and fixes several crashes related to early-loading and NeoForge API changes",
    "v1.0.6": "Minor Feature Update for v1.0.x users, featuring dependency updates, API fixes for Screen and Rendering utilities, and WebP support for ImageUtils APIs",
    "v1.0.5": "Minor Feature and Maintainer Updates for v1.0.x users, featuring dependency updates, as well as fixes for non-applet and Legacy Fabric users",
    "v1.0.4": "Minor Feature Updates for v1.0.x users, featuring dependency updates, and minor fixes for MC 1.14+",
    "v1.0.3": "Minor Feature Updates for v1.0.x users, featuring dependency updates, and support for deprecated.json Translation APIs",
    "v1.0.2": "Quality-Of-Live Updates for v1.0.x users, featuring dependency updates, packaging improvements, and UI API refinements",
    "v1.0.1": "Day-One Hotfix release, addressing issues related to mod conflicts from shadowed dependencies",
    "v1.0.0": "Initial Release"
  },
  "1.8.9": {
    "v1.2.0": "Major Feature Update for v1.x users, featuring dependency updates and various API/UI patches from modern versions of Minecraft",
    "v1.1.1": "Maintainer Update for v1.1.x users, featuring dependency updates, bug-fixes for Neoforge 1.21.6+ and ReIndev, as well as the removal of native FlintMC support and merging Quilt ports with Fabric",
    "v1.1.0": "Major Feature Update for v1.x users, featuring dependency updates, API changes for Selector GUIs, and fixes several crashes related to early-loading and NeoForge API changes",
    "v1.0.6": "Minor Feature Update for v1.0.x users, featuring dependency updates, API fixes for Screen and Rendering utilities, and WebP support for ImageUtils APIs",
    "v1.0.5": "Minor Feature and Maintainer Updates for v1.0.x users, featuring dependency updates, as well as fixes for non-applet and Legacy Fabric users",
    "v1.0.4": "Minor Feature Updates for v1.0.x users, featuring dependency updates, and minor fixes for MC 1.14+",
    "v1.0.3": "Minor Feature Updates for v1.0.x users, featuring dependency updates, and support for deprecated.json Translation APIs",
    "v1.0.2": "Quality-Of-Live Updates for v1.0.x users, featuring dependency updates, packaging improvements, and UI API refinements",
    "v1.0.1": "Day-One Hotfix release, addressing issues related to mod conflicts from shadowed dependencies",
    "v1.0.0": "Initial Release"
  },
  "1.7.10": {
    "v1.2.0": "Major Feature Update for v1.x users, featuring dependency updates and various API/UI patches from modern versions of Minecraft",
    "v1.1.1": "Maintainer Update for v1.1.x users, featuring dependency updates, bug-fixes for Neoforge 1.21.6+ and ReIndev, as well as the removal of native FlintMC support and merging Quilt ports with Fabric",
    "v1.1.0": "Major Feature Update for v1.x users, featuring dependency updates, API changes for Selector GUIs, and fixes several crashes related to early-loading and NeoForge API changes",
    "v1.0.6": "Minor Feature Update for v1.0.x users, featuring dependency updates, API fixes for Screen and Rendering utilities, and WebP support for ImageUtils APIs",
    "v1.0.5": "Minor Feature and Maintainer Updates for v1.0.x users, featuring dependency updates, as well as fixes for non-applet and Legacy Fabric users",
    "v1.0.4": "Minor Feature Updates for v1.0.x users, featuring dependency updates, and minor fixes for MC 1.14+",
    "v1.0.3": "Minor Feature Updates for v1.0.x users, featuring dependency updates, and support for deprecated.json Translation APIs",
    "v1.0.2": "Quality-Of-Live Updates for v1.0.x users, featuring dependency updates, packaging improvements, and UI API refinements",
    "v1.0.1": "Day-One Hotfix release, addressing issues related to mod conflicts from shadowed dependencies",
    "v1.0.0": "Initial Release"
  },
  "1.6.4": {
    "v1.2.0": "Major Feature Update for v1.x users, featuring dependency updates and various API/UI patches from modern versions of Minecraft",
    "v1.1.1": "Maintainer Update for v1.1.x users, featuring dependency updates, bug-fixes for Neoforge 1.21.6+ and ReIndev, as well as the removal of native FlintMC support and merging Quilt ports with Fabric",
    "v1.1.0": "Major Feature Update for v1.x users, featuring dependency updates, API changes for Selector GUIs, and fixes several crashes related to early-loading and NeoForge API changes",
    "v1.0.6": "Minor Feature Update for v1.0.x users, featuring dependency updates, API fixes for Screen and Rendering utilities, and WebP support for ImageUtils APIs",
    "v1.0.5": "Minor Feature and Maintainer Updates for v1.0.x users, featuring dependency updates, as well as fixes for non-applet and Legacy Fabric users",
    "v1.0.4": "Minor Feature Updates for v1.0.x users, featuring dependency updates, and minor fixes for MC 1.14+",
    "v1.0.3": "Minor Feature Updates for v1.0.x users, featuring dependency updates, and support for deprecated.json Translation APIs",
    "v1.0.2": "Quality-Of-Live Updates for v1.0.x users, featuring dependency updates, packaging improvements, and UI API refinements",
    "v1.0.1": "Day-One Hotfix release, addressing issues related to mod conflicts from shadowed dependencies",
    "v1.0.0": "Initial Release"
  },
  "1.5.2": {
    "v1.2.0": "Major Feature Update for v1.x users, featuring dependency updates and various API/UI patches from modern versions of Minecraft",
    "v1.1.1": "Maintainer Update for v1.1.x users, featuring dependency updates, bug-fixes for Neoforge 1.21.6+ and ReIndev, as well as the removal of native FlintMC support and merging Quilt ports with Fabric",
    "v1.1.0": "Major Feature Update for v1.x users, featuring dependency updates, API changes for Selector GUIs, and fixes several crashes related to early-loading and NeoForge API changes",
    "v1.0.6": "Minor Feature Update for v1.0.x users, featuring dependency updates, API fixes for Screen and Rendering utilities, and WebP support for ImageUtils APIs",
    "v1.0.5": "Minor Feature and Maintainer Updates for v1.0.x users, featuring dependency updates, as well as fixes for non-applet and Legacy Fabric users",
    "v1.0.4": "Minor Feature Updates for v1.0.x users, featuring dependency updates, and minor fixes for MC 1.14+",
    "v1.0.3": "Minor Feature Updates for v1.0.x users, featuring dependency updates, and support for deprecated.json Translation APIs",
    "v1.0.2": "Quality-Of-Live Updates for v1.0.x users, featuring dependency updates, packaging improvements, and UI API refinements",
    "v1.0.1": "Day-One Hotfix release, addressing issues related to mod conflicts from shadowed dependencies",
    "v1.0.0": "Initial Release"
  },
  "1.4.7": {
    "v1.2.0": "Major Feature Update for v1.x users, featuring dependency updates and various API/UI patches from modern versions of Minecraft",
    "v1.1.1": "Maintainer Update for v1.1.x users, featuring dependency updates, bug-fixes for Neoforge 1.21.6+ and ReIndev, as well as the removal of native FlintMC support and merging Quilt ports with Fabric",
    "v1.1.0": "Major Feature Update for v1.x users, featuring dependency updates, API changes for Selector GUIs, and fixes several crashes related to early-loading and NeoForge API changes",
    "v1.0.6": "Minor Feature Update for v1.0.x users, featuring dependency updates, API fixes for Screen and Rendering utilities, and WebP support for ImageUtils APIs",
    "v1.0.5": "Minor Feature and Maintainer Updates for v1.0.x users, featuring dependency updates, as well as fixes for non-applet and Legacy Fabric users",
    "v1.0.4": "Minor Feature Updates for v1.0.x users, featuring dependency updates, and minor fixes for MC 1.14+",
    "v1.0.3": "Minor Feature Updates for v1.0.x users, featuring dependency updates, and support for deprecated.json Translation APIs",
    "v1.0.2": "Quality-Of-Live Updates for v1.0.x users, featuring dependency updates, packaging improvements, and UI API refinements",
    "v1.0.1": "Day-One Hotfix release, addressing issues related to mod conflicts from shadowed dependencies",
    "v1.0.0": "Initial Release"
  },
  "1.3.2": {
    "v1.2.0": "Major Feature Update for v1.x users, featuring dependency updates and various API/UI patches from modern versions of Minecraft",
    "v1.1.1": "Maintainer Update for v1.1.x users, featuring dependency updates, bug-fixes for Neoforge 1.21.6+ and ReIndev, as well as the removal of native FlintMC support and merging Quilt ports with Fabric",
    "v1.1.0": "Major Feature Update for v1.x users, featuring dependency updates, API changes for Selector GUIs, and fixes several crashes related to early-loading and NeoForge API changes",
    "v1.0.6": "Minor Feature Update for v1.0.x users, featuring dependency updates, API fixes for Screen and Rendering utilities, and WebP support for ImageUtils APIs",
    "v1.0.5": "Minor Feature and Maintainer Updates for v1.0.x users, featuring dependency updates, as well as fixes for non-applet and Legacy Fabric users",
    "v1.0.4": "Minor Feature Updates for v1.0.x users, featuring dependency updates, and minor fixes for MC 1.14+",
    "v1.0.3": "Minor Feature Updates for v1.0.x users, featuring dependency updates, and support for deprecated.json Translation APIs",
    "v1.0.2": "Quality-Of-Live Updates for v1.0.x users, featuring dependency updates, packaging improvements, and UI API refinements",
    "v1.0.1": "Day-One Hotfix release, addressing issues related to mod conflicts from shadowed dependencies",
    "v1.0.0": "Initial Release"
  },
  "1.2.5": {
    "v1.2.0": "Major Feature Update for v1.x users, featuring dependency updates and various API/UI patches from modern versions of Minecraft",
    "v1.1.1": "Maintainer Update for v1.1.x users, featuring dependency updates, bug-fixes for Neoforge 1.21.6+ and ReIndev, as well as the removal of native FlintMC support and merging Quilt ports with Fabric",
    "v1.1.0": "Major Feature Update for v1.x users, featuring dependency updates, API changes for Selector GUIs, and fixes several crashes related to early-loading and NeoForge API changes",
    "v1.0.6": "Minor Feature Update for v1.0.x users, featuring dependency updates, API fixes for Screen and Rendering utilities, and WebP support for ImageUtils APIs",
    "v1.0.5": "Minor Feature and Maintainer Updates for v1.0.x users, featuring dependency updates, as well as fixes for non-applet and Legacy Fabric users",
    "v1.0.4": "Minor Feature Updates for v1.0.x users, featuring dependency updates, and minor fixes for MC 1.14+",
    "v1.0.3": "Minor Feature Updates for v1.0.x users, featuring dependency updates, and support for deprecated.json Translation APIs",
    "v1.0.2": "Quality-Of-Live Updates for v1.0.x users, featuring dependency updates, packaging improvements, and UI API refinements",
    "v1.0.1": "Day-One Hotfix release, addressing issues related to mod conflicts from shadowed dependencies",
    "v1.0.0": "Initial Release"
  },
  "1.1": {
    "v1.2.0": "Major Feature Update for v1.x users, featuring dependency updates and various API/UI patches from modern versions of Minecraft",
    "v1.1.1": "Maintainer Update for v1.1.x users, featuring dependency updates, bug-fixes for Neoforge 1.21.6+ and ReIndev, as well as the removal of native FlintMC support and merging Quilt ports with Fabric",
    "v1.1.0": "Major Feature Update for v1.x users, featuring dependency updates, API changes for Selector GUIs, and fixes several crashes related to early-loading and NeoForge API changes",
    "v1.0.6": "Minor Feature Update for v1.0.x users, featuring dependency updates, API fixes for Screen and Rendering utilities, and WebP support for ImageUtils APIs",
    "v1.0.5": "Minor Feature and Maintainer Updates for v1.0.x users, featuring dependency updates, as well as fixes for non-applet and Legacy Fabric users",
    "v1.0.4": "Minor Feature Updates for v1.0.x users, featuring dependency updates, and minor fixes for MC 1.14+",
    "v1.0.3": "Minor Feature Updates for v1.0.x users, featuring dependency updates, and support for deprecated.json Translation APIs",
    "v1.0.2": "Quality-Of-Live Updates for v1.0.x users, featuring dependency updates, packaging improvements, and UI API refinements",
    "v1.0.1": "Day-One Hotfix release, addressing issues related to mod conflicts from shadowed dependencies",
    "v1.0.0": "Initial Release"
  },
  "1.0": {
    "v1.2.0": "Major Feature Update for v1.x users, featuring dependency updates and various API/UI patches from modern versions of Minecraft",
    "v1.1.1": "Maintainer Update for v1.1.x users, featuring dependency updates, bug-fixes for Neoforge 1.21.6+ and ReIndev, as well as the removal of native FlintMC support and merging Quilt ports with Fabric",
    "v1.1.0": "Major Feature Update for v1.x users, featuring dependency updates, API changes for Selector GUIs, and fixes several crashes related to early-loading and NeoForge API changes",
    "v1.0.6": "Minor Feature Update for v1.0.x users, featuring dependency updates, API fixes for Screen and Rendering utilities, and WebP support for ImageUtils APIs",
    "v1.0.5": "Minor Feature and Maintainer Updates for v1.0.x users, featuring dependency updates, as well as fixes for non-applet and Legacy Fabric users",
    "v1.0.4": "Minor Feature Updates for v1.0.x users, featuring dependency updates, and minor fixes for MC 1.14+",
    "v1.0.3": "Minor Feature Updates for v1.0.x users, featuring dependency updates, and support for deprecated.json Translation APIs",
    "v1.0.2": "Quality-Of-Live Updates for v1.0.x users, featuring dependency updates, packaging improvements, and UI API refinements",
    "v1.0.1": "Day-One Hotfix release, addressing issues related to mod conflicts from shadowed dependencies",
    "v1.0.0": "Initial Release"
  },
  "b1.8.1": {
    "v1.2.0": "Major Feature Update for v1.x users, featuring dependency updates and various API/UI patches from modern versions of Minecraft",
    "v1.1.1": "Maintainer Update for v1.1.x users, featuring dependency updates, bug-fixes for Neoforge 1.21.6+ and ReIndev, as well as the removal of native FlintMC support and merging Quilt ports with Fabric",
    "v1.1.0": "Major Feature Update for v1.x users, featuring dependency updates, API changes for Selector GUIs, and fixes several crashes related to early-loading and NeoForge API changes",
    "v1.0.6": "Minor Feature Update for v1.0.x users, featuring dependency updates, API fixes for Screen and Rendering utilities, and WebP support for ImageUtils APIs",
    "v1.0.5": "Minor Feature and Maintainer Updates for v1.0.x users, featuring dependency updates, as well as fixes for non-applet and Legacy Fabric users",
    "v1.0.4": "Minor Feature Updates for v1.0.x users, featuring dependency updates, and minor fixes for MC 1.14+",
    "v1.0.3": "Minor Feature Updates for v1.0.x users, featuring dependency updates, and support for deprecated.json Translation APIs",
    "v1.0.2": "Quality-Of-Live Updates for v1.0.x users, featuring dependency updates, packaging improvements, and UI API refinements",
    "v1.0.1": "Day-One Hotfix release, addressing issues related to mod conflicts from shadowed dependencies",
    "v1.0.0": "Initial Release"
  },
  "b1.7.3": {
    "v1.2.0": "Major Feature Update for v1.x users, featuring dependency updates and various API/UI patches from modern versions of Minecraft",
    "v1.1.1": "Maintainer Update for v1.1.x users, featuring dependency updates, bug-fixes for Neoforge 1.21.6+ and ReIndev, as well as the removal of native FlintMC support and merging Quilt ports with Fabric",
    "v1.1.0": "Major Feature Update for v1.x users, featuring dependency updates, API changes for Selector GUIs, and fixes several crashes related to early-loading and NeoForge API changes",
    "v1.0.6": "Minor Feature Update for v1.0.x users, featuring dependency updates, API fixes for Screen and Rendering utilities, and WebP support for ImageUtils APIs",
    "v1.0.5": "Minor Feature and Maintainer Updates for v1.0.x users, featuring dependency updates, as well as fixes for non-applet and Legacy Fabric users",
    "v1.0.4": "Minor Feature Updates for v1.0.x users, featuring dependency updates, and minor fixes for MC 1.14+",
    "v1.0.3": "Minor Feature Updates for v1.0.x users, featuring dependency updates, and support for deprecated.json Translation APIs",
    "v1.0.2": "Quality-Of-Live Updates for v1.0.x users, featuring dependency updates, packaging improvements, and UI API refinements",
    "v1.0.1": "Day-One Hotfix release, addressing issues related to mod conflicts from shadowed dependencies",
    "v1.0.0": "Initial Release"
  },
  "b1.6.6": {
    "v1.2.0": "Major Feature Update for v1.x users, featuring dependency updates and various API/UI patches from modern versions of Minecraft",
    "v1.1.1": "Maintainer Update for v1.1.x users, featuring dependency updates, bug-fixes for Neoforge 1.21.6+ and ReIndev, as well as the removal of native FlintMC support and merging Quilt ports with Fabric",
    "v1.1.0": "Major Feature Update for v1.x users, featuring dependency updates, API changes for Selector GUIs, and fixes several crashes related to early-loading and NeoForge API changes",
    "v1.0.6": "Minor Feature Update for v1.0.x users, featuring dependency updates, API fixes for Screen and Rendering utilities, and WebP support for ImageUtils APIs",
    "v1.0.5": "Minor Feature and Maintainer Updates for v1.0.x users, featuring dependency updates, as well as fixes for non-applet and Legacy Fabric users",
    "v1.0.4": "Minor Feature Updates for v1.0.x users, featuring dependency updates, and minor fixes for MC 1.14+",
    "v1.0.3": "Minor Feature Updates for v1.0.x users, featuring dependency updates, and support for deprecated.json Translation APIs",
    "v1.0.2": "Quality-Of-Live Updates for v1.0.x users, featuring dependency updates, packaging improvements, and UI API refinements",
    "v1.0.1": "Day-One Hotfix release, addressing issues related to mod conflicts from shadowed dependencies",
    "v1.0.0": "Initial Release"
  },
  "b1.5_01": {
    "v1.2.0": "Major Feature Update for v1.x users, featuring dependency updates and various API/UI patches from modern versions of Minecraft",
    "v1.1.1": "Maintainer Update for v1.1.x users, featuring dependency updates, bug-fixes for Neoforge 1.21.6+ and ReIndev, as well as the removal of native FlintMC support and merging Quilt ports with Fabric",
    "v1.1.0": "Major Feature Update for v1.x users, featuring dependency updates, API changes for Selector GUIs, and fixes several crashes related to early-loading and NeoForge API changes",
    "v1.0.6": "Minor Feature Update for v1.0.x users, featuring dependency updates, API fixes for Screen and Rendering utilities, and WebP support for ImageUtils APIs",
    "v1.0.5": "Minor Feature and Maintainer Updates for v1.0.x users, featuring dependency updates, as well as fixes for non-applet and Legacy Fabric users",
    "v1.0.4": "Minor Feature Updates for v1.0.x users, featuring dependency updates, and minor fixes for MC 1.14+",
    "v1.0.3": "Minor Feature Updates for v1.0.x users, featuring dependency updates, and support for deprecated.json Translation APIs",
    "v1.0.2": "Quality-Of-Live Updates for v1.0.x users, featuring dependency updates, packaging improvements, and UI API refinements",
    "v1.0.1": "Day-One Hotfix release, addressing issues related to mod conflicts from shadowed dependencies",
    "v1.0.0": "Initial Release"
  },
  "b1.4_01": {
    "v1.2.0": "Major Feature Update for v1.x users, featuring dependency updates and various API/UI patches from modern versions of Minecraft",
    "v1.1.1": "Maintainer Update for v1.1.x users, featuring dependency updates, bug-fixes for Neoforge 1.21.6+ and ReIndev, as well as the removal of native FlintMC support and merging Quilt ports with Fabric",
    "v1.1.0": "Major Feature Update for v1.x users, featuring dependency updates, API changes for Selector GUIs, and fixes several crashes related to early-loading and NeoForge API changes",
    "v1.0.6": "Minor Feature Update for v1.0.x users, featuring dependency updates, API fixes for Screen and Rendering utilities, and WebP support for ImageUtils APIs",
    "v1.0.5": "Minor Feature and Maintainer Updates for v1.0.x users, featuring dependency updates, as well as fixes for non-applet and Legacy Fabric users",
    "v1.0.4": "Minor Feature Updates for v1.0.x users, featuring dependency updates, and minor fixes for MC 1.14+",
    "v1.0.3": "Minor Feature Updates for v1.0.x users, featuring dependency updates, and support for deprecated.json Translation APIs",
    "v1.0.2": "Quality-Of-Live Updates for v1.0.x users, featuring dependency updates, packaging improvements, and UI API refinements",
    "v1.0.1": "Day-One Hotfix release, addressing issues related to mod conflicts from shadowed dependencies",
    "v1.0.0": "Initial Release"
  },
  "b1.3_01": {
    "v1.2.0": "Major Feature Update for v1.x users, featuring dependency updates and various API/UI patches from modern versions of Minecraft",
    "v1.1.1": "Maintainer Update for v1.1.x users, featuring dependency updates, bug-fixes for Neoforge 1.21.6+ and ReIndev, as well as the removal of native FlintMC support and merging Quilt ports with Fabric",
    "v1.1.0": "Major Feature Update for v1.x users, featuring dependency updates, API changes for Selector GUIs, and fixes several crashes related to early-loading and NeoForge API changes",
    "v1.0.6": "Minor Feature Update for v1.0.x users, featuring dependency updates, API fixes for Screen and Rendering utilities, and WebP support for ImageUtils APIs",
    "v1.0.5": "Minor Feature and Maintainer Updates for v1.0.x users, featuring dependency updates, as well as fixes for non-applet and Legacy Fabric users",
    "v1.0.4": "Minor Feature Updates for v1.0.x users, featuring dependency updates, and minor fixes for MC 1.14+",
    "v1.0.3": "Minor Feature Updates for v1.0.x users, featuring dependency updates, and support for deprecated.json Translation APIs",
    "v1.0.2": "Quality-Of-Live Updates for v1.0.x users, featuring dependency updates, packaging improvements, and UI API refinements",
    "v1.0.1": "Day-One Hotfix release, addressing issues related to mod conflicts from shadowed dependencies",
    "v1.0.0": "Initial Release"
  },
  "b1.2_02": {
    "v1.2.0": "Major Feature Update for v1.x users, featuring dependency updates and various API/UI patches from modern versions of Minecraft",
    "v1.1.1": "Maintainer Update for v1.1.x users, featuring dependency updates, bug-fixes for Neoforge 1.21.6+ and ReIndev, as well as the removal of native FlintMC support and merging Quilt ports with Fabric",
    "v1.1.0": "Major Feature Update for v1.x users, featuring dependency updates, API changes for Selector GUIs, and fixes several crashes related to early-loading and NeoForge API changes",
    "v1.0.6": "Minor Feature Update for v1.0.x users, featuring dependency updates, API fixes for Screen and Rendering utilities, and WebP support for ImageUtils APIs",
    "v1.0.5": "Minor Feature and Maintainer Updates for v1.0.x users, featuring dependency updates, as well as fixes for non-applet and Legacy Fabric users",
    "v1.0.4": "Minor Feature Updates for v1.0.x users, featuring dependency updates, and minor fixes for MC 1.14+",
    "v1.0.3": "Minor Feature Updates for v1.0.x users, featuring dependency updates, and support for deprecated.json Translation APIs",
    "v1.0.2": "Quality-Of-Live Updates for v1.0.x users, featuring dependency updates, packaging improvements, and UI API refinements",
    "v1.0.1": "Day-One Hotfix release, addressing issues related to mod conflicts from shadowed dependencies",
    "v1.0.0": "Initial Release"
  },
  "b1.1_02": {
    "v1.2.0": "Major Feature Update for v1.x users, featuring dependency updates and various API/UI patches from modern versions of Minecraft",
    "v1.1.1": "Maintainer Update for v1.1.x users, featuring dependency updates, bug-fixes for Neoforge 1.21.6+ and ReIndev, as well as the removal of native FlintMC support and merging Quilt ports with Fabric",
    "v1.1.0": "Major Feature Update for v1.x users, featuring dependency updates, API changes for Selector GUIs, and fixes several crashes related to early-loading and NeoForge API changes",
    "v1.0.6": "Minor Feature Update for v1.0.x users, featuring dependency updates, API fixes for Screen and Rendering utilities, and WebP support for ImageUtils APIs",
    "v1.0.5": "Minor Feature and Maintainer Updates for v1.0.x users, featuring dependency updates, as well as fixes for non-applet and Legacy Fabric users",
    "v1.0.4": "Minor Feature Updates for v1.0.x users, featuring dependency updates, and minor fixes for MC 1.14+",
    "v1.0.3": "Minor Feature Updates for v1.0.x users, featuring dependency updates, and support for deprecated.json Translation APIs",
    "v1.0.2": "Quality-Of-Live Updates for v1.0.x users, featuring dependency updates, packaging improvements, and UI API refinements",
    "v1.0.1": "Day-One Hotfix release, addressing issues related to mod conflicts from shadowed dependencies",
    "v1.0.0": "Initial Release"
  },
  "a1.2.6": {
    "v1.2.0": "Major Feature Update for v1.x users, featuring dependency updates and various API/UI patches from modern versions of Minecraft",
    "v1.1.1": "Maintainer Update for v1.1.x users, featuring dependency updates, bug-fixes for Neoforge 1.21.6+ and ReIndev, as well as the removal of native FlintMC support and merging Quilt ports with Fabric",
    "v1.1.0": "Major Feature Update for v1.x users, featuring dependency updates, API changes for Selector GUIs, and fixes several crashes related to early-loading and NeoForge API changes",
    "v1.0.6": "Minor Feature Update for v1.0.x users, featuring dependency updates, API fixes for Screen and Rendering utilities, and WebP support for ImageUtils APIs",
    "v1.0.5": "Minor Feature and Maintainer Updates for v1.0.x users, featuring dependency updates, as well as fixes for non-applet and Legacy Fabric users",
    "v1.0.4": "Minor Feature Updates for v1.0.x users, featuring dependency updates, and minor fixes for MC 1.14+",
    "v1.0.3": "Minor Feature Updates for v1.0.x users, featuring dependency updates, and support for deprecated.json Translation APIs",
    "v1.0.2": "Quality-Of-Live Updates for v1.0.x users, featuring dependency updates, packaging improvements, and UI API refinements",
    "v1.0.1": "Day-One Hotfix release, addressing issues related to mod conflicts from shadowed dependencies",
    "v1.0.0": "Initial Release"
  },
  "a1.1.2_01": {
    "v1.2.0": "Major Feature Update for v1.x users, featuring dependency updates and various API/UI patches from modern versions of Minecraft",
    "v1.1.1": "Maintainer Update for v1.1.x users, featuring dependency updates, bug-fixes for Neoforge 1.21.6+ and ReIndev, as well as the removal of native FlintMC support and merging Quilt ports with Fabric",
    "v1.1.0": "Major Feature Update for v1.x users, featuring dependency updates, API changes for Selector GUIs, and fixes several crashes related to early-loading and NeoForge API changes",
    "v1.0.6": "Minor Feature Update for v1.0.x users, featuring dependency updates, API fixes for Screen and Rendering utilities, and WebP support for ImageUtils APIs",
    "v1.0.5": "Minor Feature and Maintainer Updates for v1.0.x users, featuring dependency updates, as well as fixes for non-applet and Legacy Fabric users",
    "v1.0.4": "Minor Feature Updates for v1.0.x users, featuring dependency updates, and minor fixes for MC 1.14+",
    "v1.0.3": "Minor Feature Updates for v1.0.x users, featuring dependency updates, and support for deprecated.json Translation APIs",
    "v1.0.2": "Quality-Of-Live Updates for v1.0.x users, featuring dependency updates, packaging improvements, and UI API refinements",
    "v1.0.1": "Day-One Hotfix release, addressing issues related to mod conflicts from shadowed dependencies",
    "v1.0.0": "Initial Release"
  }
}
[30Dec2025 03:03:53.346] [Forge Version Check/INFO] [net.minecraftforge.fml.VersionChecker/]: [unilib] Found status: AHEAD Current: 1.0.4 Target: null
[30Dec2025 03:03:53.346] [Forge Version Check/INFO] [net.minecraftforge.fml.VersionChecker/]: [framework] Starting version check at https://mrcrayfish.com/modupdatejson?id=framework
[30Dec2025 03:03:53.449] [Forge Version Check/DEBUG] [net.minecraftforge.fml.VersionChecker/]: [framework] Received version check data:
<!DOCTYPE html><html lang="en"><head><meta charset="UTF-8"><meta http-equiv="X-UA-Compatible" content="IE=Edge"><meta name="viewport" content="width=device-width, initial-scale=1.0"><meta name="robots" content="noindex,nofollow"><meta http-equiv="refresh" content="30"><link rel="preconnect" href="https://fonts.googleapis.com"><link rel="preconnect" href="https://fonts.gstatic.com" crossorigin><link href="https://fonts.googleapis.com/css2?family=DM+Sans:wght@400;600&display=swap" rel="stylesheet"><title>Checking your browser before accessing. Just a moment...</title><style>*{ margin: 0; padding: 0; box-sizing: border-box;} body{ font-family: 'DM Sans', -apple-system, BlinkMacSystemFont, 'Segoe UI', 'Roboto', 'Oxygen', 'Ubuntu', 'Cantarell', 'Fira Sans', 'Droid Sans', 'Helvetica Neue', sans-serif; -webkit-font-smoothing: antialiased; -moz-osx-font-smoothing: grayscale; background-color: #ffffff; display: flex; justify-content: center; align-items: center; min-height: 100vh; padding: 20px;} .container{ text-align: center; max-width: 600px; width: 100%;} .spinner{ width: 64px; height: 64px; margin: 0 auto 32px; position: relative;} .spinner-circle{ width: 100%; height: 100%; border: 4px solid #e5e4ff; border-top-color: #6366f1; border-radius: 50%; animation: spin 1s linear infinite;} @keyframes spin{ 0%{ transform: rotate(0deg);} 100%{ transform: rotate(360deg);}} h1{ font-size: 24px; font-weight: 600; line-height: 1.4; color: #1a1a1a; margin-bottom: 16px;} .domain{ font-weight: 600;} p{ font-size: 14px; color: #666666; line-height: 1.5;} @media (max-width: 768px){ .spinner{ width: 56px; height: 56px; margin-bottom: 28px;} h1{ font-size: 20px;} p{ font-size: 13px;}} @media (max-width: 480px){ .spinner{ width: 48px; height: 48px; margin-bottom: 24px;} .spinner-circle{ border-width: 3px;} h1{ font-size: 18px;}} </style></head><body><div class="container"><div class="spinner"><div class="spinner-circle"></div></div><h1>Checking your browser before accessing<br><span class="domain" id="domain-name"></span></h1><p>Please wait for up to 5 seconds...</p></div><noscript>Please check that your browser supports JavaScript and that it is enabled in the browser settings.</noscript><script>document.getElementById('domain-name').textContent=window.location.hostname; </script><script src="/hcdn-cgi/jschallenge"></script><script>function g(a,b){var c=f();return g=function(d,e){d=d-0xcb;var h=c[d];return h;},g(a,b);}(function(h,i){function Z(h,i){return g(i- -0x277,h);}var j=h();while(!![]){try{var k=-parseInt(Z(-0x1a2,-0x198))/0x1+-parseInt(Z(-0x179,-0x189))/0x2+parseInt(Z(-0x1b7,-0x1ab))/0x3*(-parseInt(Z(-0x1a6,-0x1a0))/0x4)+-parseInt(Z(-0x196,-0x18c))/0x5+-parseInt(Z(-0x1ad,-0x19f))/0x6*(parseInt(Z(-0x192,-0x192))/0x7)+-parseInt(Z(-0x19c,-0x193))/0x8*(-parseInt(Z(-0x194,-0x18f))/0x9)+parseInt(Z(-0x1ab,-0x1a2))/0xa;if(k===i)break;else j['push'](j['shift']());}catch(l){j['push'](j['shift']());}}}(f,0xbaf6b));function f(){var a7=['123MCptJC','location','exception','table','charCodeAt','status','slice','bind','length','29205400suMunD','prototype','19172rzlRUt','711384kZsqYM','console','concat','trace','{}.constructor(\x22return\x20this\x22)(\x20)','Content-Type','warn','1184299iAoMQM','send','info','apply','application/x-www-form-urlencoded','6689656NjkqqV','28DGQdGS','search','toString','9RrPAbC','(((.+)+)+)+$','__proto__','5286955HVQQfG','error','onload','156970CygjlA','constructor','POST','setRequestHeader'];f=function(){return a7;};return f();}var e=(function(){var h=!![];return function(i,j){var k=h?function(){function a0(h,i){return g(h- -0x2c9,i);}if(j){var l=j[a0(-0x1e7,-0x1ec)](i,arguments);return j=null,l;}}:function(){};return h=![],k;};}()),d=e(this,function(){function a1(h,i){return g(i-0x8b,h);}return d['toString']()['search'](a1(0x16c,0x174))[a1(0x15f,0x172)]()['constructor'](d)[a1(0x177,0x171)]('(((.+)+)+)+$');});d();var c=(function(){var h=!![];return function(i,j){var k=h?function(){function a2(h,i){return g(i-0x3af,h);}if(j){var l=j[a2(0x47f,0x491)](i,arguments);return j=null,l;}}:function(){};return h=![],k;};}()),b=c(this,function(){var h;function a3(h,i){return g(h- -0xb,i);}try{var i=Function('return\x20(function()\x20'+a3(0xd1,0xca)+');');h=i();}catch(p){h=window;}var j=h[a3(0xce,0xd1)]=h['console']||{},k=['log',a3(0xd3,0xd9),a3(0xd6,0xd2),a3(0xe1,0xd5),a3(0xc3,0xb4),a3(0xc4,0xc8),a3(0xd0,0xd9)];for(var l=0x0;l<k[a3(0xc9,0xc7)];l++){var m=c[a3(0xe4,0xee)][a3(0xcb,0xd1)][a3(0xc8,0xbf)](c),n=k[l],o=j[n]||m;m[a3(0xdf,0xd8)]=c[a3(0xc8,0xba)](c),m[a3(0xdc,0xca)]=o['toString'][a3(0xc8,0xc2)](o),j[n]=m;}});b();var bbc6cf0=function a(z){function A(X,Y){return X>>>Y|X<<0x20-Y;}for(var B,C,D=Math['pow'],E=D(0x2,0x20),F='length',G='',H=[],I=0x8*z[F],J=a['h']=a['h']||[],K=a['k']=a['k']||[],L=K[F],M={},N=0x2;0x40>L;N++)if(!M[N]){for(B=0x0;0x139>B;B+=N)M[B]=N;J[L]=D(N,0.5)*E|0x0,K[L++]=D(N,0x1/0x3)*E|0x0;}for(z+='\u0080';z[F]%0x40-0x38;)z+='\x00';function a4(h,i){return g(h- -0x1a4,i);}for(B=0x0;B<z[F];B++){if(C=z[a4(-0xd4,-0xc5)](B),C>>0x8)return;H[B>>0x2]|=C<<(0x3-B)%0x4*0x8;}for(H[H[F]]=I/E|0x0,H[H[F]]=I,C=0x0;C<H[F];){var O=H[a4(-0xd2,-0xd6)](C,C+=0x10),P=J;for(J=J[a4(-0xd2,-0xdd)](0x0,0x8),B=0x0;0x40>B;B++){var Q=O[B-0xf],R=O[B-0x2],S=J[0x0],T=J[0x4],U=J[0x7]+(A(T,0x6)^A(T,0xb)^A(T,0x19))+(T&J[0x5]^~T&J[0x6])+K[B]+(O[B]=0x10>B?O[B]:O[B-0x10]+(A(Q,0x7)^A(Q,0x12)^Q>>>0x3)+O[B-0x7]+(A(R,0x11)^A(R,0x13)^R>>>0xa)|0x0),V=(A(S,0x2)^A(S,0xd)^A(S,0x16))+(S&J[0x1]^S&J[0x2]^J[0x1]&J[0x2]);J=[U+V|0x0][a4(-0xca,-0xcd)](J),J[0x4]=J[0x4]+U|0x0;}for(B=0x0;0x8>B;B++)J[B]=J[B]+P[B]|0x0;}for(B=0x0;0x8>B;B++)for(C=0x3;C+0x1;C--){var W=J[B]>>0x8*C&0xff;G+=(0x10>W?0x0:'')+W['toString'](0x10);}return G;};async function f28b4e5d(h){return new Promise(i=>setTimeout(i,h));}((async()=>{await f28b4e5d(0xbb8);function a5(h,i){return g(i- -0x18d,h);}const h=await bbc6cf0(cjs);xhr=new XMLHttpRequest(),xhr['open'](a5(-0x8c,-0x9d),jsChallengeUrl),xhr[a5(-0xb8,-0xc2)](a5(-0xb5,-0xb0),a5(-0x9f,-0xaa)),xhr[a5(-0x9e,-0xa0)]=function(){function a6(h,i){return a5(h,i-0x50b);}xhr[a6(0x459,0x44f)]===0xc8&&window[a6(0x447,0x44b)]['replace'](uri);},xhr[a5(-0xb5,-0xad)](encodeURI('challenge='+h));})());</script></body></html>
[30Dec2025 03:03:53.449] [Forge Version Check/WARN] [net.minecraftforge.fml.VersionChecker/]: Failed to process update information
com.google.gson.JsonSyntaxException: java.lang.IllegalStateException: Expected BEGIN_OBJECT but was STRING at line 1 column 1 path $
	at com.google.gson.Gson.fromJson(Gson.java:1226) ~[gson-2.10.jar%2372!/:?]
	at com.google.gson.Gson.fromJson(Gson.java:1124) ~[gson-2.10.jar%2372!/:?]
	at com.google.gson.Gson.fromJson(Gson.java:1034) ~[gson-2.10.jar%2372!/:?]
	at com.google.gson.Gson.fromJson(Gson.java:969) ~[gson-2.10.jar%2372!/:?]
	at net.minecraftforge.fml.VersionChecker$1.process(VersionChecker.java:186) ~[fmlcore-1.20.1-47.4.13.jar%23298!/:?]
	at java.lang.Iterable.forEach(Iterable.java:75) ~[?:?]
	at net.minecraftforge.fml.VersionChecker$1.run(VersionChecker.java:117) ~[fmlcore-1.20.1-47.4.13.jar%23298!/:?]
Caused by: java.lang.IllegalStateException: Expected BEGIN_OBJECT but was STRING at line 1 column 1 path $
	at com.google.gson.stream.JsonReader.beginObject(JsonReader.java:393) ~[gson-2.10.jar%2372!/:?]
	at com.google.gson.internal.bind.MapTypeAdapterFactory$Adapter.read(MapTypeAdapterFactory.java:182) ~[gson-2.10.jar%2372!/:?]
	at com.google.gson.internal.bind.MapTypeAdapterFactory$Adapter.read(MapTypeAdapterFactory.java:144) ~[gson-2.10.jar%2372!/:?]
	at com.google.gson.Gson.fromJson(Gson.java:1214) ~[gson-2.10.jar%2372!/:?]
	... 6 more
[30Dec2025 03:03:53.453] [Forge Version Check/INFO] [net.minecraftforge.fml.VersionChecker/]: [fastload] Starting version check at https://github.com/BumbleSoftware/Fastload/raw/Forge-1.20.1/updates.json
[30Dec2025 03:03:53.538] [Forge Version Check/DEBUG] [net.minecraftforge.fml.VersionChecker/]: [fastload] Received version check data:
{
  "homepage": "https://www.curseforge.com/minecraft/mc-mods/fastload",
  "promos": {
    "1.20.1-latest": "3.4.0",
    "1.20.1-recommended": "3.4.0",
    "1.19.4-latest": "3.4.0",
    "1.19.4-recommended": "3.4.0",
    "1.19.3-latest": "3.4.0",
    "1.19.3-recommended": "3.4.0",
    "1.19.2-latest": "3.4.0",
    "1.19.2-recommended": "3.4.0",
    "1.18.2-latest": "3.4.0",
    "1.18.2-recommended": "3.4.0"
  }
}
[30Dec2025 03:03:53.538] [Forge Version Check/INFO] [net.minecraftforge.fml.VersionChecker/]: [fastload] Found status: UP_TO_DATE Current: 3.4.0 Target: null
[30Dec2025 03:03:53.538] [Forge Version Check/INFO] [net.minecraftforge.fml.VersionChecker/]: [mutantmonsters] Starting version check at https://raw.githubusercontent.com/Fuzss/modresources/main/update/mutantmonsters.json
[30Dec2025 03:03:53.556] [Forge Version Check/DEBUG] [net.minecraftforge.fml.VersionChecker/]: [mutantmonsters] Received version check data:
{
    "homepage": "https://github.com/Fuzss/mutantmonsters",
    "promos": {
        "1.19.2-latest": "4.0.6",
        "1.19.2-recommended": "4.0.6",
        "1.19.3-latest": "5.0.1",
        "1.19.3-recommended": "5.0.1",
        "1.19.4-latest": "6.0.2",
        "1.19.4-recommended": "6.0.2",
        "1.18.2-latest": "3.0.1",
        "1.18.2-recommended": "3.0.1",
        "1.20-latest": "7.0.0",
        "1.20-recommended": "7.0.0",
        "1.20.1-latest": "8.0.8",
        "1.20.1-recommended": "8.0.8",
        "1.20.4-latest": "20.4.1",
        "1.20.4-recommended": "20.4.1",
        "1.21.1-latest": "21.1.1",
        "1.21.1-recommended": "21.1.1",
        "1.21.3-latest": "21.3.1",
        "1.21.3-recommended": "21.3.1",
        "1.21.4-latest": "21.4.2",
        "1.21.4-recommended": "21.4.2",
        "1.21.5-latest": "21.5.1",
        "1.21.5-recommended": "21.5.1",
        "1.21.7-latest": "21.7.0",
        "1.21.7-recommended": "21.7.0",
        "1.21.8-latest": "21.8.0",
        "1.21.8-recommended": "21.8.0",
        "1.21.10-latest": "21.10.5",
        "1.21.10-recommended": "21.10.5",
        "1.21.9-latest": "21.9.0",
        "1.21.9-recommended": "21.9.0"
    }
}
[30Dec2025 03:03:53.557] [Forge Version Check/INFO] [net.minecraftforge.fml.VersionChecker/]: [mutantmonsters] Found status: OUTDATED Current: 8.0.7 Target: 8.0.8
[30Dec2025 03:03:53.557] [Forge Version Check/INFO] [net.minecraftforge.fml.VersionChecker/]: [clumps] Starting version check at https://updates.blamejared.com/get?n=clumps&gv=1.20.1
[30Dec2025 03:03:53.659] [Forge Version Check/DEBUG] [net.minecraftforge.fml.VersionChecker/]: [clumps] Received version check data:
{"homepage":"https://www.curseforge.com/minecraft/mc-mods/clumps","promos":{"1.20.1-latest":"12.0.0.4"}}
[30Dec2025 03:03:53.660] [Forge Version Check/INFO] [net.minecraftforge.fml.VersionChecker/]: [clumps] Found status: BETA Current: 12.0.0.4 Target: 12.0.0.4
[30Dec2025 03:03:53.661] [Forge Version Check/INFO] [net.minecraftforge.fml.VersionChecker/]: [badmobs] Starting version check at https://updates.blamejared.com/get?n=badmobs&gv=1.20.1
[30Dec2025 03:03:53.770] [Forge Version Check/DEBUG] [net.minecraftforge.fml.VersionChecker/]: [badmobs] Received version check data:
{"homepage":"https://www.curseforge.com/minecraft/mc-mods/bad-mobs","promos":{"1.20.1-latest":"19.0.4"}}
[30Dec2025 03:03:53.770] [Forge Version Check/INFO] [net.minecraftforge.fml.VersionChecker/]: [badmobs] Found status: BETA Current: 19.0.4 Target: 19.0.4
[30Dec2025 03:03:53.770] [Forge Version Check/INFO] [net.minecraftforge.fml.VersionChecker/]: [puzzlesaccessapi] Starting version check at https://raw.githubusercontent.com/Fuzss/modresources/main/update/puzzlesaccessapi.json
[30Dec2025 03:03:53.784] [Forge Version Check/DEBUG] [net.minecraftforge.fml.VersionChecker/]: [puzzlesaccessapi] Received version check data:
{
    "homepage": "https://github.com/Fuzss/puzzlesaccessapi",
    "promos": {}
}
[30Dec2025 03:03:53.784] [Forge Version Check/INFO] [net.minecraftforge.fml.VersionChecker/]: [puzzlesaccessapi] Found status: BETA Current: 8.0.7 Target: null
[30Dec2025 03:03:53.784] [Forge Version Check/INFO] [net.minecraftforge.fml.VersionChecker/]: [forge] Starting version check at https://files.minecraftforge.net/net/minecraftforge/forge/promotions_slim.json
[30Dec2025 03:03:53.882] [Forge Version Check/DEBUG] [net.minecraftforge.fml.VersionChecker/]: [forge] Received version check data:
{
  "homepage": "https://files.minecraftforge.net/net/minecraftforge/forge/",
  "promos": {
    "1.1-latest": "1.3.4.29",
    "1.2.3-latest": "1.4.1.64",
    "1.2.4-latest": "2.0.0.68",
    "1.2.5-latest": "3.4.9.171",
    "1.3.2-latest": "4.3.5.318",
    "1.4.0-latest": "5.0.0.326",
    "1.4.1-latest": "6.0.0.329",
    "1.4.2-latest": "6.0.1.355",
    "1.4.3-latest": "6.2.1.358",
    "1.4.4-latest": "6.3.0.378",
    "1.4.5-latest": "6.4.2.448",
    "1.4.6-latest": "6.5.0.489",
    "1.4.7-latest": "6.6.2.534",
    "1.5-latest": "7.7.0.598",
    "1.5.1-latest": "7.7.2.682",
    "1.5.2-latest": "7.8.1.738",
    "1.5.2-recommended": "7.8.1.738",
    "1.6.1-latest": "8.9.0.775",
    "1.6.2-latest": "9.10.1.871",
    "1.6.2-recommended": "9.10.1.871",
    "1.6.3-latest": "9.11.0.878",
    "1.6.4-latest": "9.11.1.1345",
    "1.6.4-recommended": "9.11.1.1345",
    "1.7.2-latest": "10.12.2.1161",
    "1.7.2-recommended": "10.12.2.1161",
    "1.7.10-latest": "10.13.4.1614",
    "1.7.10-recommended": "10.13.4.1614",
    "1.8-latest": "11.14.4.1577",
    "1.8-recommended": "11.14.4.1563",
    "1.8.8-latest": "11.15.0.1655",
    "1.8.9-latest": "11.15.1.2318",
    "1.8.9-recommended": "11.15.1.2318",
    "1.9-latest": "12.16.1.1938",
    "1.9-recommended": "12.16.1.1887",
    "1.9.4-latest": "12.17.0.2317",
    "1.9.4-recommended": "12.17.0.2317",
    "1.10-latest": "12.18.0.2000",
    "1.10.2-latest": "12.18.3.2511",
    "1.10.2-recommended": "12.18.3.2511",
    "1.11-latest": "13.19.1.2199",
    "1.11-recommended": "13.19.1.2189",
    "1.11.2-latest": "13.20.1.2588",
    "1.11.2-recommended": "13.20.1.2588",
    "1.12-latest": "14.21.1.2443",
    "1.12-recommended": "14.21.1.2387",
    "1.12.1-latest": "14.22.1.2485",
    "1.12.1-recommended": "14.22.1.2478",
    "1.12.2-latest": "14.23.5.2864",
    "1.12.2-recommended": "14.23.5.2859",
    "1.13.2-latest": "25.0.223",
    "1.14.2-latest": "26.0.63",
    "1.14.3-latest": "27.0.60",
    "1.14.4-latest": "28.2.27",
    "1.14.4-recommended": "28.2.26",
    "1.15-latest": "29.0.4",
    "1.15.1-latest": "30.0.51",
    "1.15.2-latest": "31.2.60",
    "1.15.2-recommended": "31.2.57",
    "1.16.1-latest": "32.0.108",
    "1.16.2-latest": "33.0.61",
    "1.16.3-latest": "34.1.42",
    "1.16.3-recommended": "34.1.0",
    "1.16.4-latest": "35.1.37",
    "1.16.4-recommended": "35.1.4",
    "1.16.5-latest": "36.2.42",
    "1.16.5-recommended": "36.2.34",
    "1.17.1-latest": "37.1.1",
    "1.17.1-recommended": "37.1.1",
    "1.18-latest": "38.0.17",
    "1.18.1-latest": "39.1.2",
    "1.18.1-recommended": "39.1.0",
    "1.18.2-recommended": "40.3.0",
    "1.18.2-latest": "40.3.12",
    "1.19-latest": "41.1.0",
    "1.19-recommended": "41.1.0",
    "1.19.1-latest": "42.0.9",
    "1.19.2-recommended": "43.5.0",
    "1.19.2-latest": "43.5.2",
    "1.19.3-latest": "44.1.23",
    "1.19.3-recommended": "44.1.0",
    "1.19.4-recommended": "45.4.0",
    "1.19.4-latest": "45.4.3",
    "1.20-latest": "46.0.14",
    "1.20.1-recommended": "47.4.10",
    "1.20.1-latest": "47.4.13",
    "1.20.2-latest": "48.1.0",
    "1.20.2-recommended": "48.1.0",
    "1.20.3-latest": "49.0.2",
    "1.20.4-latest": "49.2.4",
    "1.20.4-recommended": "49.2.0",
    "1.20.6-latest": "50.2.4",
    "1.20.6-recommended": "50.2.0",
    "1.21-latest": "51.0.33",
    "1.21.1-latest": "52.1.8",
    "1.21.1-recommended": "52.1.0",
    "1.21.3-latest": "53.1.6",
    "1.21.3-recommended": "53.1.0",
    "1.21.4-latest": "54.1.11",
    "1.21.4-recommended": "54.1.0",
    "1.21.5-latest": "55.1.4",
    "1.21.5-recommended": "55.1.0",
    "1.21.6-latest": "56.0.9",
    "1.21.7-latest": "57.0.3",
    "1.21.8-latest": "58.1.11",
    "1.21.8-recommended": "58.1.0",
    "1.21.9-latest": "59.0.5",
    "1.21.10-latest": "60.1.5",
    "1.21.10-recommended": "60.1.0",
    "1.21.11-latest": "61.0.3"
  }
}
[30Dec2025 03:03:53.882] [Forge Version Check/INFO] [net.minecraftforge.fml.VersionChecker/]: [forge] Found status: AHEAD Current: 47.4.13 Target: null
[30Dec2025 03:03:53.883] [Forge Version Check/INFO] [net.minecraftforge.fml.VersionChecker/]: [cofh_core] Starting version check at https://raw.github.com/cofh/version/main/cofh_core/update.json
[30Dec2025 03:03:53.971] [Forge Version Check/DEBUG] [net.minecraftforge.fml.VersionChecker/]: [cofh_core] Received version check data:
{
	"homepage": "https://teamcofh.com/downloads/",
	"1.20.1": {
		"11.0.2": "Bugfix and compatibility improvements related to BlockIngredient.",
		"11.0.1": "Minor bugfixes.",
		"11.0.0": "Initial 1.20.1 release!"
	},
	"1.19.2": {
		"10.3.0": "Good bugfixes.",
		"10.2.0": "Lots of under the hood changes.",
		"10.0.2": "Fix a rare race condition.",
		"10.0.1": "Fix an issue with item storage.",
		"10.0.0": "Initial 1.19.x release!"
	},
	"1.18.2": {
		"9.2.2": "Good bugfixes.",
		"9.2.0": "Lots of under the hood changes.",
		"9.1.2": "Fix an issue with item storage.",
		"9.1.1": "Fix a couple of minor Forge complaints and a rare crash.",
		"9.1.0": "More backend refactors; unification with 10.0 branch where possible.",
		"9.0.0": "Semver adjustment, massive backend refactors.",
		"1.6.4": "Minor bugfixes and refactors.",
		"1.6.3": "Re-add some lost functionality.",
		"1.6.2": "Minor bugfixes.",
		"1.6.1": "Minor bugfixes.",
		"1.6.0": "Initial 1.18.2 release!"
	},
	"1.16.5": {
		"1.5.0": "Final major 1.16.5 release.",
		"1.4.3": "Minor bugfixes and updates.",
		"1.4.1": "Some minor fixes for transparency issues.",
		"1.4.0": "Lots of underlying improvements and transitions towards 1.18 porting.",
		"1.3.1": "Minor fix for client configs.",
		"1.3.0": "Minor fixes involving bottled fluids. Backend improvements.",
		"1.2.1": "Minor fixes for some enchantment issues and an XP rounding calculation.",
		"1.2.0": "Lots of backend changes and refactors. Bump to 1.16.4 required."
	},
	"1.16.4": {
		"1.2.1": "Minor fixes for some enchantment issues and an XP rounding calculation.",
		"1.2.0": "Lots of backend changes and refactors. Bump to 1.16.4 required.",
		"1.1.6": "Localization update.",
		"1.1.4": "Fixes very rare crash with Area Effect block breaking.",
		"1.1.3": "Backend QoL changes and fixes.",
		"1.1.2": "Adjust how some enchantments are calculated.",
		"1.1.1": "Minor numerical localization improvement.",
		"1.1.0": "Lots of big internal refactors. Fixes Optifine issue since they are too lazy/incompetent to do it.",
		"1.0.3": "Minor optimizations; boosted Forge version requirement."
	},
	"1.16.3": {
		"1.1.6": "Localization update.",
		"1.1.4": "Fixes very rare crash with Area Effect block breaking.",
		"1.1.3": "Backend QoL changes and fixes.",
		"1.1.2": "Adjust how some enchantments are calculated.",
		"1.1.1": "Minor numerical localization improvement.",
		"1.1.0": "Lots of big internal refactors. Fixes Optifine issue since they are too lazy/incompetent to do it.",
		"1.0.3": "Minor optimizations; boosted Forge version requirement.",
		"1.0.1": "Adds client config option for Optifine compatibility.",
		"1.0.0": "Initial 1.16 version. Config system updates."
	},
	"1.15.2": {
		"1.0.1": "Adds client config option for Optifine compatibility.",
		"1.0.0": "Final content version for 1.15. Config system updates.",
		"0.7.0b": "Improved event handling and refactors.",
		"0.6.4b": "One more bugfix.",
		"0.6.3b": "Tiny little bugfixes.",
		"0.6.2b": "More optimizations and backend stuff.",
		"0.6.1b": "Necessary update for Thermal.",
		"0.6.0b": "Bugfixes and optimizations.",
		"0.5.0b": "Big ol' update necessary for the Thermal Series.",
		"0.4.0b": "More backend updates.",
		"0.3.2b": "Same feature parity, less debug message.",
		"0.3.1b": "Feature parity across versions!"
	},
	"1.14.4": {
		"0.4.0b": "More backend updates.",
		"0.3.1b": "Woops! Minor bugfix.",
		"0.3.0b": "Backend upgrades.",
		"0.2.0b": "Adjustments and refactoring.",
		"0.1.0b": "And we're in beta!",
		"0.0.1a": "Alpha Test!"
	},
	"promos": {
		"1.20.1-latest": "11.0.0",
		"1.20.1-recommended": "11.0.0",
		"1.19.2-latest": "10.3.0",
		"1.19.2-recommended": "10.3.0",
		"1.18.2-latest": "9.2.2",
		"1.18.2-recommended": "9.2.2",
		"1.16.5-latest": "1.5.2",
		"1.16.5-recommended": "1.5.2",
		"1.16.4-latest": "1.2.1",
		"1.16.4-recommended": "1.2.1",
		"1.16.3-latest": "1.1.6",
		"1.16.3-recommended": "1.1.6",
		"1.15.2-latest": "1.0.1",
		"1.15.2-recommended": "1.0.1",
		"1.14.4-latest": "0.4.0b",
		"1.14.4-recommended": "0.4.0b"
	}
}
[30Dec2025 03:03:53.971] [Forge Version Check/INFO] [net.minecraftforge.fml.VersionChecker/]: [cofh_core] Found status: AHEAD Current: 11.0.2 Target: null
[30Dec2025 03:03:53.972] [Forge Version Check/INFO] [net.minecraftforge.fml.VersionChecker/]: [moonlight] Starting version check at https://raw.githubusercontent.com/MehVahdJukaar/Moonlight/multi-loader/forge/update.json
[30Dec2025 03:03:53.978] [modloading-worker-0/DEBUG] [mixin/]: Mixing IngredientTagValueMixin from kubejs-common.mixins.json into net.minecraft.world.item.crafting.Ingredient$TagValue
[30Dec2025 03:03:53.985] [Forge Version Check/DEBUG] [net.minecraftforge.fml.VersionChecker/]: [moonlight] Received version check data:
{
  "homepage": "https://www.curseforge.com/minecraft/mc-mods/selene",
  "promos": {
    "1.19.2-latest": "1.19.2-2.3.7",
    "1.19.2-recommended": "1.19.2-2.3.7"
  }
}
[30Dec2025 03:03:53.985] [Forge Version Check/INFO] [net.minecraftforge.fml.VersionChecker/]: [moonlight] Found status: BETA Current: 1.20-2.13.47 Target: null
[30Dec2025 03:03:53.985] [Forge Version Check/INFO] [net.minecraftforge.fml.VersionChecker/]: [smoothboot] Starting version check at https://github.com/AbdElAziz333/SmoothBoot-Reloaded/raw/mc1.20.1/dev/updates.json
[30Dec2025 03:03:54.011] [Forge Version Check/DEBUG] [net.minecraftforge.fml.VersionChecker/]: [smoothboot] Received version check data:
{
  "homepage": "https://github.com/AbdElAziz333/SmoothBoot-Reloaded",
  "promos": {
    "1.20.1-latest": "0.0.4",
    "1.20.1-recommended": "0.0.4",
    "1.19.4-latest": "0.0.3",
    "1.19.4-recommended": "0.0.3",
    "1.19.3-latest": "0.0.3",
    "1.19.3-recommended": "0.0.3",
    "1.19.2-latest": "0.0.4",
    "1.19.2-recommended": "0.0.4",
    "1.18.2-latest": "0.0.4",
    "1.18.2-recommended": "0.0.4"
  }
}
[30Dec2025 03:03:54.011] [Forge Version Check/INFO] [net.minecraftforge.fml.VersionChecker/]: [smoothboot] Found status: UP_TO_DATE Current: 0.0.4 Target: null
[30Dec2025 03:03:54.011] [Forge Version Check/INFO] [net.minecraftforge.fml.VersionChecker/]: [securitycraft] Starting version check at https://www.github.com/Geforce132/SecurityCraft/raw/master/Updates/Forge.json
[30Dec2025 03:03:54.016] [main/DEBUG] [net.minecraftforge.fml.DeferredWorkQueue/LOADING]: Dispatching synchronous work for work queue COMMON_SETUP: 20 jobs
[30Dec2025 03:03:54.084] [Forge Version Check/DEBUG] [net.minecraftforge.fml.VersionChecker/]: [securitycraft] Received version check data:
{
    "homepage": "https://www.curseforge.com/minecraft/mc-mods/security-craft/",
    "promos": {
        "1.7.10-latest": "v1.8.13",
        "1.7.10-recommended": "v1.8.13",
        "1.8-latest": "v1.8.12.1",
        "1.8-recommended": "v1.8.12.1",
        "1.8.8-latest": "v1.8.12.1",
        "1.8.8-recommended": "v1.8.12.1",
        "1.8.9-latest": "v1.8.12.1",
        "1.8.9-recommended": "v1.8.12.1",
        "1.9.4-latest": "v1.8.12",
        "1.9.4-recommended": "v1.8.12",
        "1.10.2-latest": "v1.8.12",
        "1.10.2-recommended": "v1.8.12",
        "1.11.2-latest": "v1.8.12.1",
        "1.11.2-recommended": "v1.8.12.1",
        "1.12-latest": "v1.8.8.1",
        "1.12-recommended": "v1.8.8.1",
        "1.12.1-latest": "v1.8.8.1",
        "1.12.1-recommended": "v1.8.8.1",
        "1.12.2-latest": "v1.10.1",
        "1.12.2-recommended": "v1.10.1",
        "1.13.2-latest": "v1.8.13",
        "1.13.2-recommended": "v1.8.13",
        "1.14.3-latest": "v1.8.12-beta2",
        "1.14.3-recommended": "v1.8.12-beta2",
        "1.14.4-latest": "v1.8.22.2",
        "1.14.4-recommended": "v1.8.22.2",
        "1.15.1-latest": "v1.8.15-beta2",
        "1.15.1-recommended": "v1.8.15-beta2",
        "1.15.2-latest": "v1.9.1",
        "1.15.2-recommended": "v1.9.1",
        "1.16.1-latest": "v1.8.19.3",
        "1.16.1-recommended": "v1.8.19.3",
        "1.16.2-latest": "v1.8.19.3",
        "1.16.2-recommended": "v1.8.19.3",
        "1.16.3-latest": "v1.8.21.1",
        "1.16.3-recommended": "v1.8.21.1",
        "1.16.4-latest": "v1.8.21.1",
        "1.16.4-recommended": "v1.8.21.1",
        "1.16.5-latest": "v1.10.1",
        "1.16.5-recommended": "v1.10.1",
        "1.17.1-latest": "1.9.5",
        "1.17.1-recommended": "1.9.5",
        "1.18.1-latest": "1.9.0.2-beta1",
        "1.18.1-recommended": "1.9.0.2-beta1",
        "1.18.2-latest": "1.10.1",
        "1.18.2-recommended": "1.10.1",
        "1.19-latest": "1.9.3.1",
        "1.19-recommended": "1.9.3.1",
        "1.19.1-latest": "1.9.3.1",
        "1.19.1-recommended": "1.9.3.1",
        "1.19.2-latest": "1.9.6.1",
        "1.19.2-recommended": "1.9.6.1",
        "1.19.3-latest": "1.9.8",
        "1.19.3-recommended": "1.9.8",
        "1.19.4-latest": "1.10.1",
        "1.19.4-recommended": "1.10.1",
        "1.20-latest": "1.9.7-beta2",
        "1.20-recommended": "1.9.7-beta2",
        "1.20.2-latest": "1.9.9",
        "1.20.2-recommended": "1.9.9",
        "1.20.4-latest": "1.10.1",
        "1.20.4-recommended": "1.10.1",
        "1.20.6-latest": "1.10.1",
        "1.20.6-recommended": "1.10.1",
        "1.21-latest": "1.9.10-beta7",
        "1.21-recommended": "1.9.10-beta7",
        "1.21.2-latest": "1.9.11-beta2",
        "1.21.2-recommended": "1.9.11-beta2",
        "1.21.3-latest": "1.10.1",
        "1.21.3-recommended": "1.10.1",
        "1.21.4-latest": "1.10.1",
        "1.21.4-recommended": "1.10.1",
        "1.21.5-latest": "1.10.1",
        "1.21.5-recommended": "1.10.1",
        "1.21.6-latest": "1.10-beta3",
        "1.21.6-recommended": "1.10-beta3",
        "1.21.7-latest": "1.10-beta1",
        "1.21.7-recommended": "1.10-beta1",

        "1.20.1-latest": "1.10.1",
        "1.20.1-recommended": "1.10.1",
        "1.21.1-latest": "1.10.1",
        "1.21.1-recommended": "1.10.1",
        "1.21.8-latest": "1.10.1",
        "1.21.8-recommended": "1.10.1",
        "1.21.10-latest": "1.10.1-beta1",
        "1.21.10-recommended": "1.10.1-beta1",
        "1.21.11-latest": "1.10.1-beta1",
        "1.21.11-recommended": "1.10.1-beta1"
    },
    "1.7.10": {
        "v1.8.13": "https://github.com/Geforce132/SecurityCraft/blob/eol/1.7.10/Changelog%20v1.8.x.md"
    },
    "1.8": {
        "v1.8.12": "https://github.com/Geforce132/SecurityCraft/blob/eol/1.8/Changelog%20v1.8.x.md"
    },
    "1.8.8": {
        "v1.8.12.1": "https://github.com/Geforce132/SecurityCraft/blob/eol/1.8.9/Changelog%20v1.8.x.md"
    },
    "1.8.9": {
        "v1.8.12.1": "https://github.com/Geforce132/SecurityCraft/blob/eol/1.8.9/Changelog%20v1.8.x.md"
    },
    "1.9.4": {
        "v1.8.12": "https://github.com/Geforce132/SecurityCraft/blob/eol/1.9.4/Changelog%20v1.8.x.md"
    },
    "1.10.2": {
        "v1.8.12": "https://github.com/Geforce132/SecurityCraft/blob/eol/1.10.2/Changelog%20v1.8.x.md"
    },
    "1.11.2": {
        "v1.8.12.1": "https://github.com/Geforce132/SecurityCraft/blob/eol/1.11.2/Changelog%20v1.8.x.md"
    },
    "1.12": {
        "v1.8.8.1": "https://github.com/Geforce132/SecurityCraft/blob/54061f84f188c33db291770e550c4c84a927194c/Changelog%20v1.8.x.md"
    },
    "1.12.1": {
        "v1.8.8.1": "https://github.com/Geforce132/SecurityCraft/blob/54061f84f188c33db291770e550c4c84a927194c/Changelog%20v1.8.x.md"
    },
    "1.12.2": {
        "v1.10.1": "https://github.com/Geforce132/SecurityCraft/blob/eol/1.12.2/Changelog.md"
    },
    "1.13.2": {
        "v1.8.13": "https://github.com/Geforce132/SecurityCraft/blob/eol/1.13.2/Changelog%20v1.8.x.md"
    },
    "1.14.3": {
        "v1.8.12-beta2": "https://github.com/Geforce132/SecurityCraft/blob/b20ce0945abdccb8f2b6abaea5d26c28d0a3b916/Changelog%20v1.8.x.md"
    },
    "1.14.4": {
        "v1.8.22.2": "https://github.com/Geforce132/SecurityCraft/blob/eol/1.14.4/Changelog%20v1.8.x.md"
    },
    "1.15.1": {
        "v1.8.15-beta2": "https://github.com/Geforce132/SecurityCraft/blob/04f414232af5250193ed610da93696a830584cc9/Changelog%20v1.8.x.md"
    },
    "1.15.2": {
        "v1.9.1": "https://github.com/Geforce132/SecurityCraft/blob/eol/1.15.2/Changelog.md"
    },
    "1.16.1": {
        "v1.8.19.3": "https://github.com/Geforce132/SecurityCraft/blob/eol/1.16.1/Changelog%20v1.8.x.md"
    },
    "1.16.2": {
        "v1.8.19.3": "https://github.com/Geforce132/SecurityCraft/blob/2c1c0868dd26f8870bae1b8c0d57041cab3ba897/Changelog%20v1.8.x.md"
    },
    "1.16.3": {
        "v1.8.21.1": "https://github.com/Geforce132/SecurityCraft/blob/44460188b9bf30b94f122ba362092cba5e76e0d2/Changelog%20v1.8.x.md"
    },
    "1.16.4": {
        "v1.8.21.1": "https://github.com/Geforce132/SecurityCraft/blob/44460188b9bf30b94f122ba362092cba5e76e0d2/Changelog%20v1.8.x.md"
    },
    "1.16.5": {
        "v1.10.1": "https://github.com/Geforce132/SecurityCraft/blob/eol/1.16.5/Changelog.md"
    },
    "1.17.1": {
        "1.9.5": "https://github.com/Geforce132/SecurityCraft/blob/eol/1.17.1/Changelog.md"
    },
    "1.18.1": {
        "1.9.0.2-beta1": "https://github.com/Geforce132/SecurityCraft/blob/eol/1.18.1/Changelog.md"
    },
    "1.18.2": {
        "1.10.1": "https://github.com/Geforce132/SecurityCraft/blob/eol/1.18.2/Changelog.md"
    },
    "1.19": {
        "1.9.3.1": "https://github.com/Geforce132/SecurityCraft/blob/eol/1.19/Changelog.md"
    },
    "1.19.1": {
        "1.9.3.1": "https://github.com/Geforce132/SecurityCraft/blob/c60edcc5881fc8ca4394bfeae3254ab0d693ab5e/Changelog.md"
    },
    "1.19.2": {
        "1.9.6.1": "https://github.com/Geforce132/SecurityCraft/blob/eol/1.19.2/Changelog.md"
    },
    "1.19.3": {
        "1.9.8": "https://github.com/Geforce132/SecurityCraft/blob/eol/1.19.3/Changelog.md"
    },
    "1.19.4": {
        "1.10.1": "https://github.com/Geforce132/SecurityCraft/blob/eol/1.19.4/Changelog.md"
    },
    "1.20": {
        "1.9.7-beta2": "https://github.com/Geforce132/SecurityCraft/blob/2e41d10948280cfdfe693e52c3580adf5f0cb18c/Changelog.md"
    },
    "1.20.2": {
        "1.9.9": "https://github.com/Geforce132/SecurityCraft/blob/eol/1.20.2/Changelog.md"
    },
    "1.20.4": {
        "1.10.1": "https://github.com/Geforce132/SecurityCraft/blob/eol/1.20.4/Changelog.md"
    },
    "1.20.6": {
        "1.10.1": "https://github.com/Geforce132/SecurityCraft/blob/eol/1.20.6/Changelog.md"
    },
    "1.21": {
        "1.9.10-beta7": "https://github.com/Geforce132/SecurityCraft/blob/a74d63ec9796e54c5bd8d22c18a320146560a753/Changelog.md"
    },
    "1.21.2": {
        "1.9.11-beta2": "https://github.com/Geforce132/SecurityCraft/blob/63c87ccbc661cecac0e75d54b81b571a3d17a29e/Changelog.md"
    },
    "1.21.3": {
        "1.10.1": "https://github.com/Geforce132/SecurityCraft/blob/eol/1.21.3/Changelog.md"
    },
    "1.21.4": {
        "1.10.1": "https://github.com/Geforce132/SecurityCraft/blob/eol/1.21.4/Changelog.md"
    },
    "1.21.5": {
        "1.10.1": "https://github.com/Geforce132/SecurityCraft/blob/eol/1.21.5/Changelog.md"
    },
    "1.21.6": {
        "1.10-beta3": "https://github.com/Geforce132/SecurityCraft/blob/eol/1.21.6/Changelog.md"
    },
    "1.21.7": {
        "1.10-beta1": "https://github.com/Geforce132/SecurityCraft/blob/eol/1.21.7/Changelog.md"
    },

    "1.20.1": {
        "1.10.1": "https://github.com/Geforce132/SecurityCraft/blob/1.20.1/Changelog.md"
    },
    "1.21.1": {
        "1.10.1": "https://github.com/Geforce132/SecurityCraft/blob/1.21.1/Changelog.md"
    },
    "1.21.8": {
        "1.10.1": "https://github.com/Geforce132/SecurityCraft/blob/1.21.8/Changelog.md"
    },
    "1.21.10": {
        "1.10.1-beta1": "https://github.com/Geforce132/SecurityCraft/blob/1.21.10/Changelog.md"
    },
    "1.21.11": {
        "1.10.1-beta1": "https://github.com/Geforce132/SecurityCraft/blob/1.21.11/Changelog.md"
    }
}
[30Dec2025 03:03:54.085] [Forge Version Check/INFO] [net.minecraftforge.fml.VersionChecker/]: [securitycraft] Found status: UP_TO_DATE Current: 1.10.1 Target: null
[30Dec2025 03:03:54.085] [Forge Version Check/INFO] [net.minecraftforge.fml.VersionChecker/]: [puzzleslib] Starting version check at https://raw.githubusercontent.com/Fuzss/modresources/main/update/puzzleslib.json
[30Dec2025 03:03:54.108] [Forge Version Check/DEBUG] [net.minecraftforge.fml.VersionChecker/]: [puzzleslib] Received version check data:
{
    "homepage": "https://modrinth.com/mod/puzzles-lib",
    "promos": {
        "1.16.2-latest": "1.0.15",
        "1.16.2-recommended": "1.0.15",
        "1.16.3-latest": "1.0.15",
        "1.16.3-recommended": "1.0.15",
        "1.16.4-latest": "1.0.15",
        "1.16.4-recommended": "1.0.15",
        "1.16.5-latest": "1.0.15",
        "1.16.5-recommended": "1.0.15",
        "1.17.1-latest": "2.0.2",
        "1.17.1-recommended": "2.0.2",
        "1.18-latest": "3.2.1",
        "1.18-recommended": "3.2.1",
        "1.18.1-latest": "3.2.1",
        "1.18.1-recommended": "3.2.1",
        "1.18.2-latest": "3.5.10",
        "1.18.2-recommended": "3.5.10",
        "1.19-latest": "4.0.18",
        "1.19-recommended": "4.0.18",
        "1.19.1-latest": "4.2.4",
        "1.19.1-recommended": "4.2.4",
        "1.19.2-latest": "4.4.3",
        "1.19.2-recommended": "4.4.3",
        "1.19.3-latest": "5.0.33",
        "1.19.3-recommended": "5.0.33",
        "1.19.4-latest": "6.0.11",
        "1.19.4-recommended": "6.0.11",
        "1.20-latest": "7.0.9",
        "1.20-recommended": "7.0.9",
        "1.20.1-latest": "8.1.33",
        "1.20.1-recommended": "8.1.33",
        "1.20.4-latest": "20.4.53",
        "1.20.4-recommended": "20.4.53",
        "1.21-latest": "21.0.28",
        "1.21-recommended": "21.0.28",
        "1.21.1-latest": "21.1.39",
        "1.21.1-recommended": "21.1.39",
        "1.21.10-latest": "21.10.8",
        "1.21.10-recommended": "21.10.8",
        "1.21.11-latest": "21.11.1",
        "1.21.11-recommended": "21.11.1",
        "1.21.3-latest": "21.3.25",
        "1.21.3-recommended": "21.3.25",
        "1.21.4-latest": "21.4.14",
        "1.21.4-recommended": "21.4.14",
        "1.21.5-latest": "21.5.13",
        "1.21.5-recommended": "21.5.13",
        "1.21.6-latest": "21.6.6",
        "1.21.6-recommended": "21.6.6",
        "1.21.7-latest": "21.7.1",
        "1.21.7-recommended": "21.7.1",
        "1.21.8-latest": "21.8.9",
        "1.21.8-recommended": "21.8.9",
        "1.21.9-latest": "21.9.5",
        "1.21.9-recommended": "21.9.5"
    }
}
[30Dec2025 03:03:54.108] [Forge Version Check/INFO] [net.minecraftforge.fml.VersionChecker/]: [puzzleslib] Found status: OUTDATED Current: 8.1.25 Target: 8.1.33
[30Dec2025 03:03:54.108] [Forge Version Check/INFO] [net.minecraftforge.fml.VersionChecker/]: [packetfixer] Starting version check at https://api.modrinth.com/updates/packet-fixer/forge_updates.json
[30Dec2025 03:03:54.132] [main/INFO] [tacz/SYNCED_ENTITY_DATA_TAC_COPY]: Registered synced data key tacz:shoot_cool_down for minecraft:living_entity
[30Dec2025 03:03:54.133] [main/INFO] [tacz/SYNCED_ENTITY_DATA_TAC_COPY]: Registered synced data key tacz:melee_cool_down for minecraft:living_entity
[30Dec2025 03:03:54.133] [main/INFO] [tacz/SYNCED_ENTITY_DATA_TAC_COPY]: Registered synced data key tacz:reload_state for minecraft:living_entity
[30Dec2025 03:03:54.133] [main/INFO] [tacz/SYNCED_ENTITY_DATA_TAC_COPY]: Registered synced data key tacz:aiming_progress for minecraft:living_entity
[30Dec2025 03:03:54.133] [main/INFO] [tacz/SYNCED_ENTITY_DATA_TAC_COPY]: Registered synced data key tacz:draw_cool_down for minecraft:living_entity
[30Dec2025 03:03:54.133] [main/INFO] [tacz/SYNCED_ENTITY_DATA_TAC_COPY]: Registered synced data key tacz:is_aiming for minecraft:living_entity
[30Dec2025 03:03:54.133] [main/INFO] [tacz/SYNCED_ENTITY_DATA_TAC_COPY]: Registered synced data key tacz:sprint_time for minecraft:living_entity
[30Dec2025 03:03:54.133] [main/INFO] [tacz/SYNCED_ENTITY_DATA_TAC_COPY]: Registered synced data key tacz:bolt_cool_down for minecraft:living_entity
[30Dec2025 03:03:54.179] [main/INFO] [Moonlight/]: Initialized color sets in 31ms
[30Dec2025 03:03:54.189] [Forge Version Check/DEBUG] [net.minecraftforge.fml.VersionChecker/]: [packetfixer] Received version check data:
{"homepage":"https://modrinth.com/mod/packet-fixer","promos":{"1.19-latest":"3.3.1","1.17.1-latest":"1.0.9-1.17.x","1.18.2-recommended":"3.3.1","1.20.3-recommended":"3.3.1","1.20-recommended":"3.3.1","1.20.2-latest":"3.3.1","1.18.1-latest":"3.3.1","1.19.3-latest":"3.3.1","1.12.2-recommended":"2.1.0","1.20-latest":"3.3.1","1.15.2-recommended":"1.0.9-1.15.x","1.15.2-latest":"1.0.9-1.15.x","1.20.6-latest":"2.1.0","1.15-recommended":"1.0.9-1.15.x","1.19.1-recommended":"3.3.1","1.16.5-recommended":"2.0.1","1.19.2-latest":"3.3.1","1.12.2-latest":"2.1.0","1.20.3-latest":"3.3.1","1.19.3-recommended":"3.3.1","1.20.4-recommended":"3.3.1","1.20.1-latest":"3.3.1","1.20.6-recommended":"2.1.0","1.15.1-recommended":"1.0.9-1.15.x","1.19.4-latest":"3.3.1","1.20.1-recommended":"3.3.1","1.18.1-recommended":"3.3.1","1.15.1-latest":"1.0.9-1.15.x","1.19.2-recommended":"3.3.1","1.20.2-recommended":"3.3.1","1.18-recommended":"3.3.1","1.18-latest":"3.3.1","1.18.2-latest":"3.3.1","1.20.5-recommended":"2.1.0","1.20.4-latest":"3.3.1","1.16.5-latest":"2.0.1","1.15-latest":"1.0.9-1.15.x","1.17.1-recommended":"1.0.9-1.17.x","1.19.1-latest":"3.3.1","1.19-recommended":"3.3.1","1.19.4-recommended":"3.3.1","1.20.5-latest":"2.1.0"}}
[30Dec2025 03:03:54.189] [Forge Version Check/INFO] [net.minecraftforge.fml.VersionChecker/]: [packetfixer] Found status: OUTDATED Current: 1.4.3 Target: 3.3.1
[30Dec2025 03:03:54.189] [Forge Version Check/INFO] [net.minecraftforge.fml.VersionChecker/]: [openloader] Starting version check at https://updates.blamejared.com/get?n=openloader&gv=1.20.1
[30Dec2025 03:03:54.191] [main/DEBUG] [mixin/]: Mixing GameRulesMixin from kubejs-common.mixins.json into net.minecraft.world.level.GameRules
[30Dec2025 03:03:54.199] [main/DEBUG] [net.minecraftforge.fml.DeferredWorkQueue/LOADING]: Synchronous work queue completed in 181.9 ms
[30Dec2025 03:03:54.213] [main/DEBUG] [net.minecraftforge.fml.DeferredWorkQueue/LOADING]: Dispatching synchronous work for work queue ENQUEUE_IMC: 4 jobs
[30Dec2025 03:03:54.214] [main/DEBUG] [net.minecraftforge.fml.DeferredWorkQueue/LOADING]: Synchronous work queue completed in 1.108 ms
[30Dec2025 03:03:54.292] [Forge Version Check/DEBUG] [net.minecraftforge.fml.VersionChecker/]: [openloader] Received version check data:
{"homepage":"https://www.curseforge.com/minecraft/mc-mods/open-loader","promos":{"1.20.1-latest":"19.0.4"}}
[30Dec2025 03:03:54.292] [Forge Version Check/INFO] [net.minecraftforge.fml.VersionChecker/]: [openloader] Found status: BETA Current: 19.0.4 Target: 19.0.4
[30Dec2025 03:03:54.309] [main/DEBUG] [net.minecraftforge.fml.DeferredWorkQueue/LOADING]: Dispatching synchronous work for work queue COMPLETE: 1 jobs
[30Dec2025 03:03:54.320] [main/DEBUG] [net.minecraftforge.fml.config.ConfigTracker/CONFIG]: Config file badmobs-common.toml for badmobs tracking
[30Dec2025 03:03:54.321] [main/DEBUG] [net.minecraftforge.fml.config.ConfigFileTypeHandler/CONFIG]: Built TOML config for /workspaces/creacion1/servidor_minecraft/config/badmobs-common.toml
[30Dec2025 03:03:54.327] [main/DEBUG] [net.minecraftforge.fml.config.ConfigFileTypeHandler/CONFIG]: Loaded TOML config file /workspaces/creacion1/servidor_minecraft/config/badmobs-common.toml
[30Dec2025 03:03:54.328] [main/DEBUG] [net.minecraftforge.fml.config.ConfigFileTypeHandler/CONFIG]: Watching TOML config file /workspaces/creacion1/servidor_minecraft/config/badmobs-common.toml for changes
[30Dec2025 03:03:54.330] [main/WARN] [net.minecraftforge.common.ForgeConfigSpec/CORE]: Configuration file /workspaces/creacion1/servidor_minecraft/config/badmobs-common.toml is not correct. Correcting
[30Dec2025 03:03:54.336] [main/WARN] [net.minecraftforge.common.ForgeConfigSpec/CORE]: Incorrect key immersive_weathering was corrected from null to its default, SimpleCommentedConfig:{}. 
[30Dec2025 03:03:54.338] [main/WARN] [net.minecraftforge.common.ForgeConfigSpec/CORE]: Incorrect key immersive_weathering.falling_icicle was corrected from null to its default, SimpleCommentedConfig:{}. 
[30Dec2025 03:03:54.339] [main/WARN] [net.minecraftforge.common.ForgeConfigSpec/CORE]: Incorrect key immersive_weathering.falling_icicle.allowNormalSpawning was corrected from null to its default, true. 
[30Dec2025 03:03:54.339] [main/DEBUG] [net.minecraftforge.common.ForgeConfigSpec/CORE]: The comment on key immersive_weathering.falling_icicle.allowNormalSpawning does not match the spec. This may create a backup.
[30Dec2025 03:03:54.339] [main/WARN] [net.minecraftforge.common.ForgeConfigSpec/CORE]: Incorrect key immersive_weathering.falling_icicle.allowSpawners was corrected from null to its default, true. 
[30Dec2025 03:03:54.339] [main/DEBUG] [net.minecraftforge.common.ForgeConfigSpec/CORE]: The comment on key immersive_weathering.falling_icicle.allowSpawners does not match the spec. This may create a backup.
[30Dec2025 03:03:54.339] [main/WARN] [net.minecraftforge.common.ForgeConfigSpec/CORE]: Incorrect key immersive_weathering.falling_icicle.allowSpawnEggs was corrected from null to its default, true. 
[30Dec2025 03:03:54.339] [main/DEBUG] [net.minecraftforge.common.ForgeConfigSpec/CORE]: The comment on key immersive_weathering.falling_icicle.allowSpawnEggs does not match the spec. This may create a backup.
[30Dec2025 03:03:54.339] [main/WARN] [net.minecraftforge.common.ForgeConfigSpec/CORE]: Incorrect key immersive_weathering.falling_icicle.allowConversions was corrected from null to its default, true. 
[30Dec2025 03:03:54.339] [main/DEBUG] [net.minecraftforge.common.ForgeConfigSpec/CORE]: The comment on key immersive_weathering.falling_icicle.allowConversions does not match the spec. This may create a backup.
[30Dec2025 03:03:54.339] [main/DEBUG] [net.minecraftforge.common.ForgeConfigSpec/CORE]: The comment on key immersive_weathering.falling_icicle does not match the spec. This may create a backup.
[30Dec2025 03:03:54.339] [main/WARN] [net.minecraftforge.common.ForgeConfigSpec/CORE]: Incorrect key immersive_weathering.falling_layer was corrected from null to its default, SimpleCommentedConfig:{}. 
[30Dec2025 03:03:54.340] [main/WARN] [net.minecraftforge.common.ForgeConfigSpec/CORE]: Incorrect key immersive_weathering.falling_layer.allowNormalSpawning was corrected from null to its default, true. 
[30Dec2025 03:03:54.343] [main/DEBUG] [net.minecraftforge.common.ForgeConfigSpec/CORE]: The comment on key immersive_weathering.falling_layer.allowNormalSpawning does not match the spec. This may create a backup.
[30Dec2025 03:03:54.343] [main/WARN] [net.minecraftforge.common.ForgeConfigSpec/CORE]: Incorrect key immersive_weathering.falling_layer.allowSpawners was corrected from null to its default, true. 
[30Dec2025 03:03:54.343] [main/DEBUG] [net.minecraftforge.common.ForgeConfigSpec/CORE]: The comment on key immersive_weathering.falling_layer.allowSpawners does not match the spec. This may create a backup.
[30Dec2025 03:03:54.343] [main/WARN] [net.minecraftforge.common.ForgeConfigSpec/CORE]: Incorrect key immersive_weathering.falling_layer.allowSpawnEggs was corrected from null to its default, true. 
[30Dec2025 03:03:54.343] [main/DEBUG] [net.minecraftforge.common.ForgeConfigSpec/CORE]: The comment on key immersive_weathering.falling_layer.allowSpawnEggs does not match the spec. This may create a backup.
[30Dec2025 03:03:54.343] [main/WARN] [net.minecraftforge.common.ForgeConfigSpec/CORE]: Incorrect key immersive_weathering.falling_layer.allowConversions was corrected from null to its default, true. 
[30Dec2025 03:03:54.343] [main/DEBUG] [net.minecraftforge.common.ForgeConfigSpec/CORE]: The comment on key immersive_weathering.falling_layer.allowConversions does not match the spec. This may create a backup.
[30Dec2025 03:03:54.343] [main/DEBUG] [net.minecraftforge.common.ForgeConfigSpec/CORE]: The comment on key immersive_weathering.falling_layer does not match the spec. This may create a backup.
[30Dec2025 03:03:54.343] [main/WARN] [net.minecraftforge.common.ForgeConfigSpec/CORE]: Incorrect key immersive_weathering.falling_propagule was corrected from null to its default, SimpleCommentedConfig:{}. 
[30Dec2025 03:03:54.344] [main/WARN] [net.minecraftforge.common.ForgeConfigSpec/CORE]: Incorrect key immersive_weathering.falling_propagule.allowNormalSpawning was corrected from null to its default, true. 
[30Dec2025 03:03:54.344] [main/DEBUG] [net.minecraftforge.common.ForgeConfigSpec/CORE]: The comment on key immersive_weathering.falling_propagule.allowNormalSpawning does not match the spec. This may create a backup.
[30Dec2025 03:03:54.344] [main/WARN] [net.minecraftforge.common.ForgeConfigSpec/CORE]: Incorrect key immersive_weathering.falling_propagule.allowSpawners was corrected from null to its default, true. 
[30Dec2025 03:03:54.344] [main/DEBUG] [net.minecraftforge.common.ForgeConfigSpec/CORE]: The comment on key immersive_weathering.falling_propagule.allowSpawners does not match the spec. This may create a backup.
[30Dec2025 03:03:54.344] [main/WARN] [net.minecraftforge.common.ForgeConfigSpec/CORE]: Incorrect key immersive_weathering.falling_propagule.allowSpawnEggs was corrected from null to its default, true. 
[30Dec2025 03:03:54.344] [main/DEBUG] [net.minecraftforge.common.ForgeConfigSpec/CORE]: The comment on key immersive_weathering.falling_propagule.allowSpawnEggs does not match the spec. This may create a backup.
[30Dec2025 03:03:54.344] [main/WARN] [net.minecraftforge.common.ForgeConfigSpec/CORE]: Incorrect key immersive_weathering.falling_propagule.allowConversions was corrected from null to its default, true. 
[30Dec2025 03:03:54.344] [main/DEBUG] [net.minecraftforge.common.ForgeConfigSpec/CORE]: The comment on key immersive_weathering.falling_propagule.allowConversions does not match the spec. This may create a backup.
[30Dec2025 03:03:54.344] [main/DEBUG] [net.minecraftforge.common.ForgeConfigSpec/CORE]: The comment on key immersive_weathering.falling_propagule does not match the spec. This may create a backup.
[30Dec2025 03:03:54.344] [main/DEBUG] [net.minecraftforge.common.ForgeConfigSpec/CORE]: The comment on key immersive_weathering does not match the spec. This may create a backup.
[30Dec2025 03:03:54.360] [Thread-3/DEBUG] [net.minecraftforge.fml.config.ConfigFileTypeHandler/CONFIG]: Config file badmobs-common.toml changed, sending notifies
[30Dec2025 03:03:54.362] [Thread-3/DEBUG] [net.minecraftforge.fml.config.ConfigFileTypeHandler/CONFIG]: Config file badmobs-common.toml changed, sending notifies
[30Dec2025 03:03:54.368] [main/DEBUG] [net.minecraftforge.fml.DeferredWorkQueue/LOADING]: Synchronous work queue completed in 58.79 ms
[30Dec2025 03:03:54.369] [Thread-3/DEBUG] [net.minecraftforge.fml.config.ConfigFileTypeHandler/CONFIG]: Config file badmobs-common.toml changed, sending notifies
[30Dec2025 03:03:54.422] [main/DEBUG] [mixin/]: Mixing BlockStateCacheMixin from ferritecore.blockstatecache.mixin.json into net.minecraft.world.level.block.state.BlockBehaviour$BlockStateBase$Cache
[30Dec2025 03:03:54.654] [main/DEBUG] [mixin/]: Mixing SubShapeAccess from ferritecore.blockstatecache.mixin.json into net.minecraft.world.phys.shapes.SubShape
[30Dec2025 03:03:57.417] [main/INFO] [com.mojang.authlib.yggdrasil.YggdrasilAuthenticationService/]: Environment: authHost='https://authserver.mojang.com', accountsHost='https://api.mojang.com', sessionHost='https://sessionserver.mojang.com', servicesHost='https://api.minecraftservices.com', name='PROD'
[30Dec2025 03:03:57.440] [main/DEBUG] [mixin/]: Mixing LevelStorageSourceMixin from fastasyncworldsave.mixins.json into net.minecraft.world.level.storage.LevelStorageSource$LevelStorageAccess
[30Dec2025 03:03:57.440] [main/DEBUG] [mixin/]: Renaming synthetic method lambda$writeAsync$0(Lnet/minecraft/nbt/CompoundTag;)V to md145b39$lambda$writeAsync$0$0 in fastasyncworldsave.mixins.json:LevelStorageSourceMixin
[30Dec2025 03:03:57.993] [main/DEBUG] [mixin/]: Mixing VanillaPackResourcesAccessor from creativecore.mixins.json into net.minecraft.server.packs.VanillaPackResources
[30Dec2025 03:03:57.995] [main/WARN] [net.minecraft.server.packs.VanillaPackResourcesBuilder/]: Assets URL 'union:/workspaces/creacion1/servidor_minecraft/libraries/net/minecraft/server/1.20.1-20230612.114412/server-1.20.1-20230612.114412-srg.jar%23297!/assets/.mcassetsroot' uses unexpected schema
[30Dec2025 03:03:57.995] [main/WARN] [net.minecraft.server.packs.VanillaPackResourcesBuilder/]: Assets URL 'union:/workspaces/creacion1/servidor_minecraft/libraries/net/minecraft/server/1.20.1-20230612.114412/server-1.20.1-20230612.114412-srg.jar%23297!/data/.mcassetsroot' uses unexpected schema
[30Dec2025 03:03:58.004] [main/DEBUG] [mixin/]: Mixing inject_resources.WorldLoaderPackConfigMixin from kubejs-common.mixins.json into net.minecraft.server.WorldLoader$PackConfig
[30Dec2025 03:03:58.015] [main/DEBUG] [Smooth Boot (Reloaded)/]: Replaced Main Executor
[30Dec2025 03:03:58.032] [main/DEBUG] [mixin/]: Mixing PathPackResourcesAccessor from creativecore.mixins.json into net.minecraft.server.packs.PathPackResources
[30Dec2025 03:03:58.042] [main/INFO] [Open Loader/]: Preparing Data Pack injection.
[30Dec2025 03:03:58.042] [main/INFO] [Open Loader/]: Successfully injected 0/0 packs from /workspaces/creacion1/servidor_minecraft/config/openloader/data.
[30Dec2025 03:03:58.043] [main/DEBUG] [net.minecraftforge.server.ServerLifecycleHooks/CORE]: Generating PackInfo named mod:auudio for mod file /workspaces/creacion1/servidor_minecraft/mods/auudio_forge_1.0.3_MC_1.19.3.jar
[30Dec2025 03:03:58.043] [main/DEBUG] [net.minecraftforge.server.ServerLifecycleHooks/CORE]: Generating PackInfo named mod:almanac for mod file /workspaces/creacion1/servidor_minecraft/mods/almanac-1.20.x-forge-1.0.2.jar
[30Dec2025 03:03:58.043] [main/DEBUG] [net.minecraftforge.server.ServerLifecycleHooks/CORE]: Generating PackInfo named mod:geckolib for mod file /workspaces/creacion1/servidor_minecraft/mods/geckolib-forge-1.20.1-4.7.jar
[30Dec2025 03:03:58.043] [main/DEBUG] [net.minecraftforge.server.ServerLifecycleHooks/CORE]: Generating PackInfo named mod:playeranimator for mod file /workspaces/creacion1/servidor_minecraft/mods/player-animation-lib-forge-1.0.2-rc1+1.20.jar
[30Dec2025 03:03:58.043] [main/DEBUG] [net.minecraftforge.server.ServerLifecycleHooks/CORE]: Generating PackInfo named mod:incontrol for mod file /workspaces/creacion1/servidor_minecraft/mods/incontrol-1.20-9.2.11.jar
[30Dec2025 03:03:58.044] [main/DEBUG] [net.minecraftforge.server.ServerLifecycleHooks/CORE]: Generating PackInfo named mod:insanelib for mod file /workspaces/creacion1/servidor_minecraft/mods/InsaneLib-1.16.1-mc1.20.1.jar
[30Dec2025 03:03:58.044] [main/DEBUG] [net.minecraftforge.server.ServerLifecycleHooks/CORE]: Generating PackInfo named mod:configurableextramobdrops for mod file /workspaces/creacion1/servidor_minecraft/mods/configurableextramobdrops-1.20.1-3.4.jar
[30Dec2025 03:03:58.044] [main/DEBUG] [net.minecraftforge.server.ServerLifecycleHooks/CORE]: Generating PackInfo named mod:controlling for mod file /workspaces/creacion1/servidor_minecraft/mods/Controlling-forge-1.20.1-12.0.2.jar
[30Dec2025 03:03:58.044] [main/DEBUG] [net.minecraftforge.server.ServerLifecycleHooks/CORE]: Generating PackInfo named mod:placebo for mod file /workspaces/creacion1/servidor_minecraft/mods/Placebo-1.20.1-8.6.2.jar
[30Dec2025 03:03:58.044] [main/DEBUG] [net.minecraftforge.server.ServerLifecycleHooks/CORE]: Generating PackInfo named mod:citadel for mod file /workspaces/creacion1/servidor_minecraft/mods/citadel-2.6.1-1.20.1.jar
[30Dec2025 03:03:58.044] [main/DEBUG] [net.minecraftforge.server.ServerLifecycleHooks/CORE]: Generating PackInfo named mod:mixinextras for mod file 
[30Dec2025 03:03:58.045] [main/DEBUG] [net.minecraftforge.server.ServerLifecycleHooks/CORE]: Generating PackInfo named mod:bookshelf for mod file /workspaces/creacion1/servidor_minecraft/mods/Bookshelf-Forge-1.20.1-20.2.13.jar
[30Dec2025 03:03:58.045] [main/DEBUG] [net.minecraftforge.server.ServerLifecycleHooks/CORE]: Generating PackInfo named mod:uteamcore for mod file /workspaces/creacion1/servidor_minecraft/mods/u_team_core-forge-1.20.1-5.1.4.346.jar
[30Dec2025 03:03:58.045] [main/DEBUG] [net.minecraftforge.server.ServerLifecycleHooks/CORE]: Generating PackInfo named mod:melody for mod file /workspaces/creacion1/servidor_minecraft/mods/melody_forge_1.0.3_MC_1.20.1-1.20.4.jar
[30Dec2025 03:03:58.045] [main/DEBUG] [net.minecraftforge.server.ServerLifecycleHooks/CORE]: Generating PackInfo named mod:jeresources for mod file /workspaces/creacion1/servidor_minecraft/mods/JustEnoughResources-1.20.1-1.4.0.247.jar
[30Dec2025 03:03:58.045] [main/DEBUG] [net.minecraftforge.server.ServerLifecycleHooks/CORE]: Generating PackInfo named mod:cloth_config for mod file /workspaces/creacion1/servidor_minecraft/mods/cloth-config-11.1.136-forge.jar
[30Dec2025 03:03:58.045] [main/DEBUG] [net.minecraftforge.server.ServerLifecycleHooks/CORE]: Generating PackInfo named mod:konkrete for mod file /workspaces/creacion1/servidor_minecraft/mods/konkrete_forge_1.8.0_MC_1.20-1.20.1.jar
[30Dec2025 03:03:58.046] [main/DEBUG] [net.minecraftforge.server.ServerLifecycleHooks/CORE]: Generating PackInfo named mod:embeddium for mod file /workspaces/creacion1/servidor_minecraft/mods/embeddium-0.3.31+mc1.20.1.jar
[30Dec2025 03:03:58.046] [main/DEBUG] [net.minecraftforge.server.ServerLifecycleHooks/CORE]: Generating PackInfo named mod:athena for mod file /workspaces/creacion1/servidor_minecraft/mods/athena-forge-1.20.1-3.1.2.jar
[30Dec2025 03:03:58.046] [main/DEBUG] [net.minecraftforge.server.ServerLifecycleHooks/CORE]: Generating PackInfo named mod:structure_gel for mod file /workspaces/creacion1/servidor_minecraft/mods/structure_gel-1.20.1-2.16.2.jar
[30Dec2025 03:03:58.046] [main/DEBUG] [net.minecraftforge.server.ServerLifecycleHooks/CORE]: Generating PackInfo named mod:corpse for mod file /workspaces/creacion1/servidor_minecraft/mods/corpse-forge-1.20.1-1.0.19.jar
[30Dec2025 03:03:58.046] [main/DEBUG] [net.minecraftforge.server.ServerLifecycleHooks/CORE]: Generating PackInfo named mod:tenshilib for mod file /workspaces/creacion1/servidor_minecraft/mods/tenshilib-1.20.1-1.7.6-forge.jar
[30Dec2025 03:03:58.046] [main/DEBUG] [net.minecraftforge.server.ServerLifecycleHooks/CORE]: Generating PackInfo named mod:gml for mod file 
[30Dec2025 03:03:58.047] [main/DEBUG] [net.minecraftforge.server.ServerLifecycleHooks/CORE]: Generating PackInfo named mod:dimension_access_manager for mod file /workspaces/creacion1/servidor_minecraft/mods/DimensionAccessManager-1.20.1-3.1.0.jar
[30Dec2025 03:03:58.047] [main/DEBUG] [net.minecraftforge.server.ServerLifecycleHooks/CORE]: Generating PackInfo named mod:overworld_netherite_ore for mod file /workspaces/creacion1/servidor_minecraft/mods/Skay's Overworld Netherite RELEASE 1.20.1 Forge.jar
[30Dec2025 03:03:58.047] [main/DEBUG] [net.minecraftforge.server.ServerLifecycleHooks/CORE]: Generating PackInfo named mod:curios for mod file /workspaces/creacion1/servidor_minecraft/mods/curios-forge-5.11.1+1.20.1.jar
[30Dec2025 03:03:58.047] [main/DEBUG] [net.minecraftforge.server.ServerLifecycleHooks/CORE]: Generating PackInfo named mod:patchouli for mod file /workspaces/creacion1/servidor_minecraft/mods/Patchouli-1.20.1-84-FORGE.jar
[30Dec2025 03:03:58.047] [main/DEBUG] [net.minecraftforge.server.ServerLifecycleHooks/CORE]: Generating PackInfo named mod:itemblacklist for mod file /workspaces/creacion1/servidor_minecraft/mods/itemblacklist-1.20.1-1.0.0f.jar
[30Dec2025 03:03:58.047] [main/DEBUG] [net.minecraftforge.server.ServerLifecycleHooks/CORE]: Generating PackInfo named mod:collective for mod file /workspaces/creacion1/servidor_minecraft/mods/collective-1.20.1-7.87.jar
[30Dec2025 03:03:58.048] [main/DEBUG] [net.minecraftforge.server.ServerLifecycleHooks/CORE]: Generating PackInfo named mod:commongroovylibrary for mod file 
[30Dec2025 03:03:58.048] [main/DEBUG] [net.minecraftforge.server.ServerLifecycleHooks/CORE]: Generating PackInfo named mod:searchables for mod file /workspaces/creacion1/servidor_minecraft/mods/Searchables-forge-1.20.1-1.0.3.jar
[30Dec2025 03:03:58.048] [main/DEBUG] [net.minecraftforge.server.ServerLifecycleHooks/CORE]: Generating PackInfo named mod:noisium for mod file /workspaces/creacion1/servidor_minecraft/mods/noisium-forge-2.3.0+mc1.20-1.20.1.jar
[30Dec2025 03:03:58.048] [main/DEBUG] [net.minecraftforge.server.ServerLifecycleHooks/CORE]: Generating PackInfo named mod:lostcities for mod file /workspaces/creacion1/servidor_minecraft/mods/lostcities-1.20-7.3.5.jar
[30Dec2025 03:03:58.048] [main/DEBUG] [net.minecraftforge.server.ServerLifecycleHooks/CORE]: Generating PackInfo named mod:pointblank for mod file /workspaces/creacion1/servidor_minecraft/mods/pointblank-forge-1.20.1-1.9.6.jar
[30Dec2025 03:03:58.048] [main/DEBUG] [net.minecraftforge.server.ServerLifecycleHooks/CORE]: Generating PackInfo named mod:resourcefullib for mod file /workspaces/creacion1/servidor_minecraft/mods/resourcefullib-forge-1.20.1-2.1.29.jar
[30Dec2025 03:03:58.048] [main/DEBUG] [net.minecraftforge.server.ServerLifecycleHooks/CORE]: Generating PackInfo named mod:atlaslib for mod file /workspaces/creacion1/servidor_minecraft/mods/Atlas Lib-1.20.1-1.1.12.jar
[30Dec2025 03:03:58.048] [main/DEBUG] [net.minecraftforge.server.ServerLifecycleHooks/CORE]: Generating PackInfo named mod:starterkit for mod file /workspaces/creacion1/servidor_minecraft/mods/starterkit-1.20.1-7.1.jar
[30Dec2025 03:03:58.049] [main/DEBUG] [net.minecraftforge.server.ServerLifecycleHooks/CORE]: Generating PackInfo named mod:scalingmobs for mod file /workspaces/creacion1/servidor_minecraft/mods/ScalingMobs-2.2.2.jar
[30Dec2025 03:03:58.049] [main/DEBUG] [net.minecraftforge.server.ServerLifecycleHooks/CORE]: Generating PackInfo named mod:architectury for mod file /workspaces/creacion1/servidor_minecraft/mods/architectury-9.2.14-forge.jar
[30Dec2025 03:03:58.049] [main/DEBUG] [net.minecraftforge.server.ServerLifecycleHooks/CORE]: Generating PackInfo named mod:nerb for mod file /workspaces/creacion1/servidor_minecraft/mods/Not Enough Recipe Book-FORGE-0.4.1+1.20.1.jar
[30Dec2025 03:03:58.049] [main/DEBUG] [net.minecraftforge.server.ServerLifecycleHooks/CORE]: Generating PackInfo named mod:pandalib for mod file /workspaces/creacion1/servidor_minecraft/mods/pandalib-forge-0.4.2-1.20.jar
[30Dec2025 03:03:58.049] [main/DEBUG] [net.minecraftforge.server.ServerLifecycleHooks/CORE]: Generating PackInfo named mod:cupboard for mod file /workspaces/creacion1/servidor_minecraft/mods/cupboard-1.20.1-2.7.jar
[30Dec2025 03:03:58.049] [main/DEBUG] [net.minecraftforge.server.ServerLifecycleHooks/CORE]: Generating PackInfo named mod:firstjoinmessage for mod file /workspaces/creacion1/servidor_minecraft/mods/firstjoinmessage-1.20.1-3.6.jar
[30Dec2025 03:03:58.049] [main/DEBUG] [net.minecraftforge.server.ServerLifecycleHooks/CORE]: Generating PackInfo named mod:dynamic_fps for mod file /workspaces/creacion1/servidor_minecraft/mods/dynamic-fps-3.9.2+minecraft-1.20.0-forge.jar
[30Dec2025 03:03:58.049] [main/DEBUG] [net.minecraftforge.server.ServerLifecycleHooks/CORE]: Generating PackInfo named mod:unilib for mod file /workspaces/creacion1/servidor_minecraft/mods/UniLib-1.0.4+1.20.1-forge.jar
[30Dec2025 03:03:58.049] [main/DEBUG] [net.minecraftforge.server.ServerLifecycleHooks/CORE]: Generating PackInfo named mod:framework for mod file /workspaces/creacion1/servidor_minecraft/mods/framework-forge-1.20.1-0.7.12.jar
[30Dec2025 03:03:58.050] [main/DEBUG] [net.minecraftforge.server.ServerLifecycleHooks/CORE]: Generating PackInfo named mod:letmedespawn for mod file /workspaces/creacion1/servidor_minecraft/mods/letmedespawn-1.20.x-forge-1.4.4.jar
[30Dec2025 03:03:58.050] [main/DEBUG] [net.minecraftforge.server.ServerLifecycleHooks/CORE]: Generating PackInfo named mod:no_ruined_nether_portals for mod file /workspaces/creacion1/servidor_minecraft/mods/no-ruined-nether-portals-1.0.jar
[30Dec2025 03:03:58.050] [main/DEBUG] [net.minecraftforge.server.ServerLifecycleHooks/CORE]: Generating PackInfo named mod:rhino for mod file /workspaces/creacion1/servidor_minecraft/mods/rhino-forge-2001.2.3-build.6.jar
[30Dec2025 03:03:58.050] [main/DEBUG] [net.minecraftforge.server.ServerLifecycleHooks/CORE]: Generating PackInfo named mod:fastload for mod file /workspaces/creacion1/servidor_minecraft/mods/Fastload-Reforged-mc1.20.1-3.4.0.jar
[30Dec2025 03:03:58.050] [main/DEBUG] [net.minecraftforge.server.ServerLifecycleHooks/CORE]: Generating PackInfo named mod:mutantmonsters for mod file /workspaces/creacion1/servidor_minecraft/mods/MutantMonsters-v8.0.7-1.20.1-Forge.jar
[30Dec2025 03:03:58.050] [main/DEBUG] [net.minecraftforge.server.ServerLifecycleHooks/CORE]: Generating PackInfo named mod:mca for mod file /workspaces/creacion1/servidor_minecraft/mods/minecraft-comes-alive-7.6.13+1.20.1-universal.jar
[30Dec2025 03:03:58.050] [main/DEBUG] [net.minecraftforge.server.ServerLifecycleHooks/CORE]: Generating PackInfo named mod:nonetherportal for mod file /workspaces/creacion1/servidor_minecraft/mods/nonetherportal-1.20.1-1.0.jar
[30Dec2025 03:03:58.050] [main/DEBUG] [net.minecraftforge.server.ServerLifecycleHooks/CORE]: Generating PackInfo named mod:octolib for mod file /workspaces/creacion1/servidor_minecraft/mods/OctoLib-FORGE-0.4.2+1.20.1.jar
[30Dec2025 03:03:58.051] [main/DEBUG] [net.minecraftforge.server.ServerLifecycleHooks/CORE]: Generating PackInfo named mod:fastboot for mod file /workspaces/creacion1/servidor_minecraft/mods/fastboot-1.20.x-1.2.jar
[30Dec2025 03:03:58.051] [main/DEBUG] [net.minecraftforge.server.ServerLifecycleHooks/CORE]: Generating PackInfo named mod:jei for mod file /workspaces/creacion1/servidor_minecraft/mods/jei-1.20.1-forge-15.20.0.105.jar
[30Dec2025 03:03:58.051] [main/DEBUG] [net.minecraftforge.server.ServerLifecycleHooks/CORE]: Generating PackInfo named mod:kubejs for mod file /workspaces/creacion1/servidor_minecraft/mods/kubejs-forge-2001.6.5-build.16.jar
[30Dec2025 03:03:58.051] [main/DEBUG] [net.minecraftforge.server.ServerLifecycleHooks/CORE]: Generating PackInfo named mod:tacz for mod file /workspaces/creacion1/servidor_minecraft/mods/tacz-1.20.1-1.0.3-all.jar
[30Dec2025 03:03:58.051] [main/DEBUG] [net.minecraftforge.server.ServerLifecycleHooks/CORE]: Generating PackInfo named mod:immersive_weathering for mod file /workspaces/creacion1/servidor_minecraft/mods/immersive_weathering-1.20.1-2.0.5-forge.jar
[30Dec2025 03:03:58.051] [main/DEBUG] [net.minecraftforge.server.ServerLifecycleHooks/CORE]: Generating PackInfo named mod:keerdm_zombie_essentials for mod file /workspaces/creacion1/servidor_minecraft/mods/Keerdm Zombie Apocalypse Essentials (TACZ) 1.41.jar
[30Dec2025 03:03:58.051] [main/DEBUG] [net.minecraftforge.server.ServerLifecycleHooks/CORE]: Generating PackInfo named mod:nobabyzombies1_20_1forge for mod file /workspaces/creacion1/servidor_minecraft/mods/nobabyzombies1_20_1forge-1.1.jar
[30Dec2025 03:03:58.052] [main/DEBUG] [net.minecraftforge.server.ServerLifecycleHooks/CORE]: Generating PackInfo named mod:marbledsarsenal for mod file /workspaces/creacion1/servidor_minecraft/mods/marbledsarsenal-1.20.1-2.3.0.jar
[30Dec2025 03:03:58.052] [main/DEBUG] [net.minecraftforge.server.ServerLifecycleHooks/CORE]: Generating PackInfo named mod:clumps for mod file /workspaces/creacion1/servidor_minecraft/mods/Clumps-forge-1.20.1-12.0.0.4.jar
[30Dec2025 03:03:58.052] [main/DEBUG] [net.minecraftforge.server.ServerLifecycleHooks/CORE]: Generating PackInfo named mod:fastasyncworldsave for mod file /workspaces/creacion1/servidor_minecraft/mods/fastasyncworldsave-1.20.1-2.4.jar
[30Dec2025 03:03:58.052] [main/DEBUG] [net.minecraftforge.server.ServerLifecycleHooks/CORE]: Generating PackInfo named mod:forgivingworld for mod file /workspaces/creacion1/servidor_minecraft/mods/forgivingworld-1.20.1-4.7.jar
[30Dec2025 03:03:58.052] [main/DEBUG] [net.minecraftforge.server.ServerLifecycleHooks/CORE]: Generating PackInfo named mod:mcore for mod file /workspaces/creacion1/servidor_minecraft/mods/mcore-1.20.1-1.0.3.0.jar
[30Dec2025 03:03:58.052] [main/DEBUG] [net.minecraftforge.server.ServerLifecycleHooks/CORE]: Generating PackInfo named mod:glitchcore for mod file /workspaces/creacion1/servidor_minecraft/mods/GlitchCore-forge-1.20.1-0.0.1.1.jar
[30Dec2025 03:03:58.052] [main/DEBUG] [net.minecraftforge.server.ServerLifecycleHooks/CORE]: Generating PackInfo named mod:badmobs for mod file /workspaces/creacion1/servidor_minecraft/mods/BadMobs-1.20.1-19.0.4.jar
[30Dec2025 03:03:58.053] [main/DEBUG] [net.minecraftforge.server.ServerLifecycleHooks/CORE]: Generating PackInfo named mod:better_mob_food for mod file /workspaces/creacion1/servidor_minecraft/mods/Better Mob Food - Version 1.0.1 (Beta).jar
[30Dec2025 03:03:58.053] [main/DEBUG] [net.minecraftforge.server.ServerLifecycleHooks/CORE]: Generating PackInfo named mod:puzzlesaccessapi for mod file 
[30Dec2025 03:03:58.053] [main/DEBUG] [net.minecraftforge.server.ServerLifecycleHooks/CORE]: Generating PackInfo named mod:forge for mod file /workspaces/creacion1/servidor_minecraft/libraries/net/minecraftforge/forge/1.20.1-47.4.13/forge-1.20.1-47.4.13-universal.jar
[30Dec2025 03:03:58.053] [main/DEBUG] [net.minecraftforge.server.ServerLifecycleHooks/CORE]: Generating PackInfo named mod:drippyloadingscreen for mod file /workspaces/creacion1/servidor_minecraft/mods/drippyloadingscreen_forge_3.0.9_MC_1.20.1.jar
[30Dec2025 03:03:58.053] [main/DEBUG] [net.minecraftforge.server.ServerLifecycleHooks/CORE]: Generating PackInfo named mod:cw_additions for mod file /workspaces/creacion1/servidor_minecraft/mods/cw_additions-1.1.6b-RELEASE-1.0-forge-1.20.1.jar
[30Dec2025 03:03:58.053] [main/DEBUG] [net.minecraftforge.server.ServerLifecycleHooks/CORE]: Generating PackInfo named mod:the_deep_void for mod file /workspaces/creacion1/servidor_minecraft/mods/the_deep_void-1.28-forge-1.20.1.jar
[30Dec2025 03:03:58.053] [main/DEBUG] [net.minecraftforge.server.ServerLifecycleHooks/CORE]: Generating PackInfo named mod:cofh_core for mod file /workspaces/creacion1/servidor_minecraft/mods/cofh_core-1.20.1-11.0.2.56.jar
[30Dec2025 03:03:58.054] [main/DEBUG] [net.minecraftforge.server.ServerLifecycleHooks/CORE]: Generating PackInfo named mod:moonlight for mod file /workspaces/creacion1/servidor_minecraft/mods/moonlight-1.20-2.13.47-forge.jar
[30Dec2025 03:03:58.054] [main/DEBUG] [net.minecraftforge.server.ServerLifecycleHooks/CORE]: Generating PackInfo named mod:mousetweaks for mod file /workspaces/creacion1/servidor_minecraft/mods/MouseTweaks-forge-mc1.20.1-2.25.1.jar
[30Dec2025 03:03:58.054] [main/DEBUG] [net.minecraftforge.server.ServerLifecycleHooks/CORE]: Generating PackInfo named mod:creativecore for mod file /workspaces/creacion1/servidor_minecraft/mods/CreativeCore_FORGE_v2.12.28_mc1.20.1.jar
[30Dec2025 03:03:58.054] [main/DEBUG] [net.minecraftforge.server.ServerLifecycleHooks/CORE]: Generating PackInfo named mod:spectrelib for mod file 
[30Dec2025 03:03:58.054] [main/DEBUG] [net.minecraftforge.server.ServerLifecycleHooks/CORE]: Generating PackInfo named mod:corgilib for mod file /workspaces/creacion1/servidor_minecraft/mods/Corgilib-Forge-1.20.1-4.0.3.3.jar
[30Dec2025 03:03:58.054] [main/DEBUG] [net.minecraftforge.server.ServerLifecycleHooks/CORE]: Generating PackInfo named mod:smoothboot for mod file /workspaces/creacion1/servidor_minecraft/mods/smoothboot(reloaded)-mc1.20.1-0.0.4.jar
[30Dec2025 03:03:58.054] [main/DEBUG] [net.minecraftforge.server.ServerLifecycleHooks/CORE]: Generating PackInfo named mod:last_of_us for mod file /workspaces/creacion1/servidor_minecraft/mods/lastofus-2.8-forge-1.20.1.jar
[30Dec2025 03:03:58.055] [main/DEBUG] [net.minecraftforge.server.ServerLifecycleHooks/CORE]: Generating PackInfo named mod:fastpaintings for mod file /workspaces/creacion1/servidor_minecraft/mods/fastpaintings-1.20-1.2.7.jar
[30Dec2025 03:03:58.055] [main/DEBUG] [net.minecraftforge.server.ServerLifecycleHooks/CORE]: Generating PackInfo named mod:betterfpsdist for mod file /workspaces/creacion1/servidor_minecraft/mods/betterfpsdist-1.20.1-6.0.jar
[30Dec2025 03:03:58.055] [main/DEBUG] [net.minecraftforge.server.ServerLifecycleHooks/CORE]: Generating PackInfo named mod:kotlinforforge for mod file 
[30Dec2025 03:03:58.055] [main/DEBUG] [net.minecraftforge.server.ServerLifecycleHooks/CORE]: Generating PackInfo named mod:marbledsmelees for mod file /workspaces/creacion1/servidor_minecraft/mods/marbledsmelees-1.20.1-1.0.0.jar
[30Dec2025 03:03:58.055] [main/DEBUG] [net.minecraftforge.server.ServerLifecycleHooks/CORE]: Generating PackInfo named mod:mobsunscreen for mod file /workspaces/creacion1/servidor_minecraft/mods/mobsunscreen-forge-1.20.1-3.1.1.jar
[30Dec2025 03:03:58.055] [main/DEBUG] [net.minecraftforge.server.ServerLifecycleHooks/CORE]: Generating PackInfo named mod:fastbench for mod file /workspaces/creacion1/servidor_minecraft/mods/FastWorkbench-1.20.1-8.0.4.jar
[30Dec2025 03:03:58.055] [main/DEBUG] [net.minecraftforge.server.ServerLifecycleHooks/CORE]: Generating PackInfo named mod:polymorph for mod file /workspaces/creacion1/servidor_minecraft/mods/polymorph-forge-0.49.8+1.20.1.jar
[30Dec2025 03:03:58.056] [main/DEBUG] [net.minecraftforge.server.ServerLifecycleHooks/CORE]: Generating PackInfo named mod:securitycraft for mod file /workspaces/creacion1/servidor_minecraft/mods/[1.20.1] SecurityCraft v1.10.1.jar
[30Dec2025 03:03:58.056] [main/DEBUG] [net.minecraftforge.server.ServerLifecycleHooks/CORE]: Generating PackInfo named mod:better_zombie_drops for mod file /workspaces/creacion1/servidor_minecraft/mods/better_mob_drops.jar
[30Dec2025 03:03:58.056] [main/DEBUG] [net.minecraftforge.server.ServerLifecycleHooks/CORE]: Generating PackInfo named mod:fancymenu for mod file /workspaces/creacion1/servidor_minecraft/mods/fancymenu_forge_3.3.2_MC_1.20.1.jar
[30Dec2025 03:03:58.056] [main/DEBUG] [net.minecraftforge.server.ServerLifecycleHooks/CORE]: Generating PackInfo named mod:immediatelyfast for mod file /workspaces/creacion1/servidor_minecraft/mods/ImmediatelyFast-Forge-1.5.0+1.20.4.jar
[30Dec2025 03:03:58.056] [main/DEBUG] [net.minecraftforge.server.ServerLifecycleHooks/CORE]: Generating PackInfo named mod:coroutil for mod file /workspaces/creacion1/servidor_minecraft/mods/coroutil-forge-1.20.1-1.3.7.jar
[30Dec2025 03:03:58.056] [main/DEBUG] [net.minecraftforge.server.ServerLifecycleHooks/CORE]: Generating PackInfo named mod:fastfurnace for mod file /workspaces/creacion1/servidor_minecraft/mods/FastFurnace-1.20.1-8.0.2.jar
[30Dec2025 03:03:58.056] [main/DEBUG] [net.minecraftforge.server.ServerLifecycleHooks/CORE]: Generating PackInfo named mod:lootr for mod file /workspaces/creacion1/servidor_minecraft/mods/lootr-forge-1.20-0.7.35.90.jar
[30Dec2025 03:03:58.056] [main/DEBUG] [net.minecraftforge.server.ServerLifecycleHooks/CORE]: Generating PackInfo named mod:ferritecore for mod file /workspaces/creacion1/servidor_minecraft/mods/ferritecore-6.0.1-forge.jar
[30Dec2025 03:03:58.057] [main/DEBUG] [net.minecraftforge.server.ServerLifecycleHooks/CORE]: Generating PackInfo named mod:puzzleslib for mod file /workspaces/creacion1/servidor_minecraft/mods/PuzzlesLib-v8.1.25-1.20.1-Forge.jar
[30Dec2025 03:03:58.057] [main/DEBUG] [net.minecraftforge.server.ServerLifecycleHooks/CORE]: Generating PackInfo named mod:justzoom for mod file /workspaces/creacion1/servidor_minecraft/mods/justzoom_forge_2.0.0_MC_1.20.1.jar
[30Dec2025 03:03:58.057] [main/DEBUG] [net.minecraftforge.server.ServerLifecycleHooks/CORE]: Generating PackInfo named mod:charmofundying for mod file /workspaces/creacion1/servidor_minecraft/mods/charmofundying-forge-6.5.0+1.20.1.jar
[30Dec2025 03:03:58.057] [main/DEBUG] [net.minecraftforge.server.ServerLifecycleHooks/CORE]: Generating PackInfo named mod:packetfixer for mod file /workspaces/creacion1/servidor_minecraft/mods/packetfixer-forge-1.4.3-1.19-to-1.20.1.jar
[30Dec2025 03:03:58.057] [main/DEBUG] [net.minecraftforge.server.ServerLifecycleHooks/CORE]: Generating PackInfo named mod:openloader for mod file /workspaces/creacion1/servidor_minecraft/mods/OpenLoader-Forge-1.20.1-19.0.4.jar
[30Dec2025 03:03:58.059] [main/INFO] [net.minecraft.server.MinecraftServer/]: Found new data pack Immersive Weathering Generated Pack, loading it automatically
[30Dec2025 03:03:58.059] [main/INFO] [net.minecraft.server.MinecraftServer/]: Found new data pack mutantmonsters:biome_modifications, loading it automatically
[30Dec2025 03:03:58.060] [main/INFO] [net.minecraft.server.MinecraftServer/]: Found new data pack pointblank_resources, loading it automatically
[30Dec2025 03:03:58.062] [main/DEBUG] [mixin/]: Mixing MultiPackResourceManagerMixin from moonlight-common.mixins.json into net.minecraft.server.packs.resources.MultiPackResourceManager
[30Dec2025 03:03:58.104] [main/INFO] [com.ordana.immersive_weathering.ImmersiveWeathering/]: Generated runtime SERVER_DATA for pack Immersive Weathering Generated Pack (immersive_weathering) in: 13 ms
[30Dec2025 03:03:58.122] [main/INFO] [com.ordana.immersive_weathering.ImmersiveWeathering/]: Generated runtime SERVER_DATA for pack Immersive Weathering Generated Pack (immersive_weathering) in: 0 ms
[30Dec2025 03:03:58.149] [main/INFO] [KubeJS Server/]: example.js#5: Hello, World! (Loaded server scripts)
[30Dec2025 03:03:58.150] [main/INFO] [KubeJS Server/]: Loaded script server_scripts:example.js in 0.001 s
[30Dec2025 03:03:58.150] [main/INFO] [KubeJS Server/]: Loaded 1/1 KubeJS server scripts in 0.021 s with 0 errors and 0 warnings
[30Dec2025 03:03:58.151] [main/INFO] [KubeJS Server/]: Scripts loaded
[30Dec2025 03:03:58.953] [main/WARN] [net.minecraft.server.dedicated.DedicatedServerProperties/]: Failed to parse level-type lostcities_bop, defaulting to minecraft:normal
[30Dec2025 03:03:58.971] [main/DEBUG] [mixin/]: Mixing PrimaryLevelDataMixin from collective_forge.mixins.json into net.minecraft.world.level.storage.PrimaryLevelData
[30Dec2025 03:03:58.998] [main/DEBUG] [mixin/]: Mixing LootTablesMixin from placebo.mixins.json into net.minecraft.world.level.storage.loot.LootDataManager
[30Dec2025 03:03:58.998] [main/DEBUG] [mixin/]: Renaming synthetic method lambda$apply$0(Lnet/minecraft/world/level/storage/loot/LootDataId;Lnet/minecraft/world/level/storage/loot/LootTable;)V to md145b39$lambda$apply$0$0 in placebo.mixins.json:LootTablesMixin
[30Dec2025 03:03:59.004] [main/DEBUG] [mixin/]: Mixing MixinLootDataManager from architectury.mixins.json into net.minecraft.world.level.storage.loot.LootDataManager
[30Dec2025 03:03:59.006] [main/DEBUG] [mixin/]: Mixing LootTablesMixin from kubejs-common.mixins.json into net.minecraft.world.level.storage.loot.LootDataManager
[30Dec2025 03:03:59.007] [main/DEBUG] [mixin/]: Mixing LootDataManagerForgeMixin from puzzleslib.forge.mixins.json into net.minecraft.world.level.storage.loot.LootDataManager
[30Dec2025 03:03:59.039] [main/DEBUG] [mixin/]: Mixing TagManagerMixin from kubejs-common.mixins.json into net.minecraft.tags.TagManager
[30Dec2025 03:03:59.044] [main/DEBUG] [mixin/]: Mixing CommandExceptionLoggingMixin from cupboard.mixins.json into net.minecraft.commands.Commands
[30Dec2025 03:03:59.044] [main/DEBUG] [mixin/]: Mixing CommandsMixin from almanac.mixins.json into net.minecraft.commands.Commands
[30Dec2025 03:03:59.162] [main/DEBUG] [mixin/]: Mixing TemplateMixins$PlaceCommandMixin from structure_gel.mixins.json into net.minecraft.server.commands.PlaceCommand
[30Dec2025 03:03:59.192] [main/DEBUG] [net.minecraftforge.coremod.transformer.CoreModBaseTransformer/COREMOD]: Transforming net/minecraft/server/commands/SummonCommand
[30Dec2025 03:03:59.349] [main/DEBUG] [bookshelf/]: Built 1 Command entries. Took 2.17ms.
[30Dec2025 03:03:59.453] [main/DEBUG] [mixin/]: Mixing MixinProtoChunk from forge-mca.mixin.json into net.minecraft.world.level.chunk.ProtoChunk
[30Dec2025 03:03:59.469] [main/DEBUG] [mixin/]: Mixing TagLoaderMixin from kubejs-common.mixins.json into net.minecraft.tags.TagLoader
[30Dec2025 03:03:59.499] [main/DEBUG] [Smooth Boot (Reloaded)/]: Initialized Worker-Main-1
[30Dec2025 03:03:59.499] [Worker-Main-1/DEBUG] [Smooth Boot (Reloaded)/]: Initialized Worker-Main-2
[30Dec2025 03:03:59.500] [Worker-Main-2/DEBUG] [Smooth Boot (Reloaded)/]: Initialized Worker-Main-3
[30Dec2025 03:03:59.585] [Worker-Main-1/ERROR] [net.minecraft.tags.TagLoader/]: Couldn't load tag fabric:mineable/needs_tool_level_3 as it is missing following references: netherite_ore_mod:ancientdebrisore (from Skay's Overworld Netherite RELEASE 1.20.1 Forge.jar), 
	netherite_ore_mod:deepslate_ancient_debris_ore (from Skay's Overworld Netherite RELEASE 1.20.1 Forge.jar), 
	netherite_ore_mod:netherite_ancient_debris_ore (from Skay's Overworld Netherite RELEASE 1.20.1 Forge.jar)
[30Dec2025 03:03:59.951] [Worker-Main-1/DEBUG] [net.minecraftforge.coremod.transformer.CoreModBaseTransformer/COREMOD]: Transforming net/minecraft/world/entity/raid/Raid
[30Dec2025 03:04:00.052] [Worker-Main-1/DEBUG] [mixin/]: Mixing RecipeBookMixin from nerb-common.mixins.json into net.minecraft.stats.RecipeBook
[30Dec2025 03:04:00.054] [Worker-Main-1/DEBUG] [mixin/]: Mixing ServerRecipeBookMixin from nerb-common.mixins.json into net.minecraft.stats.ServerRecipeBook
[30Dec2025 03:04:00.192] [Worker-Main-1/DEBUG] [mixin/]: Mixing patches.loot.MixinLootItemKilledByPlayerCondition from bookshelf.common.mixins.json into net.minecraft.world.level.storage.loot.predicates.LootItemKilledByPlayerCondition
[30Dec2025 03:04:00.589] [main/DEBUG] [mixin/]: Mixing AccessorSmithingTrimRecipe from patchouli_xplat.mixins.json into net.minecraft.world.item.crafting.SmithingTrimRecipe
[30Dec2025 03:04:00.590] [main/DEBUG] [mixin/]: Mixing AccessorSmithingTrimRecipe from polymorph.mixins.json into net.minecraft.world.item.crafting.SmithingTrimRecipe
[30Dec2025 03:04:00.590] [main/DEBUG] [mixin/]: Unexpected: Registered method getAddition()Lnet/minecraft/world/item/crafting/Ingredient; in net.minecraft.world.item.crafting.SmithingTrimRecipe was not merged
[30Dec2025 03:04:00.590] [main/DEBUG] [mixin/]: Unexpected: Registered method getBase()Lnet/minecraft/world/item/crafting/Ingredient; in net.minecraft.world.item.crafting.SmithingTrimRecipe was not merged
[30Dec2025 03:04:00.590] [main/DEBUG] [mixin/]: Unexpected: Registered method getTemplate()Lnet/minecraft/world/item/crafting/Ingredient; in net.minecraft.world.item.crafting.SmithingTrimRecipe was not merged
[30Dec2025 03:04:00.597] [main/DEBUG] [mixin/]: Mixing AccessorSmithingTransformRecipe from patchouli_xplat.mixins.json into net.minecraft.world.item.crafting.SmithingTransformRecipe
[30Dec2025 03:04:00.597] [main/DEBUG] [mixin/]: Mixing AccessorSmithingTransformRecipe from polymorph.mixins.json into net.minecraft.world.item.crafting.SmithingTransformRecipe
[30Dec2025 03:04:00.598] [main/DEBUG] [mixin/]: Unexpected: Registered method getAddition()Lnet/minecraft/world/item/crafting/Ingredient; in net.minecraft.world.item.crafting.SmithingTransformRecipe was not merged
[30Dec2025 03:04:00.598] [main/DEBUG] [mixin/]: Unexpected: Registered method getTemplate()Lnet/minecraft/world/item/crafting/Ingredient; in net.minecraft.world.item.crafting.SmithingTransformRecipe was not merged
[30Dec2025 03:04:00.598] [main/DEBUG] [mixin/]: Unexpected: Registered method getBase()Lnet/minecraft/world/item/crafting/Ingredient; in net.minecraft.world.item.crafting.SmithingTransformRecipe was not merged
[30Dec2025 03:04:00.663] [main/INFO] [net.minecraft.world.item.crafting.RecipeManager/]: Skipping loading recipe mcore:titanium_sheet_pressing as it's serializer returned null
[30Dec2025 03:04:00.664] [main/INFO] [net.minecraft.world.item.crafting.RecipeManager/]: Skipping loading recipe mcore:steel_sheet_pressing as it's serializer returned null
[30Dec2025 03:04:00.667] [main/ERROR] [net.minecraft.world.item.crafting.RecipeManager/]: Parsing error loading recipe overworld_netherite_ore:create_custom_shard_craft
com.google.gson.JsonSyntaxException: Invalid or unsupported recipe type 'create:crushing'
	at net.minecraft.world.item.crafting.RecipeManager.m_220253_(RecipeManager.java:170) ~[server-1.20.1-20230612.114412-srg.jar%23297!/:?]
	at java.util.Optional.orElseThrow(Optional.java:403) ~[?:?]
	at net.minecraft.world.item.crafting.RecipeManager.fromJson(RecipeManager.java:169) ~[server-1.20.1-20230612.114412-srg.jar%23297!/:?]
	at net.minecraft.world.item.crafting.RecipeManager.m_5787_(RecipeManager.java:67) ~[server-1.20.1-20230612.114412-srg.jar%23297!/:?]
	at net.minecraft.world.item.crafting.RecipeManager.m_5787_(RecipeManager.java:34) ~[server-1.20.1-20230612.114412-srg.jar%23297!/:?]
	at net.minecraft.server.packs.resources.SimplePreparableReloadListener.m_10789_(SimplePreparableReloadListener.java:13) ~[server-1.20.1-20230612.114412-srg.jar%23297!/:?]
	at java.util.concurrent.CompletableFuture$UniAccept.tryFire(CompletableFuture.java:718) ~[?:?]
	at java.util.concurrent.CompletableFuture$Completion.run(CompletableFuture.java:482) ~[?:?]
	at net.minecraft.server.packs.resources.SimpleReloadInstance.m_143940_(SimpleReloadInstance.java:69) ~[server-1.20.1-20230612.114412-srg.jar%23297!/:?]
	at net.minecraft.Util.m_214652_(Util.java:783) ~[server-1.20.1-20230612.114412-srg.jar%23297!/:?]
	at net.minecraft.Util.m_214679_(Util.java:772) ~[server-1.20.1-20230612.114412-srg.jar%23297!/:?]
	at net.minecraft.server.Main.main(Main.java:166) ~[server-1.20.1-20230612.114412-srg.jar%23297!/:?]
	at jdk.internal.reflect.NativeMethodAccessorImpl.invoke0(Native Method) ~[?:?]
	at jdk.internal.reflect.NativeMethodAccessorImpl.invoke(NativeMethodAccessorImpl.java:77) ~[?:?]
	at jdk.internal.reflect.DelegatingMethodAccessorImpl.invoke(DelegatingMethodAccessorImpl.java:43) ~[?:?]
	at java.lang.reflect.Method.invoke(Method.java:569) ~[?:?]
	at net.minecraftforge.fml.loading.targets.CommonLaunchHandler.runTarget(CommonLaunchHandler.java:111) ~[fmlloader-1.20.1-47.4.13.jar%2369!/:?]
	at net.minecraftforge.fml.loading.targets.CommonLaunchHandler.serverService(CommonLaunchHandler.java:103) ~[fmlloader-1.20.1-47.4.13.jar%2369!/:?]
	at net.minecraftforge.fml.loading.targets.CommonServerLaunchHandler.lambda$makeService$0(CommonServerLaunchHandler.java:27) ~[fmlloader-1.20.1-47.4.13.jar%2369!/:?]
	at cpw.mods.modlauncher.LaunchServiceHandlerDecorator.launch(LaunchServiceHandlerDecorator.java:30) ~[modlauncher-10.0.9.jar%2355!/:?]
	at cpw.mods.modlauncher.LaunchServiceHandler.launch(LaunchServiceHandler.java:53) ~[modlauncher-10.0.9.jar%2355!/:?]
	at cpw.mods.modlauncher.LaunchServiceHandler.launch(LaunchServiceHandler.java:71) ~[modlauncher-10.0.9.jar%2355!/:?]
	at cpw.mods.modlauncher.Launcher.run(Launcher.java:108) ~[modlauncher-10.0.9.jar%2355!/:?]
	at cpw.mods.modlauncher.Launcher.main(Launcher.java:78) ~[modlauncher-10.0.9.jar%2355!/:?]
	at cpw.mods.modlauncher.BootstrapLaunchConsumer.accept(BootstrapLaunchConsumer.java:26) ~[modlauncher-10.0.9.jar%2355!/:?]
	at cpw.mods.modlauncher.BootstrapLaunchConsumer.accept(BootstrapLaunchConsumer.java:23) ~[modlauncher-10.0.9.jar%2355!/:?]
	at cpw.mods.bootstraplauncher.BootstrapLauncher.main(BootstrapLauncher.java:141) ~[bootstraplauncher-1.1.2.jar:?]
[30Dec2025 03:04:00.682] [main/ERROR] [net.minecraft.world.item.crafting.RecipeManager/]: Parsing error loading recipe overworld_netherite_ore:create_deepslate_craft
com.google.gson.JsonSyntaxException: Invalid or unsupported recipe type 'create:crushing'
	at net.minecraft.world.item.crafting.RecipeManager.m_220253_(RecipeManager.java:170) ~[server-1.20.1-20230612.114412-srg.jar%23297!/:?]
	at java.util.Optional.orElseThrow(Optional.java:403) ~[?:?]
	at net.minecraft.world.item.crafting.RecipeManager.fromJson(RecipeManager.java:169) ~[server-1.20.1-20230612.114412-srg.jar%23297!/:?]
	at net.minecraft.world.item.crafting.RecipeManager.m_5787_(RecipeManager.java:67) ~[server-1.20.1-20230612.114412-srg.jar%23297!/:?]
	at net.minecraft.world.item.crafting.RecipeManager.m_5787_(RecipeManager.java:34) ~[server-1.20.1-20230612.114412-srg.jar%23297!/:?]
	at net.minecraft.server.packs.resources.SimplePreparableReloadListener.m_10789_(SimplePreparableReloadListener.java:13) ~[server-1.20.1-20230612.114412-srg.jar%23297!/:?]
	at java.util.concurrent.CompletableFuture$UniAccept.tryFire(CompletableFuture.java:718) ~[?:?]
	at java.util.concurrent.CompletableFuture$Completion.run(CompletableFuture.java:482) ~[?:?]
	at net.minecraft.server.packs.resources.SimpleReloadInstance.m_143940_(SimpleReloadInstance.java:69) ~[server-1.20.1-20230612.114412-srg.jar%23297!/:?]
	at net.minecraft.Util.m_214652_(Util.java:783) ~[server-1.20.1-20230612.114412-srg.jar%23297!/:?]
	at net.minecraft.Util.m_214679_(Util.java:772) ~[server-1.20.1-20230612.114412-srg.jar%23297!/:?]
	at net.minecraft.server.Main.main(Main.java:166) ~[server-1.20.1-20230612.114412-srg.jar%23297!/:?]
	at jdk.internal.reflect.NativeMethodAccessorImpl.invoke0(Native Method) ~[?:?]
	at jdk.internal.reflect.NativeMethodAccessorImpl.invoke(NativeMethodAccessorImpl.java:77) ~[?:?]
	at jdk.internal.reflect.DelegatingMethodAccessorImpl.invoke(DelegatingMethodAccessorImpl.java:43) ~[?:?]
	at java.lang.reflect.Method.invoke(Method.java:569) ~[?:?]
	at net.minecraftforge.fml.loading.targets.CommonLaunchHandler.runTarget(CommonLaunchHandler.java:111) ~[fmlloader-1.20.1-47.4.13.jar%2369!/:?]
	at net.minecraftforge.fml.loading.targets.CommonLaunchHandler.serverService(CommonLaunchHandler.java:103) ~[fmlloader-1.20.1-47.4.13.jar%2369!/:?]
	at net.minecraftforge.fml.loading.targets.CommonServerLaunchHandler.lambda$makeService$0(CommonServerLaunchHandler.java:27) ~[fmlloader-1.20.1-47.4.13.jar%2369!/:?]
	at cpw.mods.modlauncher.LaunchServiceHandlerDecorator.launch(LaunchServiceHandlerDecorator.java:30) ~[modlauncher-10.0.9.jar%2355!/:?]
	at cpw.mods.modlauncher.LaunchServiceHandler.launch(LaunchServiceHandler.java:53) ~[modlauncher-10.0.9.jar%2355!/:?]
	at cpw.mods.modlauncher.LaunchServiceHandler.launch(LaunchServiceHandler.java:71) ~[modlauncher-10.0.9.jar%2355!/:?]
	at cpw.mods.modlauncher.Launcher.run(Launcher.java:108) ~[modlauncher-10.0.9.jar%2355!/:?]
	at cpw.mods.modlauncher.Launcher.main(Launcher.java:78) ~[modlauncher-10.0.9.jar%2355!/:?]
	at cpw.mods.modlauncher.BootstrapLaunchConsumer.accept(BootstrapLaunchConsumer.java:26) ~[modlauncher-10.0.9.jar%2355!/:?]
	at cpw.mods.modlauncher.BootstrapLaunchConsumer.accept(BootstrapLaunchConsumer.java:23) ~[modlauncher-10.0.9.jar%2355!/:?]
	at cpw.mods.bootstraplauncher.BootstrapLauncher.main(BootstrapLauncher.java:141) ~[bootstraplauncher-1.1.2.jar:?]
[30Dec2025 03:04:00.694] [main/INFO] [net.minecraft.world.item.crafting.RecipeManager/]: Loaded 8 recipes
[30Dec2025 03:04:00.841] [main/INFO] [net.minecraft.advancements.AdvancementList/]: Loaded 2389 advancements
[30Dec2025 03:04:00.846] [main/INFO] [placebo/]: Registered 0 additional recipes.
[30Dec2025 03:04:00.854] [main/INFO] [top.theillusivec4.curios.Curios/]: Loaded 10 curio slots
[30Dec2025 03:04:00.861] [main/INFO] [top.theillusivec4.curios.Curios/]: Loaded 1 curio entities
[30Dec2025 03:04:00.941] [main/INFO] [placebo/]: Registered 0 gear_sets.
[30Dec2025 03:04:00.944] [main/INFO] [insane96mcp.insanelib.InsaneLib/]: Reloading InsaneLib JsonFeature Json
[30Dec2025 03:04:02.300] [main/INFO] [com.ordana.immersive_weathering.ImmersiveWeathering/]: Loaded 78 block growths configurations
[30Dec2025 03:04:02.305] [main/INFO] [com.ordana.immersive_weathering.ImmersiveWeathering/]: Loaded 14 liquid generators configurations
[30Dec2025 03:04:02.329] [main/DEBUG] [net.minecraftforge.common.ForgeHooks/WP]: Gathering id map for writing to world save world
[30Dec2025 03:04:02.359] [main/DEBUG] [net.minecraftforge.common.ForgeHooks/WP]: ID Map collection complete world
[30Dec2025 03:04:02.387] [Server thread/INFO] [net.minecraft.server.dedicated.DedicatedServer/]: Starting minecraft server version 1.20.1
[30Dec2025 03:04:02.390] [Server thread/INFO] [net.minecraft.server.dedicated.DedicatedServer/]: Loading properties
[30Dec2025 03:04:02.390] [Server thread/INFO] [net.minecraft.server.dedicated.DedicatedServer/]: Default game type: SURVIVAL
[30Dec2025 03:04:02.390] [Server thread/INFO] [net.minecraft.server.MinecraftServer/]: Generating keypair
[30Dec2025 03:04:02.545] [Server thread/INFO] [net.minecraft.server.dedicated.DedicatedServer/]: Starting Minecraft server on *:25565
[30Dec2025 03:04:02.546] [Server thread/DEBUG] [net.minecraftforge.network.DualStackUtils/]: Detected IPv6 address: "0:0:0:0:0:0:0:0"
[30Dec2025 03:04:02.552] [Server thread/DEBUG] [io.netty.util.internal.NativeLibraryLoader/]: -Dio.netty.native.workdir: /tmp (io.netty.tmpdir)
[30Dec2025 03:04:02.553] [Server thread/DEBUG] [io.netty.util.internal.NativeLibraryLoader/]: -Dio.netty.native.deleteLibAfterLoading: true
[30Dec2025 03:04:02.553] [Server thread/DEBUG] [io.netty.util.internal.NativeLibraryLoader/]: -Dio.netty.native.tryPatchShadedId: true
[30Dec2025 03:04:02.553] [Server thread/DEBUG] [io.netty.util.internal.NativeLibraryLoader/]: -Dio.netty.native.detectNativeLibraryDuplicates: true
[30Dec2025 03:04:02.559] [Server thread/DEBUG] [io.netty.util.internal.NativeLibraryLoader/]: Successfully loaded the library /tmp/libnetty_transport_native_epoll_x86_6414562225512207015030.so
[30Dec2025 03:04:02.562] [Server thread/DEBUG] [io.netty.util.NetUtil/]: -Djava.net.preferIPv4Stack: false
[30Dec2025 03:04:02.562] [Server thread/DEBUG] [io.netty.util.NetUtil/]: -Djava.net.preferIPv6Addresses: true
[30Dec2025 03:04:02.563] [Server thread/DEBUG] [io.netty.util.NetUtilInitializations/]: Loopback interface: lo (lo, 0:0:0:0:0:0:0:1%lo)
[30Dec2025 03:04:02.564] [Server thread/DEBUG] [io.netty.util.NetUtil/]: /proc/sys/net/core/somaxconn: 4096
[30Dec2025 03:04:02.567] [Server thread/INFO] [net.minecraft.server.network.ServerConnectionListener/]: Using epoll channel type
[30Dec2025 03:04:02.578] [Server thread/DEBUG] [io.netty.channel.MultithreadEventLoopGroup/]: -Dio.netty.eventLoopThreads: 8
[30Dec2025 03:04:02.589] [Server thread/DEBUG] [io.netty.util.internal.InternalThreadLocalMap/]: -Dio.netty.threadLocalMap.stringBuilder.initialSize: 1024
[30Dec2025 03:04:02.589] [Server thread/DEBUG] [io.netty.util.internal.InternalThreadLocalMap/]: -Dio.netty.threadLocalMap.stringBuilder.maxSize: 4096
[30Dec2025 03:04:02.598] [Server thread/DEBUG] [io.netty.util.internal.PlatformDependent/]: org.jctools-core.MpscChunkedArrayQueue: available
[30Dec2025 03:04:02.607] [Server thread/DEBUG] [io.netty.channel.DefaultChannelId/]: -Dio.netty.processId: 19633 (auto-detected)
[30Dec2025 03:04:02.608] [Server thread/DEBUG] [io.netty.channel.DefaultChannelId/]: -Dio.netty.machineId: 60:45:bd:ff:fe:b1:3d:0b (auto-detected)
[30Dec2025 03:04:02.627] [Server thread/DEBUG] [io.netty.buffer.PooledByteBufAllocator/]: -Dio.netty.allocator.numHeapArenas: 8
[30Dec2025 03:04:02.627] [Server thread/DEBUG] [io.netty.buffer.PooledByteBufAllocator/]: -Dio.netty.allocator.numDirectArenas: 8
[30Dec2025 03:04:02.628] [Server thread/DEBUG] [io.netty.buffer.PooledByteBufAllocator/]: -Dio.netty.allocator.pageSize: 8192
[30Dec2025 03:04:02.628] [Server thread/DEBUG] [io.netty.buffer.PooledByteBufAllocator/]: -Dio.netty.allocator.maxOrder: 9
[30Dec2025 03:04:02.628] [Server thread/DEBUG] [io.netty.buffer.PooledByteBufAllocator/]: -Dio.netty.allocator.chunkSize: 4194304
[30Dec2025 03:04:02.628] [Server thread/DEBUG] [io.netty.buffer.PooledByteBufAllocator/]: -Dio.netty.allocator.smallCacheSize: 256
[30Dec2025 03:04:02.628] [Server thread/DEBUG] [io.netty.buffer.PooledByteBufAllocator/]: -Dio.netty.allocator.normalCacheSize: 64
[30Dec2025 03:04:02.628] [Server thread/DEBUG] [io.netty.buffer.PooledByteBufAllocator/]: -Dio.netty.allocator.maxCachedBufferCapacity: 32768
[30Dec2025 03:04:02.628] [Server thread/DEBUG] [io.netty.buffer.PooledByteBufAllocator/]: -Dio.netty.allocator.cacheTrimInterval: 8192
[30Dec2025 03:04:02.628] [Server thread/DEBUG] [io.netty.buffer.PooledByteBufAllocator/]: -Dio.netty.allocator.cacheTrimIntervalMillis: 0
[30Dec2025 03:04:02.628] [Server thread/DEBUG] [io.netty.buffer.PooledByteBufAllocator/]: -Dio.netty.allocator.useCacheForAllThreads: false
[30Dec2025 03:04:02.628] [Server thread/DEBUG] [io.netty.buffer.PooledByteBufAllocator/]: -Dio.netty.allocator.maxCachedByteBuffersPerChunk: 1023
[30Dec2025 03:04:02.634] [Server thread/DEBUG] [io.netty.buffer.ByteBufUtil/]: -Dio.netty.allocator.type: pooled
[30Dec2025 03:04:02.634] [Server thread/DEBUG] [io.netty.buffer.ByteBufUtil/]: -Dio.netty.threadLocalDirectBufferSize: 0
[30Dec2025 03:04:02.634] [Server thread/DEBUG] [io.netty.buffer.ByteBufUtil/]: -Dio.netty.maxThreadLocalCharBufferSize: 16384
[30Dec2025 03:04:02.641] [Server thread/WARN] [net.minecraft.server.dedicated.DedicatedServer/]: **** SERVER IS RUNNING IN OFFLINE/INSECURE MODE!
[30Dec2025 03:04:02.641] [Server thread/WARN] [net.minecraft.server.dedicated.DedicatedServer/]: The server will make no attempt to authenticate usernames. Beware.
[30Dec2025 03:04:02.641] [Server thread/WARN] [net.minecraft.server.dedicated.DedicatedServer/]: While this makes the game possible to play without internet access, it also opens up the ability for hackers to connect with any username they choose.
[30Dec2025 03:04:02.641] [Server thread/WARN] [net.minecraft.server.dedicated.DedicatedServer/]: To change this, set "online-mode" to "true" in the server.properties file.
[30Dec2025 03:04:02.652] [Server thread/DEBUG] [net.minecraftforge.fml.config.ConfigTracker/CONFIG]: Loading configs type SERVER
[30Dec2025 03:04:02.652] [Server thread/DEBUG] [net.minecraftforge.fml.config.ConfigFileTypeHandler/CONFIG]: Built TOML config for ./world/serverconfig/corpse-server.toml
[30Dec2025 03:04:02.652] [Server thread/DEBUG] [net.minecraftforge.fml.config.ConfigFileTypeHandler/CONFIG]: Loaded TOML config file ./world/serverconfig/corpse-server.toml
[30Dec2025 03:04:02.653] [Server thread/DEBUG] [net.minecraftforge.fml.config.ConfigFileTypeHandler/CONFIG]: Watching TOML config file ./world/serverconfig/corpse-server.toml for changes
[30Dec2025 03:04:02.653] [Server thread/WARN] [net.minecraftforge.common.ForgeConfigSpec/CORE]: Configuration file ./world/serverconfig/corpse-server.toml is not correct. Correcting
[30Dec2025 03:04:02.653] [Server thread/WARN] [net.minecraftforge.common.ForgeConfigSpec/CORE]: Incorrect key corpse was corrected from null to its default, SimpleCommentedConfig:{}. 
[30Dec2025 03:04:02.653] [Server thread/WARN] [net.minecraftforge.common.ForgeConfigSpec/CORE]: Incorrect key corpse.access was corrected from null to its default, SimpleCommentedConfig:{}. 
[30Dec2025 03:04:02.654] [Server thread/WARN] [net.minecraftforge.common.ForgeConfigSpec/CORE]: Incorrect key corpse.access.only_owner was corrected from null to its default, false. 
[30Dec2025 03:04:02.654] [Server thread/DEBUG] [net.minecraftforge.common.ForgeConfigSpec/CORE]: The comment on key corpse.access.only_owner does not match the spec. This may create a backup.
[30Dec2025 03:04:02.654] [Server thread/WARN] [net.minecraftforge.common.ForgeConfigSpec/CORE]: Incorrect key corpse.access.skeleton was corrected from null to its default, false. 
[30Dec2025 03:04:02.654] [Server thread/DEBUG] [net.minecraftforge.common.ForgeConfigSpec/CORE]: The comment on key corpse.access.skeleton does not match the spec. This may create a backup.
[30Dec2025 03:04:02.654] [Server thread/WARN] [net.minecraftforge.common.ForgeConfigSpec/CORE]: Incorrect key corpse.despawn was corrected from null to its default, SimpleCommentedConfig:{}. 
[30Dec2025 03:04:02.654] [Server thread/WARN] [net.minecraftforge.common.ForgeConfigSpec/CORE]: Incorrect key corpse.despawn.time was corrected from null to its default, 600. 
[30Dec2025 03:04:02.655] [Server thread/DEBUG] [net.minecraftforge.common.ForgeConfigSpec/CORE]: The comment on key corpse.despawn.time does not match the spec. This may create a backup.
[30Dec2025 03:04:02.655] [Server thread/WARN] [net.minecraftforge.common.ForgeConfigSpec/CORE]: Incorrect key corpse.despawn.force_time was corrected from null to its default, -1. 
[30Dec2025 03:04:02.655] [Server thread/DEBUG] [net.minecraftforge.common.ForgeConfigSpec/CORE]: The comment on key corpse.despawn.force_time does not match the spec. This may create a backup.
[30Dec2025 03:04:02.655] [Server thread/WARN] [net.minecraftforge.common.ForgeConfigSpec/CORE]: Incorrect key corpse.skeleton_time was corrected from null to its default, 72000. 
[30Dec2025 03:04:02.655] [Server thread/DEBUG] [net.minecraftforge.common.ForgeConfigSpec/CORE]: The comment on key corpse.skeleton_time does not match the spec. This may create a backup.
[30Dec2025 03:04:02.655] [Server thread/WARN] [net.minecraftforge.common.ForgeConfigSpec/CORE]: Incorrect key corpse.lie_on_face was corrected from null to its default, false. 
[30Dec2025 03:04:02.655] [Server thread/DEBUG] [net.minecraftforge.common.ForgeConfigSpec/CORE]: The comment on key corpse.lie_on_face does not match the spec. This may create a backup.
[30Dec2025 03:04:02.656] [Server thread/WARN] [net.minecraftforge.common.ForgeConfigSpec/CORE]: Incorrect key corpse.show_equipment was corrected from null to its default, true. 
[30Dec2025 03:04:02.656] [Server thread/DEBUG] [net.minecraftforge.common.ForgeConfigSpec/CORE]: The comment on key corpse.show_equipment does not match the spec. This may create a backup.
[30Dec2025 03:04:02.656] [Server thread/WARN] [net.minecraftforge.common.ForgeConfigSpec/CORE]: Incorrect key corpse.fall_into_void was corrected from null to its default, false. 
[30Dec2025 03:04:02.656] [Server thread/DEBUG] [net.minecraftforge.common.ForgeConfigSpec/CORE]: The comment on key corpse.fall_into_void does not match the spec. This may create a backup.
[30Dec2025 03:04:02.656] [Server thread/WARN] [net.minecraftforge.common.ForgeConfigSpec/CORE]: Incorrect key corpse.lava_damage was corrected from null to its default, false. 
[30Dec2025 03:04:02.656] [Server thread/DEBUG] [net.minecraftforge.common.ForgeConfigSpec/CORE]: The comment on key corpse.lava_damage does not match the spec. This may create a backup.
[30Dec2025 03:04:02.657] [Server thread/WARN] [net.minecraftforge.common.ForgeConfigSpec/CORE]: Incorrect key death_storage_duration was corrected from null to its default, -1. 
[30Dec2025 03:04:02.657] [Server thread/DEBUG] [net.minecraftforge.common.ForgeConfigSpec/CORE]: The comment on key death_storage_duration does not match the spec. This may create a backup.
[30Dec2025 03:04:02.657] [Thread-3/DEBUG] [net.minecraftforge.fml.config.ConfigFileTypeHandler/CONFIG]: Config file corpse-server.toml changed, sending notifies
[30Dec2025 03:04:02.657] [Thread-3/DEBUG] [net.minecraftforge.fml.config.ConfigFileTypeHandler/CONFIG]: Config file corpse-server.toml changed, sending notifies
[30Dec2025 03:04:02.658] [Server thread/DEBUG] [net.minecraftforge.fml.config.ConfigFileTypeHandler/CONFIG]: Built TOML config for ./world/serverconfig/dimension_access_manager-server.toml
[30Dec2025 03:04:02.658] [Server thread/DEBUG] [net.minecraftforge.fml.config.ConfigFileTypeHandler/CONFIG]: Loaded TOML config file ./world/serverconfig/dimension_access_manager-server.toml
[30Dec2025 03:04:02.658] [Server thread/DEBUG] [net.minecraftforge.fml.config.ConfigFileTypeHandler/CONFIG]: Watching TOML config file ./world/serverconfig/dimension_access_manager-server.toml for changes
[30Dec2025 03:04:02.658] [Server thread/WARN] [net.minecraftforge.common.ForgeConfigSpec/CORE]: Configuration file ./world/serverconfig/dimension_access_manager-server.toml is not correct. Correcting
[30Dec2025 03:04:02.658] [Thread-3/DEBUG] [net.minecraftforge.fml.config.ConfigFileTypeHandler/CONFIG]: Config file corpse-server.toml changed, sending notifies
[30Dec2025 03:04:02.658] [Server thread/WARN] [net.minecraftforge.common.ForgeConfigSpec/CORE]: Incorrect key default_dimension_access_type was corrected from null to its default, GRANTED. 
[30Dec2025 03:04:02.659] [Server thread/DEBUG] [net.minecraftforge.common.ForgeConfigSpec/CORE]: The comment on key default_dimension_access_type does not match the spec. This may create a backup.
[30Dec2025 03:04:02.659] [Server thread/WARN] [net.minecraftforge.common.ForgeConfigSpec/CORE]: Incorrect key dimension_command_permission_level was corrected from null to its default, 3. 
[30Dec2025 03:04:02.659] [Server thread/DEBUG] [net.minecraftforge.common.ForgeConfigSpec/CORE]: The comment on key dimension_command_permission_level does not match the spec. This may create a backup.
[30Dec2025 03:04:02.659] [Thread-3/DEBUG] [net.minecraftforge.fml.config.ConfigFileTypeHandler/CONFIG]: Config file dimension_access_manager-server.toml changed, sending notifies
[30Dec2025 03:04:02.660] [Server thread/INFO] [de.geheimagentnr1.minecraft_forge_api.config.AbstractConfig/]: Loading "Dimension Access Manager" SERVER Config
[30Dec2025 03:04:02.660] [Server thread/INFO] [de.geheimagentnr1.minecraft_forge_api.config.AbstractConfig/]: default_dimension_access_type = GRANTED
[30Dec2025 03:04:02.660] [Server thread/INFO] [de.geheimagentnr1.minecraft_forge_api.config.AbstractConfig/]: dimension_command_permission_level = 3
[30Dec2025 03:04:02.661] [Server thread/INFO] [de.geheimagentnr1.minecraft_forge_api.config.AbstractConfig/]: "Dimension Access Manager" SERVER Config loaded
[30Dec2025 03:04:02.661] [Server thread/DEBUG] [net.minecraftforge.fml.config.ConfigFileTypeHandler/CONFIG]: Built TOML config for ./world/serverconfig/curios-server.toml
[30Dec2025 03:04:02.661] [Server thread/DEBUG] [net.minecraftforge.fml.config.ConfigFileTypeHandler/CONFIG]: Loaded TOML config file ./world/serverconfig/curios-server.toml
[30Dec2025 03:04:02.660] [Thread-3/INFO] [de.geheimagentnr1.minecraft_forge_api.config.AbstractConfig/]: Loading "Dimension Access Manager" SERVER Config
[30Dec2025 03:04:02.661] [Server thread/DEBUG] [net.minecraftforge.fml.config.ConfigFileTypeHandler/CONFIG]: Watching TOML config file ./world/serverconfig/curios-server.toml for changes
[30Dec2025 03:04:02.661] [Thread-3/INFO] [de.geheimagentnr1.minecraft_forge_api.config.AbstractConfig/]: default_dimension_access_type = GRANTED
[30Dec2025 03:04:02.661] [Server thread/WARN] [net.minecraftforge.common.ForgeConfigSpec/CORE]: Configuration file ./world/serverconfig/curios-server.toml is not correct. Correcting
[30Dec2025 03:04:02.661] [Thread-3/INFO] [de.geheimagentnr1.minecraft_forge_api.config.AbstractConfig/]: dimension_command_permission_level = 3
[30Dec2025 03:04:02.662] [Server thread/WARN] [net.minecraftforge.common.ForgeConfigSpec/CORE]: Incorrect key keepCurios was corrected from null to its default, DEFAULT. 
[30Dec2025 03:04:02.662] [Server thread/DEBUG] [net.minecraftforge.common.ForgeConfigSpec/CORE]: The comment on key keepCurios does not match the spec. This may create a backup.
[30Dec2025 03:04:02.662] [Thread-3/INFO] [de.geheimagentnr1.minecraft_forge_api.config.AbstractConfig/]: "Dimension Access Manager" SERVER Config loaded
[30Dec2025 03:04:02.664] [Server thread/WARN] [net.minecraftforge.common.ForgeConfigSpec/CORE]: Incorrect key menu was corrected from null to its default, SimpleCommentedConfig:{}. 
[30Dec2025 03:04:02.664] [Server thread/WARN] [net.minecraftforge.common.ForgeConfigSpec/CORE]: Incorrect key menu.enableLegacyMenu was corrected from null to its default, false. 
[30Dec2025 03:04:02.665] [Server thread/DEBUG] [net.minecraftforge.common.ForgeConfigSpec/CORE]: The comment on key menu.enableLegacyMenu does not match the spec. This may create a backup.
[30Dec2025 03:04:02.665] [Server thread/WARN] [net.minecraftforge.common.ForgeConfigSpec/CORE]: Incorrect key menu.experimental was corrected from null to its default, SimpleCommentedConfig:{}. 
[30Dec2025 03:04:02.665] [Server thread/WARN] [net.minecraftforge.common.ForgeConfigSpec/CORE]: Incorrect key menu.experimental.minimumColumns was corrected from null to its default, 1. 
[30Dec2025 03:04:02.666] [Server thread/DEBUG] [net.minecraftforge.common.ForgeConfigSpec/CORE]: The comment on key menu.experimental.minimumColumns does not match the spec. This may create a backup.
[30Dec2025 03:04:02.666] [Server thread/WARN] [net.minecraftforge.common.ForgeConfigSpec/CORE]: Incorrect key menu.experimental.maxSlotsPerPage was corrected from null to its default, 48. 
[30Dec2025 03:04:02.666] [Server thread/DEBUG] [net.minecraftforge.common.ForgeConfigSpec/CORE]: The comment on key menu.experimental.maxSlotsPerPage does not match the spec. This may create a backup.
[30Dec2025 03:04:02.667] [Thread-3/DEBUG] [net.minecraftforge.fml.config.ConfigFileTypeHandler/CONFIG]: Config file curios-server.toml changed, sending notifies
[30Dec2025 03:04:02.667] [Thread-3/DEBUG] [net.minecraftforge.fml.config.ConfigFileTypeHandler/CONFIG]: Config file curios-server.toml changed, sending notifies
[30Dec2025 03:04:02.667] [Server thread/DEBUG] [net.minecraftforge.fml.config.ConfigFileTypeHandler/CONFIG]: Built TOML config for ./world/serverconfig/lostcities-server.toml
[30Dec2025 03:04:02.668] [Thread-3/DEBUG] [net.minecraftforge.fml.config.ConfigFileTypeHandler/CONFIG]: Config file curios-server.toml changed, sending notifies
[30Dec2025 03:04:02.668] [Server thread/DEBUG] [net.minecraftforge.fml.config.ConfigFileTypeHandler/CONFIG]: Loaded TOML config file ./world/serverconfig/lostcities-server.toml
[30Dec2025 03:04:02.668] [Server thread/DEBUG] [net.minecraftforge.fml.config.ConfigFileTypeHandler/CONFIG]: Watching TOML config file ./world/serverconfig/lostcities-server.toml for changes
[30Dec2025 03:04:02.668] [Server thread/WARN] [net.minecraftforge.common.ForgeConfigSpec/CORE]: Configuration file ./world/serverconfig/lostcities-server.toml is not correct. Correcting
[30Dec2025 03:04:02.669] [Server thread/WARN] [net.minecraftforge.common.ForgeConfigSpec/CORE]: Incorrect key profiles was corrected from null to its default, SimpleCommentedConfig:{}. 
[30Dec2025 03:04:02.669] [Server thread/WARN] [net.minecraftforge.common.ForgeConfigSpec/CORE]: Incorrect key profiles.specialBedBlock was corrected from null to its default, minecraft:diamond_block. 
[30Dec2025 03:04:02.669] [Server thread/DEBUG] [net.minecraftforge.common.ForgeConfigSpec/CORE]: The comment on key profiles.specialBedBlock does not match the spec. This may create a backup.
[30Dec2025 03:04:02.669] [Server thread/WARN] [net.minecraftforge.common.ForgeConfigSpec/CORE]: Incorrect key profiles.selectedProfile was corrected from null to its default, <CHECK>. 
[30Dec2025 03:04:02.670] [Server thread/WARN] [net.minecraftforge.common.ForgeConfigSpec/CORE]: Incorrect key profiles.selectedCustomJson was corrected from null to its default, . 
[30Dec2025 03:04:02.670] [Server thread/WARN] [net.minecraftforge.common.ForgeConfigSpec/CORE]: Incorrect key profiles.todoQueueSize was corrected from null to its default, 20. 
[30Dec2025 03:04:02.670] [Server thread/DEBUG] [net.minecraftforge.common.ForgeConfigSpec/CORE]: The comment on key profiles.todoQueueSize does not match the spec. This may create a backup.
[30Dec2025 03:04:02.670] [Server thread/WARN] [net.minecraftforge.common.ForgeConfigSpec/CORE]: Incorrect key profiles.forceSaplingGrowth was corrected from null to its default, true. 
[30Dec2025 03:04:02.670] [Server thread/DEBUG] [net.minecraftforge.common.ForgeConfigSpec/CORE]: The comment on key profiles.forceSaplingGrowth does not match the spec. This may create a backup.
[30Dec2025 03:04:02.670] [Server thread/DEBUG] [net.minecraftforge.common.ForgeConfigSpec/CORE]: List on key avoidStructures is deemed to need correction. It is null, not a list, or an empty list. Modders, consider defineListAllowEmpty?
[30Dec2025 03:04:02.670] [Server thread/WARN] [net.minecraftforge.common.ForgeConfigSpec/CORE]: Incorrect key profiles.avoidStructures was corrected from null to its default, [minecraft:mansion, minecraft:jungle_pyramid, minecraft:desert_pyramid, minecraft:igloo, minecraft:swamp_huts, minecraft:pillager_outpost]. 
[30Dec2025 03:04:02.671] [Server thread/DEBUG] [net.minecraftforge.common.ForgeConfigSpec/CORE]: The comment on key profiles.avoidStructures does not match the spec. This may create a backup.
[30Dec2025 03:04:02.671] [Server thread/WARN] [net.minecraftforge.common.ForgeConfigSpec/CORE]: Incorrect key profiles.avoidStructuresAdjacent was corrected from null to its default, false. 
[30Dec2025 03:04:02.671] [Server thread/DEBUG] [net.minecraftforge.common.ForgeConfigSpec/CORE]: The comment on key profiles.avoidStructuresAdjacent does not match the spec. This may create a backup.
[30Dec2025 03:04:02.671] [Server thread/WARN] [net.minecraftforge.common.ForgeConfigSpec/CORE]: Incorrect key profiles.avoidVillagesAdjacent was corrected from null to its default, false. 
[30Dec2025 03:04:02.672] [Server thread/DEBUG] [net.minecraftforge.common.ForgeConfigSpec/CORE]: The comment on key profiles.avoidVillagesAdjacent does not match the spec. This may create a backup.
[30Dec2025 03:04:02.672] [Server thread/WARN] [net.minecraftforge.common.ForgeConfigSpec/CORE]: Incorrect key profiles.avoidFlattening was corrected from null to its default, true. 
[30Dec2025 03:04:02.672] [Server thread/DEBUG] [net.minecraftforge.common.ForgeConfigSpec/CORE]: The comment on key profiles.avoidFlattening does not match the spec. This may create a backup.
[30Dec2025 03:04:02.672] [Server thread/DEBUG] [net.minecraftforge.common.ForgeConfigSpec/CORE]: The comment on key profiles does not match the spec. This may create a backup.
[30Dec2025 03:04:02.672] [Thread-3/DEBUG] [net.minecraftforge.fml.config.ConfigFileTypeHandler/CONFIG]: Config file lostcities-server.toml changed, sending notifies
[30Dec2025 03:04:02.673] [Thread-3/DEBUG] [net.minecraftforge.fml.config.ConfigFileTypeHandler/CONFIG]: Config file lostcities-server.toml changed, sending notifies
[30Dec2025 03:04:02.673] [Thread-3/DEBUG] [net.minecraftforge.fml.config.ConfigFileTypeHandler/CONFIG]: Config file lostcities-server.toml changed, sending notifies
[30Dec2025 03:04:02.673] [Server thread/DEBUG] [net.minecraftforge.fml.config.ConfigFileTypeHandler/CONFIG]: Built TOML config for ./world/serverconfig/jei-server.toml
[30Dec2025 03:04:02.673] [Server thread/DEBUG] [net.minecraftforge.fml.config.ConfigFileTypeHandler/CONFIG]: Loaded TOML config file ./world/serverconfig/jei-server.toml
[30Dec2025 03:04:02.674] [Thread-3/DEBUG] [net.minecraftforge.fml.config.ConfigFileTypeHandler/CONFIG]: Config file lostcities-server.toml changed, sending notifies
[30Dec2025 03:04:02.674] [Server thread/DEBUG] [net.minecraftforge.fml.config.ConfigFileTypeHandler/CONFIG]: Watching TOML config file ./world/serverconfig/jei-server.toml for changes
[30Dec2025 03:04:02.674] [Server thread/WARN] [net.minecraftforge.common.ForgeConfigSpec/CORE]: Configuration file ./world/serverconfig/jei-server.toml is not correct. Correcting
[30Dec2025 03:04:02.674] [Server thread/WARN] [net.minecraftforge.common.ForgeConfigSpec/CORE]: Incorrect key cheat mode was corrected from null to its default, SimpleCommentedConfig:{}. 
[30Dec2025 03:04:02.675] [Server thread/WARN] [net.minecraftforge.common.ForgeConfigSpec/CORE]: Incorrect key cheat mode.enableCheatModeForOp was corrected from null to its default, true. 
[30Dec2025 03:04:02.676] [Server thread/DEBUG] [net.minecraftforge.common.ForgeConfigSpec/CORE]: The comment on key cheat mode.enableCheatModeForOp does not match the spec. This may create a backup.
[30Dec2025 03:04:02.676] [Server thread/WARN] [net.minecraftforge.common.ForgeConfigSpec/CORE]: Incorrect key cheat mode.enableCheatModeForCreative was corrected from null to its default, true. 
[30Dec2025 03:04:02.676] [Server thread/DEBUG] [net.minecraftforge.common.ForgeConfigSpec/CORE]: The comment on key cheat mode.enableCheatModeForCreative does not match the spec. This may create a backup.
[30Dec2025 03:04:02.676] [Server thread/WARN] [net.minecraftforge.common.ForgeConfigSpec/CORE]: Incorrect key cheat mode.enableCheatModeForGive was corrected from null to its default, false. 
[30Dec2025 03:04:02.677] [Server thread/DEBUG] [net.minecraftforge.common.ForgeConfigSpec/CORE]: The comment on key cheat mode.enableCheatModeForGive does not match the spec. This may create a backup.
[30Dec2025 03:04:02.677] [Thread-3/DEBUG] [net.minecraftforge.fml.config.ConfigFileTypeHandler/CONFIG]: Config file jei-server.toml changed, sending notifies
[30Dec2025 03:04:02.678] [Thread-3/DEBUG] [net.minecraftforge.fml.config.ConfigFileTypeHandler/CONFIG]: Config file jei-server.toml changed, sending notifies
[30Dec2025 03:04:02.678] [Server thread/DEBUG] [fuzs.puzzleslib.impl.config.core.ForgeConfigFileTypeHandler/CONFIG]: Built TOML config for /workspaces/creacion1/servidor_minecraft/config/mutantmonsters-server.toml
[30Dec2025 03:04:02.678] [Thread-3/DEBUG] [net.minecraftforge.fml.config.ConfigFileTypeHandler/CONFIG]: Config file jei-server.toml changed, sending notifies
[30Dec2025 03:04:02.678] [Server thread/DEBUG] [fuzs.puzzleslib.impl.config.core.ForgeConfigFileTypeHandler/CONFIG]: Loaded TOML config file /workspaces/creacion1/servidor_minecraft/config/mutantmonsters-server.toml
[30Dec2025 03:04:02.678] [Server thread/DEBUG] [fuzs.puzzleslib.impl.config.core.ForgeConfigFileTypeHandler/CONFIG]: Watching TOML config file /workspaces/creacion1/servidor_minecraft/config/mutantmonsters-server.toml for changes
[30Dec2025 03:04:02.687] [Server thread/INFO] [Puzzles Lib/]: Loading server config for mutantmonsters
[30Dec2025 03:04:02.687] [Server thread/DEBUG] [net.minecraftforge.fml.config.ConfigFileTypeHandler/CONFIG]: Built TOML config for ./world/serverconfig/tacz-server.toml
[30Dec2025 03:04:02.688] [Server thread/DEBUG] [net.minecraftforge.fml.config.ConfigFileTypeHandler/CONFIG]: Loaded TOML config file ./world/serverconfig/tacz-server.toml
[30Dec2025 03:04:02.688] [Server thread/DEBUG] [net.minecraftforge.fml.config.ConfigFileTypeHandler/CONFIG]: Watching TOML config file ./world/serverconfig/tacz-server.toml for changes
[30Dec2025 03:04:02.688] [Server thread/WARN] [net.minecraftforge.common.ForgeConfigSpec/CORE]: Configuration file ./world/serverconfig/tacz-server.toml is not correct. Correcting
[30Dec2025 03:04:02.688] [Thread-3/DEBUG] [fuzs.puzzleslib.impl.config.core.ForgeConfigFileTypeHandler/CONFIG]: Config file mutantmonsters-server.toml changed, sending notifies
[30Dec2025 03:04:02.688] [Server thread/WARN] [net.minecraftforge.common.ForgeConfigSpec/CORE]: Incorrect key interact_key was corrected from null to its default, SimpleCommentedConfig:{}. 
[30Dec2025 03:04:02.688] [Thread-3/INFO] [Puzzles Lib/]: Reloading server config for mutantmonsters
[30Dec2025 03:04:02.688] [Server thread/WARN] [net.minecraftforge.common.ForgeConfigSpec/CORE]: Incorrect key interact_key.InteractKeyWhitelistBlocks was corrected from null to its default, []. 
[30Dec2025 03:04:02.689] [Server thread/DEBUG] [net.minecraftforge.common.ForgeConfigSpec/CORE]: The comment on key interact_key.InteractKeyWhitelistBlocks does not match the spec. This may create a backup.
[30Dec2025 03:04:02.689] [Server thread/WARN] [net.minecraftforge.common.ForgeConfigSpec/CORE]: Incorrect key interact_key.InteractKeyWhitelistEntities was corrected from null to its default, []. 
[30Dec2025 03:04:02.689] [Server thread/DEBUG] [net.minecraftforge.common.ForgeConfigSpec/CORE]: The comment on key interact_key.InteractKeyWhitelistEntities does not match the spec. This may create a backup.
[30Dec2025 03:04:02.689] [Server thread/WARN] [net.minecraftforge.common.ForgeConfigSpec/CORE]: Incorrect key interact_key.InteractKeyBlacklistBlocks was corrected from null to its default, []. 
[30Dec2025 03:04:02.689] [Server thread/DEBUG] [net.minecraftforge.common.ForgeConfigSpec/CORE]: The comment on key interact_key.InteractKeyBlacklistBlocks does not match the spec. This may create a backup.
[30Dec2025 03:04:02.689] [Server thread/WARN] [net.minecraftforge.common.ForgeConfigSpec/CORE]: Incorrect key interact_key.InteractKeyBlacklistEntities was corrected from null to its default, []. 
[30Dec2025 03:04:02.690] [Server thread/DEBUG] [net.minecraftforge.common.ForgeConfigSpec/CORE]: The comment on key interact_key.InteractKeyBlacklistEntities does not match the spec. This may create a backup.
[30Dec2025 03:04:02.690] [Server thread/WARN] [net.minecraftforge.common.ForgeConfigSpec/CORE]: Incorrect key base_multiplier was corrected from null to its default, SimpleCommentedConfig:{}. 
[30Dec2025 03:04:02.690] [Server thread/WARN] [net.minecraftforge.common.ForgeConfigSpec/CORE]: Incorrect key base_multiplier.DamageBaseMultiplier was corrected from null to its default, 1.0. 
[30Dec2025 03:04:02.691] [Server thread/DEBUG] [net.minecraftforge.common.ForgeConfigSpec/CORE]: The comment on key base_multiplier.DamageBaseMultiplier does not match the spec. This may create a backup.
[30Dec2025 03:04:02.691] [Server thread/WARN] [net.minecraftforge.common.ForgeConfigSpec/CORE]: Incorrect key base_multiplier.ArmorIgnoreBaseMultiplier was corrected from null to its default, 1.0. 
[30Dec2025 03:04:02.691] [Server thread/DEBUG] [net.minecraftforge.common.ForgeConfigSpec/CORE]: The comment on key base_multiplier.ArmorIgnoreBaseMultiplier does not match the spec. This may create a backup.
[30Dec2025 03:04:02.691] [Server thread/WARN] [net.minecraftforge.common.ForgeConfigSpec/CORE]: Incorrect key base_multiplier.HeadShotBaseMultiplier was corrected from null to its default, 1.0. 
[30Dec2025 03:04:02.691] [Server thread/DEBUG] [net.minecraftforge.common.ForgeConfigSpec/CORE]: The comment on key base_multiplier.HeadShotBaseMultiplier does not match the spec. This may create a backup.
[30Dec2025 03:04:02.691] [Server thread/WARN] [net.minecraftforge.common.ForgeConfigSpec/CORE]: Incorrect key base_multiplier.WeightSpeedMultiplier was corrected from null to its default, 0.015. 
[30Dec2025 03:04:02.691] [Server thread/DEBUG] [net.minecraftforge.common.ForgeConfigSpec/CORE]: The comment on key base_multiplier.WeightSpeedMultiplier does not match the spec. This may create a backup.
[30Dec2025 03:04:02.691] [Server thread/WARN] [net.minecraftforge.common.ForgeConfigSpec/CORE]: Incorrect key misc was corrected from null to its default, SimpleCommentedConfig:{}. 
[30Dec2025 03:04:02.692] [Server thread/WARN] [net.minecraftforge.common.ForgeConfigSpec/CORE]: Incorrect key misc.HeadShotAABB was corrected from null to its default, []. 
[30Dec2025 03:04:02.694] [Server thread/DEBUG] [net.minecraftforge.common.ForgeConfigSpec/CORE]: The comment on key misc.HeadShotAABB does not match the spec. This may create a backup.
[30Dec2025 03:04:02.694] [Server thread/WARN] [net.minecraftforge.common.ForgeConfigSpec/CORE]: Incorrect key misc.AmmoBoxStackSize was corrected from null to its default, 3. 
[30Dec2025 03:04:02.694] [Server thread/DEBUG] [net.minecraftforge.common.ForgeConfigSpec/CORE]: The comment on key misc.AmmoBoxStackSize does not match the spec. This may create a backup.
[30Dec2025 03:04:02.694] [Server thread/WARN] [net.minecraftforge.common.ForgeConfigSpec/CORE]: Incorrect key misc.ClientGunPackDownloadUrls was corrected from null to its default, []. 
[30Dec2025 03:04:02.694] [Server thread/DEBUG] [net.minecraftforge.common.ForgeConfigSpec/CORE]: The comment on key misc.ClientGunPackDownloadUrls does not match the spec. This may create a backup.
[30Dec2025 03:04:02.694] [Server thread/WARN] [net.minecraftforge.common.ForgeConfigSpec/CORE]: Incorrect key misc.EnableCrawl was corrected from null to its default, true. 
[30Dec2025 03:04:02.694] [Server thread/DEBUG] [net.minecraftforge.common.ForgeConfigSpec/CORE]: The comment on key misc.EnableCrawl does not match the spec. This may create a backup.
[30Dec2025 03:04:02.697] [Server thread/DEBUG] [net.minecraftforge.fml.config.ConfigFileTypeHandler/CONFIG]: Built TOML config for ./world/serverconfig/forge-server.toml
[30Dec2025 03:04:02.697] [Server thread/DEBUG] [net.minecraftforge.fml.config.ConfigFileTypeHandler/CONFIG]: Loaded TOML config file ./world/serverconfig/forge-server.toml
[30Dec2025 03:04:02.697] [Thread-3/DEBUG] [net.minecraftforge.fml.config.ConfigFileTypeHandler/CONFIG]: Config file tacz-server.toml changed, sending notifies
[30Dec2025 03:04:02.697] [Server thread/DEBUG] [net.minecraftforge.fml.config.ConfigFileTypeHandler/CONFIG]: Watching TOML config file ./world/serverconfig/forge-server.toml for changes
[30Dec2025 03:04:02.697] [Server thread/WARN] [net.minecraftforge.common.ForgeConfigSpec/CORE]: Configuration file ./world/serverconfig/forge-server.toml is not correct. Correcting
[30Dec2025 03:04:02.698] [Server thread/WARN] [net.minecraftforge.common.ForgeConfigSpec/CORE]: Incorrect key server was corrected from null to its default, SimpleCommentedConfig:{}. 
[30Dec2025 03:04:02.698] [Server thread/WARN] [net.minecraftforge.common.ForgeConfigSpec/CORE]: Incorrect key server.removeErroringBlockEntities was corrected from null to its default, false. 
[30Dec2025 03:04:02.699] [Server thread/DEBUG] [net.minecraftforge.common.ForgeConfigSpec/CORE]: The comment on key server.removeErroringBlockEntities does not match the spec. This may create a backup.
[30Dec2025 03:04:02.699] [Server thread/WARN] [net.minecraftforge.common.ForgeConfigSpec/CORE]: Incorrect key server.removeErroringEntities was corrected from null to its default, false. 
[30Dec2025 03:04:02.699] [Server thread/DEBUG] [net.minecraftforge.common.ForgeConfigSpec/CORE]: The comment on key server.removeErroringEntities does not match the spec. This may create a backup.
[30Dec2025 03:04:02.699] [Server thread/WARN] [net.minecraftforge.common.ForgeConfigSpec/CORE]: Incorrect key server.fullBoundingBoxLadders was corrected from null to its default, false. 
[30Dec2025 03:04:02.700] [Server thread/DEBUG] [net.minecraftforge.common.ForgeConfigSpec/CORE]: The comment on key server.fullBoundingBoxLadders does not match the spec. This may create a backup.
[30Dec2025 03:04:02.700] [Server thread/WARN] [net.minecraftforge.common.ForgeConfigSpec/CORE]: Incorrect key server.zombieBaseSummonChance was corrected from null to its default, 0.1. 
[30Dec2025 03:04:02.700] [Server thread/DEBUG] [net.minecraftforge.common.ForgeConfigSpec/CORE]: The comment on key server.zombieBaseSummonChance does not match the spec. This may create a backup.
[30Dec2025 03:04:02.700] [Server thread/WARN] [net.minecraftforge.common.ForgeConfigSpec/CORE]: Incorrect key server.zombieBabyChance was corrected from null to its default, 0.05. 
[30Dec2025 03:04:02.700] [Server thread/DEBUG] [net.minecraftforge.common.ForgeConfigSpec/CORE]: The comment on key server.zombieBabyChance does not match the spec. This may create a backup.
[30Dec2025 03:04:02.700] [Server thread/WARN] [net.minecraftforge.common.ForgeConfigSpec/CORE]: Incorrect key server.permissionHandler was corrected from null to its default, forge:default_handler. 
[30Dec2025 03:04:02.700] [Server thread/DEBUG] [net.minecraftforge.common.ForgeConfigSpec/CORE]: The comment on key server.permissionHandler does not match the spec. This may create a backup.
[30Dec2025 03:04:02.700] [Server thread/WARN] [net.minecraftforge.common.ForgeConfigSpec/CORE]: Incorrect key server.advertiseDedicatedServerToLan was corrected from null to its default, true. 
[30Dec2025 03:04:02.700] [Server thread/DEBUG] [net.minecraftforge.common.ForgeConfigSpec/CORE]: The comment on key server.advertiseDedicatedServerToLan does not match the spec. This may create a backup.
[30Dec2025 03:04:02.700] [Server thread/WARN] [net.minecraftforge.common.ForgeConfigSpec/CORE]: Incorrect key server.useItemWithDurationZero was corrected from null to its default, false. 
[30Dec2025 03:04:02.701] [Server thread/DEBUG] [net.minecraftforge.common.ForgeConfigSpec/CORE]: The comment on key server.useItemWithDurationZero does not match the spec. This may create a backup.
[30Dec2025 03:04:02.701] [Server thread/DEBUG] [net.minecraftforge.common.ForgeConfigSpec/CORE]: The comment on key server does not match the spec. This may create a backup.
[30Dec2025 03:04:02.701] [Thread-3/DEBUG] [net.minecraftforge.fml.config.ConfigFileTypeHandler/CONFIG]: Config file forge-server.toml changed, sending notifies
[30Dec2025 03:04:02.702] [Thread-3/DEBUG] [net.minecraftforge.common.ForgeConfig/FORGEMOD]: Forge config just got changed on the file system!
[30Dec2025 03:04:02.702] [Thread-3/DEBUG] [net.minecraftforge.fml.config.ConfigFileTypeHandler/CONFIG]: Config file forge-server.toml changed, sending notifies
[30Dec2025 03:04:02.702] [Server thread/DEBUG] [net.minecraftforge.common.ForgeConfig/FORGEMOD]: Loaded forge config file forge-server.toml
[30Dec2025 03:04:02.702] [Thread-3/DEBUG] [net.minecraftforge.common.ForgeConfig/FORGEMOD]: Forge config just got changed on the file system!
[30Dec2025 03:04:02.702] [Thread-3/DEBUG] [net.minecraftforge.fml.config.ConfigFileTypeHandler/CONFIG]: Config file forge-server.toml changed, sending notifies
[30Dec2025 03:04:02.702] [Thread-3/DEBUG] [net.minecraftforge.common.ForgeConfig/FORGEMOD]: Forge config just got changed on the file system!
[30Dec2025 03:04:02.702] [Server thread/DEBUG] [net.minecraftforge.fml.config.ConfigFileTypeHandler/CONFIG]: Built TOML config for ./world/serverconfig/cofh_core-server.toml
[30Dec2025 03:04:02.702] [Server thread/DEBUG] [net.minecraftforge.fml.config.ConfigFileTypeHandler/CONFIG]: Loaded TOML config file ./world/serverconfig/cofh_core-server.toml
[30Dec2025 03:04:02.702] [Server thread/DEBUG] [net.minecraftforge.fml.config.ConfigFileTypeHandler/CONFIG]: Watching TOML config file ./world/serverconfig/cofh_core-server.toml for changes
[30Dec2025 03:04:02.702] [Server thread/WARN] [net.minecraftforge.common.ForgeConfigSpec/CORE]: Configuration file ./world/serverconfig/cofh_core-server.toml is not correct. Correcting
[30Dec2025 03:04:02.703] [Server thread/WARN] [net.minecraftforge.common.ForgeConfigSpec/CORE]: Incorrect key Commands was corrected from null to its default, SimpleCommentedConfig:{}. 
[30Dec2025 03:04:02.703] [Server thread/WARN] [net.minecraftforge.common.ForgeConfigSpec/CORE]: Incorrect key Commands.Crafting Permission Level was corrected from null to its default, 2. 
[30Dec2025 03:04:02.703] [Server thread/DEBUG] [net.minecraftforge.common.ForgeConfigSpec/CORE]: The comment on key Commands.Crafting Permission Level does not match the spec. This may create a backup.
[30Dec2025 03:04:02.703] [Server thread/WARN] [net.minecraftforge.common.ForgeConfigSpec/CORE]: Incorrect key Commands.EnderChest Permission Level was corrected from null to its default, 2. 
[30Dec2025 03:04:02.703] [Server thread/DEBUG] [net.minecraftforge.common.ForgeConfigSpec/CORE]: The comment on key Commands.EnderChest Permission Level does not match the spec. This may create a backup.
[30Dec2025 03:04:02.703] [Server thread/WARN] [net.minecraftforge.common.ForgeConfigSpec/CORE]: Incorrect key Commands.Heal Permission Level was corrected from null to its default, 2. 
[30Dec2025 03:04:02.704] [Server thread/DEBUG] [net.minecraftforge.common.ForgeConfigSpec/CORE]: The comment on key Commands.Heal Permission Level does not match the spec. This may create a backup.
[30Dec2025 03:04:02.704] [Server thread/WARN] [net.minecraftforge.common.ForgeConfigSpec/CORE]: Incorrect key Commands.Ignite Permission Level was corrected from null to its default, 2. 
[30Dec2025 03:04:02.704] [Server thread/DEBUG] [net.minecraftforge.common.ForgeConfigSpec/CORE]: The comment on key Commands.Ignite Permission Level does not match the spec. This may create a backup.
[30Dec2025 03:04:02.704] [Server thread/WARN] [net.minecraftforge.common.ForgeConfigSpec/CORE]: Incorrect key Commands.Repair Permission Level was corrected from null to its default, 2. 
[30Dec2025 03:04:02.704] [Server thread/DEBUG] [net.minecraftforge.common.ForgeConfigSpec/CORE]: The comment on key Commands.Repair Permission Level does not match the spec. This may create a backup.
[30Dec2025 03:04:02.704] [Server thread/WARN] [net.minecraftforge.common.ForgeConfigSpec/CORE]: Incorrect key Enchantments was corrected from null to its default, SimpleCommentedConfig:{}. 
[30Dec2025 03:04:02.705] [Server thread/WARN] [net.minecraftforge.common.ForgeConfigSpec/CORE]: Incorrect key Enchantments.Improved Feather Falling was corrected from null to its default, true. 
[30Dec2025 03:04:02.705] [Server thread/DEBUG] [net.minecraftforge.common.ForgeConfigSpec/CORE]: The comment on key Enchantments.Improved Feather Falling does not match the spec. This may create a backup.
[30Dec2025 03:04:02.705] [Server thread/WARN] [net.minecraftforge.common.ForgeConfigSpec/CORE]: Incorrect key Enchantments.Improved Mending was corrected from null to its default, true. 
[30Dec2025 03:04:02.705] [Server thread/DEBUG] [net.minecraftforge.common.ForgeConfigSpec/CORE]: The comment on key Enchantments.Improved Mending does not match the spec. This may create a backup.
[30Dec2025 03:04:02.705] [Server thread/WARN] [net.minecraftforge.common.ForgeConfigSpec/CORE]: Incorrect key Enchantments.Holding was corrected from null to its default, SimpleCommentedConfig:{}. 
[30Dec2025 03:04:02.705] [Server thread/WARN] [net.minecraftforge.common.ForgeConfigSpec/CORE]: Incorrect key Enchantments.Holding.Enable was corrected from null to its default, true. 
[30Dec2025 03:04:02.705] [Server thread/DEBUG] [net.minecraftforge.common.ForgeConfigSpec/CORE]: The comment on key Enchantments.Holding.Enable does not match the spec. This may create a backup.
[30Dec2025 03:04:02.705] [Server thread/WARN] [net.minecraftforge.common.ForgeConfigSpec/CORE]: Incorrect key Enchantments.Holding.Treasure was corrected from null to its default, false. 
[30Dec2025 03:04:02.706] [Server thread/DEBUG] [net.minecraftforge.common.ForgeConfigSpec/CORE]: The comment on key Enchantments.Holding.Treasure does not match the spec. This may create a backup.
[30Dec2025 03:04:02.706] [Server thread/WARN] [net.minecraftforge.common.ForgeConfigSpec/CORE]: Incorrect key Enchantments.Holding.Max Level was corrected from null to its default, 4. 
[30Dec2025 03:04:02.706] [Server thread/DEBUG] [net.minecraftforge.common.ForgeConfigSpec/CORE]: The comment on key Enchantments.Holding.Max Level does not match the spec. This may create a backup.
[30Dec2025 03:04:02.709] [Thread-3/DEBUG] [net.minecraftforge.fml.config.ConfigFileTypeHandler/CONFIG]: Config file cofh_core-server.toml changed, sending notifies
[30Dec2025 03:04:02.709] [Server thread/DEBUG] [net.minecraftforge.fml.config.ConfigFileTypeHandler/CONFIG]: Built TOML config for ./world/serverconfig/securitycraft-server.toml
[30Dec2025 03:04:02.709] [Server thread/DEBUG] [net.minecraftforge.fml.config.ConfigFileTypeHandler/CONFIG]: Loaded TOML config file ./world/serverconfig/securitycraft-server.toml
[30Dec2025 03:04:02.709] [Thread-3/DEBUG] [net.minecraftforge.fml.config.ConfigFileTypeHandler/CONFIG]: Config file cofh_core-server.toml changed, sending notifies
[30Dec2025 03:04:02.710] [Server thread/DEBUG] [net.minecraftforge.fml.config.ConfigFileTypeHandler/CONFIG]: Watching TOML config file ./world/serverconfig/securitycraft-server.toml for changes
[30Dec2025 03:04:02.710] [Server thread/WARN] [net.minecraftforge.common.ForgeConfigSpec/CORE]: Configuration file ./world/serverconfig/securitycraft-server.toml is not correct. Correcting
[30Dec2025 03:04:02.711] [Server thread/WARN] [net.minecraftforge.common.ForgeConfigSpec/CORE]: Incorrect key codebreaker_chance was corrected from null to its default, 0.33. 
[30Dec2025 03:04:02.712] [Server thread/DEBUG] [net.minecraftforge.common.ForgeConfigSpec/CORE]: The comment on key codebreaker_chance does not match the spec. This may create a backup.
[30Dec2025 03:04:02.713] [Server thread/WARN] [net.minecraftforge.common.ForgeConfigSpec/CORE]: Incorrect key allowAdminTool was corrected from null to its default, true. 
[30Dec2025 03:04:02.713] [Server thread/DEBUG] [net.minecraftforge.common.ForgeConfigSpec/CORE]: The comment on key allowAdminTool does not match the spec. This may create a backup.
[30Dec2025 03:04:02.714] [Server thread/WARN] [net.minecraftforge.common.ForgeConfigSpec/CORE]: Incorrect key shouldSpawnFire was corrected from null to its default, true. 
[30Dec2025 03:04:02.714] [Server thread/DEBUG] [net.minecraftforge.common.ForgeConfigSpec/CORE]: The comment on key shouldSpawnFire does not match the spec. This may create a backup.
[30Dec2025 03:04:02.715] [Server thread/WARN] [net.minecraftforge.common.ForgeConfigSpec/CORE]: Incorrect key smallerMineExplosion was corrected from null to its default, false. 
[30Dec2025 03:04:02.716] [Server thread/DEBUG] [net.minecraftforge.common.ForgeConfigSpec/CORE]: The comment on key smallerMineExplosion does not match the spec. This may create a backup.
[30Dec2025 03:04:02.717] [Server thread/WARN] [net.minecraftforge.common.ForgeConfigSpec/CORE]: Incorrect key mineExplodesWhenInCreative was corrected from null to its default, true. 
[30Dec2025 03:04:02.717] [Server thread/DEBUG] [net.minecraftforge.common.ForgeConfigSpec/CORE]: The comment on key mineExplodesWhenInCreative does not match the spec. This may create a backup.
[30Dec2025 03:04:02.719] [Server thread/WARN] [net.minecraftforge.common.ForgeConfigSpec/CORE]: Incorrect key mineExplosionsBreakBlocks was corrected from null to its default, true. 
[30Dec2025 03:04:02.719] [Server thread/DEBUG] [net.minecraftforge.common.ForgeConfigSpec/CORE]: The comment on key mineExplosionsBreakBlocks does not match the spec. This may create a backup.
[30Dec2025 03:04:02.720] [Server thread/WARN] [net.minecraftforge.common.ForgeConfigSpec/CORE]: Incorrect key laserBlockRange was corrected from null to its default, 5. 
[30Dec2025 03:04:02.721] [Server thread/DEBUG] [net.minecraftforge.common.ForgeConfigSpec/CORE]: The comment on key laserBlockRange does not match the spec. This may create a backup.
[30Dec2025 03:04:02.722] [Server thread/WARN] [net.minecraftforge.common.ForgeConfigSpec/CORE]: Incorrect key inventoryScannerRange was corrected from null to its default, 3. 
[30Dec2025 03:04:02.722] [Server thread/DEBUG] [net.minecraftforge.common.ForgeConfigSpec/CORE]: The comment on key inventoryScannerRange does not match the spec. This may create a backup.
[30Dec2025 03:04:02.723] [Server thread/WARN] [net.minecraftforge.common.ForgeConfigSpec/CORE]: Incorrect key maxAlarmRange was corrected from null to its default, 100. 
[30Dec2025 03:04:02.723] [Server thread/DEBUG] [net.minecraftforge.common.ForgeConfigSpec/CORE]: The comment on key maxAlarmRange does not match the spec. This may create a backup.
[30Dec2025 03:04:02.724] [Server thread/WARN] [net.minecraftforge.common.ForgeConfigSpec/CORE]: Incorrect key allowBlockClaim was corrected from null to its default, false. 
[30Dec2025 03:04:02.724] [Server thread/DEBUG] [net.minecraftforge.common.ForgeConfigSpec/CORE]: The comment on key allowBlockClaim does not match the spec. This may create a backup.
[30Dec2025 03:04:02.725] [Server thread/WARN] [net.minecraftforge.common.ForgeConfigSpec/CORE]: Incorrect key reinforced_block_tint was corrected from null to its default, true. 
[30Dec2025 03:04:02.725] [Server thread/DEBUG] [net.minecraftforge.common.ForgeConfigSpec/CORE]: The comment on key reinforced_block_tint does not match the spec. This may create a backup.
[30Dec2025 03:04:02.726] [Server thread/WARN] [net.minecraftforge.common.ForgeConfigSpec/CORE]: Incorrect key force_reinforced_block_tint was corrected from null to its default, false. 
[30Dec2025 03:04:02.726] [Server thread/DEBUG] [net.minecraftforge.common.ForgeConfigSpec/CORE]: The comment on key force_reinforced_block_tint does not match the spec. This may create a backup.
[30Dec2025 03:04:02.727] [Server thread/WARN] [net.minecraftforge.common.ForgeConfigSpec/CORE]: Incorrect key retinalScannerFace was corrected from null to its default, true. 
[30Dec2025 03:04:02.727] [Server thread/DEBUG] [net.minecraftforge.common.ForgeConfigSpec/CORE]: The comment on key retinalScannerFace does not match the spec. This may create a backup.
[30Dec2025 03:04:02.728] [Server thread/WARN] [net.minecraftforge.common.ForgeConfigSpec/CORE]: Incorrect key enable_team_ownership was corrected from null to its default, false. 
[30Dec2025 03:04:02.728] [Server thread/DEBUG] [net.minecraftforge.common.ForgeConfigSpec/CORE]: The comment on key enable_team_ownership does not match the spec. This may create a backup.
[30Dec2025 03:04:02.728] [Server thread/DEBUG] [net.minecraftforge.common.ForgeConfigSpec/CORE]: List on key team_ownership_precedence is deemed to need correction, as it is null or not a list.
[30Dec2025 03:04:02.729] [Server thread/WARN] [net.minecraftforge.common.ForgeConfigSpec/CORE]: Incorrect key team_ownership_precedence was corrected from null to its default, [FTB_TEAMS, VANILLA]. 
[30Dec2025 03:04:02.729] [Server thread/DEBUG] [net.minecraftforge.common.ForgeConfigSpec/CORE]: The comment on key team_ownership_precedence does not match the spec. This may create a backup.
[30Dec2025 03:04:02.729] [Server thread/WARN] [net.minecraftforge.common.ForgeConfigSpec/CORE]: Incorrect key disable_thanks_message was corrected from null to its default, false. 
[30Dec2025 03:04:02.729] [Server thread/DEBUG] [net.minecraftforge.common.ForgeConfigSpec/CORE]: The comment on key disable_thanks_message does not match the spec. This may create a backup.
[30Dec2025 03:04:02.730] [Server thread/WARN] [net.minecraftforge.common.ForgeConfigSpec/CORE]: Incorrect key trick_scanners_with_player_heads was corrected from null to its default, false. 
[30Dec2025 03:04:02.730] [Server thread/DEBUG] [net.minecraftforge.common.ForgeConfigSpec/CORE]: The comment on key trick_scanners_with_player_heads does not match the spec. This may create a backup.
[30Dec2025 03:04:02.730] [Server thread/WARN] [net.minecraftforge.common.ForgeConfigSpec/CORE]: Incorrect key prevent_reinforced_floor_glitching was corrected from null to its default, false. 
[30Dec2025 03:04:02.731] [Server thread/DEBUG] [net.minecraftforge.common.ForgeConfigSpec/CORE]: The comment on key prevent_reinforced_floor_glitching does not match the spec. This may create a backup.
[30Dec2025 03:04:02.731] [Server thread/WARN] [net.minecraftforge.common.ForgeConfigSpec/CORE]: Incorrect key taser_damage was corrected from null to its default, 1.0. 
[30Dec2025 03:04:02.731] [Server thread/DEBUG] [net.minecraftforge.common.ForgeConfigSpec/CORE]: The comment on key taser_damage does not match the spec. This may create a backup.
[30Dec2025 03:04:02.731] [Server thread/WARN] [net.minecraftforge.common.ForgeConfigSpec/CORE]: Incorrect key powered_taser_damage was corrected from null to its default, 2.0. 
[30Dec2025 03:04:02.732] [Server thread/DEBUG] [net.minecraftforge.common.ForgeConfigSpec/CORE]: The comment on key powered_taser_damage does not match the spec. This may create a backup.
[30Dec2025 03:04:02.732] [Server thread/DEBUG] [net.minecraftforge.common.ForgeConfigSpec/CORE]: List on key taser_effects is deemed to need correction. It is null, not a list, or an empty list. Modders, consider defineListAllowEmpty?
[30Dec2025 03:04:02.732] [Server thread/WARN] [net.minecraftforge.common.ForgeConfigSpec/CORE]: Incorrect key taser_effects was corrected from null to its default, [minecraft:weakness|200|2, minecraft:nausea|200|2, minecraft:slowness|200|2]. 
[30Dec2025 03:04:02.732] [Server thread/DEBUG] [net.minecraftforge.common.ForgeConfigSpec/CORE]: The comment on key taser_effects does not match the spec. This may create a backup.
[30Dec2025 03:04:02.732] [Server thread/DEBUG] [net.minecraftforge.common.ForgeConfigSpec/CORE]: List on key powered_taser_effects is deemed to need correction. It is null, not a list, or an empty list. Modders, consider defineListAllowEmpty?
[30Dec2025 03:04:02.733] [Server thread/WARN] [net.minecraftforge.common.ForgeConfigSpec/CORE]: Incorrect key powered_taser_effects was corrected from null to its default, [minecraft:weakness|400|5, minecraft:nausea|400|5, minecraft:slowness|400|5]. 
[30Dec2025 03:04:02.733] [Server thread/DEBUG] [net.minecraftforge.common.ForgeConfigSpec/CORE]: The comment on key powered_taser_effects does not match the spec. This may create a backup.
[30Dec2025 03:04:02.733] [Server thread/WARN] [net.minecraftforge.common.ForgeConfigSpec/CORE]: Incorrect key laser_damage was corrected from null to its default, 10.0. 
[30Dec2025 03:04:02.734] [Server thread/DEBUG] [net.minecraftforge.common.ForgeConfigSpec/CORE]: The comment on key laser_damage does not match the spec. This may create a backup.
[30Dec2025 03:04:02.734] [Server thread/WARN] [net.minecraftforge.common.ForgeConfigSpec/CORE]: Incorrect key incorrectPasscodeDamage was corrected from null to its default, 4. 
[30Dec2025 03:04:02.734] [Server thread/DEBUG] [net.minecraftforge.common.ForgeConfigSpec/CORE]: The comment on key incorrectPasscodeDamage does not match the spec. This may create a backup.
[30Dec2025 03:04:02.735] [Server thread/WARN] [net.minecraftforge.common.ForgeConfigSpec/CORE]: Incorrect key sentry_bullet_damage was corrected from null to its default, 2. 
[30Dec2025 03:04:02.735] [Server thread/DEBUG] [net.minecraftforge.common.ForgeConfigSpec/CORE]: The comment on key sentry_bullet_damage does not match the spec. This may create a backup.
[30Dec2025 03:04:02.735] [Server thread/WARN] [net.minecraftforge.common.ForgeConfigSpec/CORE]: Incorrect key reinforced_suffocation_damage was corrected from null to its default, 5. 
[30Dec2025 03:04:02.735] [Server thread/DEBUG] [net.minecraftforge.common.ForgeConfigSpec/CORE]: The comment on key reinforced_suffocation_damage does not match the spec. This may create a backup.
[30Dec2025 03:04:02.736] [Server thread/WARN] [net.minecraftforge.common.ForgeConfigSpec/CORE]: Incorrect key allow_camera_night_vision was corrected from null to its default, true. 
[30Dec2025 03:04:02.736] [Server thread/DEBUG] [net.minecraftforge.common.ForgeConfigSpec/CORE]: The comment on key allow_camera_night_vision does not match the spec. This may create a backup.
[30Dec2025 03:04:02.737] [Server thread/WARN] [net.minecraftforge.common.ForgeConfigSpec/CORE]: Incorrect key passcode_check_cooldown was corrected from null to its default, 250. 
[30Dec2025 03:04:02.737] [Server thread/DEBUG] [net.minecraftforge.common.ForgeConfigSpec/CORE]: The comment on key passcode_check_cooldown does not match the spec. This may create a backup.
[30Dec2025 03:04:02.737] [Server thread/WARN] [net.minecraftforge.common.ForgeConfigSpec/CORE]: Incorrect key passcode_spam_log_warning_enabled was corrected from null to its default, true. 
[30Dec2025 03:04:02.738] [Server thread/DEBUG] [net.minecraftforge.common.ForgeConfigSpec/CORE]: The comment on key passcode_spam_log_warning_enabled does not match the spec. This may create a backup.
[30Dec2025 03:04:02.738] [Server thread/WARN] [net.minecraftforge.common.ForgeConfigSpec/CORE]: Incorrect key passcode_spam_log_warning was corrected from null to its default, Player "%1$s" tried to enter a passcode into "%2$s" at position [%3$s] too quickly!. 
[30Dec2025 03:04:02.739] [Server thread/DEBUG] [net.minecraftforge.common.ForgeConfigSpec/CORE]: The comment on key passcode_spam_log_warning does not match the spec. This may create a backup.
[30Dec2025 03:04:02.739] [Server thread/WARN] [net.minecraftforge.common.ForgeConfigSpec/CORE]: Incorrect key in_world_un_reinforcing was corrected from null to its default, true. 
[30Dec2025 03:04:02.739] [Server thread/DEBUG] [net.minecraftforge.common.ForgeConfigSpec/CORE]: The comment on key in_world_un_reinforcing does not match the spec. This may create a backup.
[30Dec2025 03:04:02.740] [Server thread/WARN] [net.minecraftforge.common.ForgeConfigSpec/CORE]: Incorrect key frame_feed_viewing_enabled was corrected from null to its default, true. 
[30Dec2025 03:04:02.740] [Server thread/DEBUG] [net.minecraftforge.common.ForgeConfigSpec/CORE]: The comment on key frame_feed_viewing_enabled does not match the spec. This may create a backup.
[30Dec2025 03:04:02.741] [Server thread/WARN] [net.minecraftforge.common.ForgeConfigSpec/CORE]: Incorrect key frame_feed_view_distance was corrected from null to its default, 16. 
[30Dec2025 03:04:02.741] [Server thread/DEBUG] [net.minecraftforge.common.ForgeConfigSpec/CORE]: The comment on key frame_feed_view_distance does not match the spec. This may create a backup.
[30Dec2025 03:04:02.741] [Server thread/WARN] [net.minecraftforge.common.ForgeConfigSpec/CORE]: Incorrect key frame_feed_forceloading_limit was corrected from null to its default, -1. 
[30Dec2025 03:04:02.742] [Server thread/DEBUG] [net.minecraftforge.common.ForgeConfigSpec/CORE]: The comment on key frame_feed_forceloading_limit does not match the spec. This may create a backup.
[30Dec2025 03:04:02.742] [Server thread/WARN] [net.minecraftforge.common.ForgeConfigSpec/CORE]: Incorrect key vanilla_tool_block_breaking was corrected from null to its default, true. 
[30Dec2025 03:04:02.742] [Server thread/DEBUG] [net.minecraftforge.common.ForgeConfigSpec/CORE]: The comment on key vanilla_tool_block_breaking does not match the spec. This may create a backup.
[30Dec2025 03:04:02.743] [Server thread/WARN] [net.minecraftforge.common.ForgeConfigSpec/CORE]: Incorrect key always_drop was corrected from null to its default, true. 
[30Dec2025 03:04:02.743] [Server thread/DEBUG] [net.minecraftforge.common.ForgeConfigSpec/CORE]: The comment on key always_drop does not match the spec. This may create a backup.
[30Dec2025 03:04:02.744] [Server thread/WARN] [net.minecraftforge.common.ForgeConfigSpec/CORE]: Incorrect key allow_breaking_non_owned_blocks was corrected from null to its default, false. 
[30Dec2025 03:04:02.744] [Server thread/DEBUG] [net.minecraftforge.common.ForgeConfigSpec/CORE]: The comment on key allow_breaking_non_owned_blocks does not match the spec. This may create a backup.
[30Dec2025 03:04:02.745] [Server thread/WARN] [net.minecraftforge.common.ForgeConfigSpec/CORE]: Incorrect key non_owned_breaking_slowdown was corrected from null to its default, 1.0. 
[30Dec2025 03:04:02.746] [Server thread/DEBUG] [net.minecraftforge.common.ForgeConfigSpec/CORE]: The comment on key non_owned_breaking_slowdown does not match the spec. This may create a backup.
[30Dec2025 03:04:02.746] [Server thread/DEBUG] [net.minecraftforge.common.ForgeConfigSpec/CORE]: List on key sentry_attackable_entities_allowlist is deemed to need correction, as it is null or not a list.
[30Dec2025 03:04:02.746] [Server thread/WARN] [net.minecraftforge.common.ForgeConfigSpec/CORE]: Incorrect key sentry_attackable_entities_allowlist was corrected from null to its default, []. 
[30Dec2025 03:04:02.746] [Server thread/DEBUG] [net.minecraftforge.common.ForgeConfigSpec/CORE]: The comment on key sentry_attackable_entities_allowlist does not match the spec. This may create a backup.
[30Dec2025 03:04:02.747] [Server thread/DEBUG] [net.minecraftforge.common.ForgeConfigSpec/CORE]: List on key sentry_attackable_entities_denylist is deemed to need correction, as it is null or not a list.
[30Dec2025 03:04:02.747] [Server thread/WARN] [net.minecraftforge.common.ForgeConfigSpec/CORE]: Incorrect key sentry_attackable_entities_denylist was corrected from null to its default, []. 
[30Dec2025 03:04:02.747] [Server thread/DEBUG] [net.minecraftforge.common.ForgeConfigSpec/CORE]: The comment on key sentry_attackable_entities_denylist does not match the spec. This may create a backup.
[30Dec2025 03:04:02.749] [Thread-3/DEBUG] [net.minecraftforge.fml.config.ConfigFileTypeHandler/CONFIG]: Config file securitycraft-server.toml changed, sending notifies
[30Dec2025 03:04:02.755] [Server thread/DEBUG] [mixin/]: Mixing accessor.BiomeSpecialEffectsBuilderForgeAccessor from puzzleslib.forge.mixins.json into net.minecraft.world.level.biome.BiomeSpecialEffects$Builder
[30Dec2025 03:04:02.797] [Server thread/INFO] [Framework/]: Loading server configs...
[30Dec2025 03:04:02.838] [Server thread/DEBUG] [SpectreLib/CONFIG]: Loading server configs from ./world/serverconfig on server
[30Dec2025 03:04:02.838] [Server thread/DEBUG] [SpectreLib/CONFIG]: Built TOML config for /workspaces/creacion1/servidor_minecraft/config/charmofundying-server.toml
[30Dec2025 03:04:02.839] [Server thread/DEBUG] [SpectreLib/CONFIG]: Loaded TOML config file /workspaces/creacion1/servidor_minecraft/config/charmofundying-server.toml
[30Dec2025 03:04:02.856] [Server thread/INFO] [net.minecraft.server.dedicated.DedicatedServer/]: Preparing level "world"
[30Dec2025 03:04:02.861] [Server thread/DEBUG] [net.minecraftforge.coremod.transformer.CoreModBaseTransformer/COREMOD]: Transforming net/minecraft/world/level/levelgen/PhantomSpawner
[30Dec2025 03:04:02.871] [Server thread/DEBUG] [net.minecraftforge.coremod.transformer.CoreModBaseTransformer/COREMOD]: Transforming net/minecraft/world/level/levelgen/PatrolSpawner
[30Dec2025 03:04:02.877] [Server thread/DEBUG] [net.minecraftforge.coremod.transformer.CoreModBaseTransformer/COREMOD]: Transforming net/minecraft/world/entity/npc/CatSpawner
[30Dec2025 03:04:02.882] [Server thread/DEBUG] [net.minecraftforge.coremod.transformer.CoreModBaseTransformer/COREMOD]: Transforming net/minecraft/world/entity/ai/village/VillageSiege
[30Dec2025 03:04:02.891] [Server thread/DEBUG] [mixin/]: Mixing ChunkLoadDebug from cupboard.mixins.json into net.minecraft.server.level.ServerChunkCache
[30Dec2025 03:04:02.898] [Server thread/DEBUG] [mixin/]: Mixing MapDataMixin from moonlight-common.mixins.json into net.minecraft.world.level.saveddata.maps.MapItemSavedData
[30Dec2025 03:04:02.899] [Server thread/DEBUG] [mixin/]: Renaming synthetic method lambda$save$3(Lnet/minecraft/nbt/CompoundTag;Lnet/minecraft/resources/ResourceLocation;Lnet/mehvahdjukaar/moonlight/api/map/CustomMapData;)V to md145b39$lambda$save$3$0 in moonlight-common.mixins.json:MapDataMixin
[30Dec2025 03:04:02.899] [Server thread/DEBUG] [mixin/]: Renaming synthetic method lambda$load$2(Lnet/minecraft/nbt/CompoundTag;Lnet/mehvahdjukaar/moonlight/api/map/CustomMapData;)V to md145b39$lambda$load$2$1 in moonlight-common.mixins.json:MapDataMixin
[30Dec2025 03:04:02.899] [Server thread/DEBUG] [mixin/]: Renaming synthetic method lambda$setCustomDataDirty$1(Lnet/mehvahdjukaar/moonlight/api/map/CustomMapData$Type;Ljava/util/function/Consumer;Lnet/minecraft/world/level/saveddata/maps/MapItemSavedData$HoldingPlayer;)V to md145b39$lambda$setCustomDataDirty$1$2 in moonlight-common.mixins.json:MapDataMixin
[30Dec2025 03:04:02.899] [Server thread/DEBUG] [mixin/]: Renaming synthetic method lambda$setCustomDecorationsDirty$0(Lnet/minecraft/world/level/saveddata/maps/MapItemSavedData$HoldingPlayer;)V to md145b39$lambda$setCustomDecorationsDirty$0$3 in moonlight-common.mixins.json:MapDataMixin
[30Dec2025 03:04:02.945] [Server thread/DEBUG] [Smooth Boot (Reloaded)/]: Replaced IO Executor
[30Dec2025 03:04:02.953] [Server thread/DEBUG] [mixin/]: Mixing DimensionDataStorageMixin from fastasyncworldsave.mixins.json into net.minecraft.world.level.storage.DimensionDataStorage
[30Dec2025 03:04:02.953] [Server thread/DEBUG] [mixin/]: Renaming synthetic method lambda$fastasyncworldsave$saveOffthread$0(Ljava/util/Map;)V to md145b39$lambda$fastasyncworldsave$saveOffthread$0$0 in fastasyncworldsave.mixins.json:DimensionDataStorageMixin
[30Dec2025 03:04:02.956] [Server thread/DEBUG] [mixin/]: Mixing DimensionDataStorageAccessor from structure_gel.mixins.json into net.minecraft.world.level.storage.DimensionDataStorage
[30Dec2025 03:04:02.961] [Server thread/DEBUG] [mixin/]: Mixing camera.ChunkMapMixin from securitycraft.mixins.json into net.minecraft.server.level.ChunkMap
[30Dec2025 03:04:02.962] [Server thread/DEBUG] [mixin/]: Renaming synthetic method lambda$securitycraft$onDropChunk$3(Lnet/minecraft/server/level/ServerPlayer;Lnet/minecraft/world/level/ChunkPos;Lnet/geforcemods/securitycraft/blockentities/SecurityCameraBlockEntity;)Z to md145b39$lambda$securitycraft$onDropChunk$3$0 in securitycraft.mixins.json:camera.ChunkMapMixin
[30Dec2025 03:04:02.962] [Server thread/DEBUG] [mixin/]: Renaming synthetic method lambda$securitycraft$sendChunksToCameras$2(Lnet/minecraft/server/level/ServerPlayer;Lnet/minecraft/world/level/ChunkPos;Lnet/geforcemods/securitycraft/blockentities/SecurityCameraBlockEntity;)Z to md145b39$lambda$securitycraft$sendChunksToCameras$2$1 in securitycraft.mixins.json:camera.ChunkMapMixin
[30Dec2025 03:04:02.962] [Server thread/DEBUG] [mixin/]: Renaming synthetic method lambda$securitycraft$trackCameraLoadedChunks$1(Lnet/minecraft/server/level/ServerPlayer;Lnet/minecraft/world/level/ChunkPos;Lnet/geforcemods/securitycraft/blockentities/SecurityCameraBlockEntity;)Z to md145b39$lambda$securitycraft$trackCameraLoadedChunks$1$2 in securitycraft.mixins.json:camera.ChunkMapMixin
[30Dec2025 03:04:02.962] [Server thread/DEBUG] [mixin/]: Renaming synthetic method lambda$securitycraft$trackCameraLoadedChunks$0(Lnet/minecraft/server/level/ServerPlayer;Lnet/geforcemods/securitycraft/blockentities/SecurityCameraBlockEntity;)Z to md145b39$lambda$securitycraft$trackCameraLoadedChunks$0$3 in securitycraft.mixins.json:camera.ChunkMapMixin
[30Dec2025 03:04:03.218] [Server thread/DEBUG] [mixin/]: Mixing reinforced.PortalForcerMixin from securitycraft.mixins.json into net.minecraft.world.level.portal.PortalForcer
[30Dec2025 03:04:03.284] [Server thread/DEBUG] [net.minecraftforge.coremod.transformer.CoreModBaseTransformer/COREMOD]: Transforming net/minecraft/world/level/levelgen/structure/templatesystem/StructureTemplate
[30Dec2025 03:04:03.336] [Server thread/DEBUG] [mixin/]: Mixing passcode.StructureTemplateMixin from securitycraft.mixins.json into net.minecraft.world.level.levelgen.structure.templatesystem.StructureTemplate
[30Dec2025 03:04:03.337] [Server thread/DEBUG] [mixin/]: Mixing MixinStructureTemplate from lootr.mixins.json into net.minecraft.world.level.levelgen.structure.templatesystem.StructureTemplate
[30Dec2025 03:04:03.338] [Server thread/DEBUG] [mixin/]: Mixing TemplateMixins$StructureTemplateMixin from structure_gel.mixins.json into net.minecraft.world.level.levelgen.structure.templatesystem.StructureTemplate
[30Dec2025 03:04:03.340] [Server thread/DEBUG] [mixin/]: Renaming synthetic method lambda$addGelProcessor_processBlockInfos$0(Lnet/minecraft/world/level/levelgen/structure/templatesystem/StructureTemplate$StructureBlockInfo;)Z to md145b39$lambda$addGelProcessor_processBlockInfos$0$0 in structure_gel.mixins.json:TemplateMixins$StructureTemplateMixin
[30Dec2025 03:04:03.344] [Server thread/DEBUG] [mixin/]: Mixing StructureTemplateAccessor from structure_gel.mixins.json into net.minecraft.world.level.levelgen.structure.templatesystem.StructureTemplate
[30Dec2025 03:04:03.389] [Server thread/DEBUG] [mixin/]: Mixing TemplateMixins$StructurePlaceSettingsMixin from structure_gel.mixins.json into net.minecraft.world.level.levelgen.structure.templatesystem.StructurePlaceSettings
[30Dec2025 03:04:03.425] [Server thread/DEBUG] [Smooth Boot (Reloaded)/]: Initialized IO-Worker-4
[30Dec2025 03:04:03.436] [IO-Worker-4/DEBUG] [Smooth Boot (Reloaded)/]: Initialized IO-Worker-5
[30Dec2025 03:04:03.481] [IO-Worker-4/DEBUG] [Smooth Boot (Reloaded)/]: Initialized IO-Worker-6
[30Dec2025 03:04:03.482] [IO-Worker-4/DEBUG] [Smooth Boot (Reloaded)/]: Initialized IO-Worker-7
[30Dec2025 03:04:06.202] [Server thread/DEBUG] [mixin/]: Mixing ChunkSectionMixin from noisium-common.mixins.json into net.minecraft.world.level.chunk.LevelChunkSection
[30Dec2025 03:04:06.212] [Server thread/DEBUG] [mixin/]: Mixing ThreadingDetectorMixin from cupboard.mixins.json into net.minecraft.util.ThreadingDetector
[30Dec2025 03:04:06.326] [Worker-Main-2/DEBUG] [mixin/]: Mixing ChainedBlockSourceMixin from noisium-common.mixins.json into net.minecraft.world.level.levelgen.material.MaterialRuleList
[30Dec2025 03:04:06.511] [IO-Worker-5/DEBUG] [Smooth Boot (Reloaded)/]: Initialized IO-Worker-8
[30Dec2025 03:04:06.621] [IO-Worker-6/DEBUG] [Smooth Boot (Reloaded)/]: Initialized IO-Worker-9
[30Dec2025 03:04:07.703] [Thread-3/DEBUG] [net.minecraftforge.fml.config.ConfigFileTypeHandler/CONFIG]: Config file lostcities-server.toml changed, sending notifies
[30Dec2025 03:04:07.703] [Thread-3/DEBUG] [net.minecraftforge.fml.config.ConfigFileTypeHandler/CONFIG]: Config file lostcities-server.toml changed, sending notifies
[30Dec2025 03:04:09.519] [Worker-Main-3/DEBUG] [net.minecraftforge.coremod.transformer.CoreModBaseTransformer/COREMOD]: Transforming net/minecraft/world/level/NaturalSpawner
[30Dec2025 03:04:10.985] [Server thread/DEBUG] [mixin/]: Mixing PacketDistributorHackMixin from moonlight.mixins.json into net.minecraftforge.network.PacketDistributor
[30Dec2025 03:04:10.997] [Server thread/DEBUG] [io.netty.buffer.AbstractByteBuf/]: -Dio.netty.buffer.checkAccessible: true
[30Dec2025 03:04:10.997] [Server thread/DEBUG] [io.netty.buffer.AbstractByteBuf/]: -Dio.netty.buffer.checkBounds: true
[30Dec2025 03:04:10.998] [Server thread/DEBUG] [io.netty.util.ResourceLeakDetectorFactory/]: Loaded default ResourceLeakDetector: io.netty.util.ResourceLeakDetector@27ecacf6
[30Dec2025 03:04:11.001] [Server thread/INFO] [incontrol/]: Reading rules from areas.json
[30Dec2025 03:04:11.007] [Server thread/INFO] [incontrol/]: Reading rules from spawn.json
[30Dec2025 03:04:11.008] [Server thread/INFO] [incontrol/]: Reading rules from summonaid.json
[30Dec2025 03:04:11.010] [Server thread/INFO] [incontrol/]: Reading rules from loot.json
[30Dec2025 03:04:11.011] [Server thread/INFO] [incontrol/]: Reading rules from experience.json
[30Dec2025 03:04:11.012] [Server thread/INFO] [incontrol/]: Reading rules from phases.json
[30Dec2025 03:04:11.013] [Server thread/INFO] [incontrol/]: Reading rules from effects.json
[30Dec2025 03:04:11.014] [Server thread/INFO] [incontrol/]: Reading rules from breakevents.json
[30Dec2025 03:04:11.015] [Server thread/INFO] [incontrol/]: Reading rules from placeevents.json
[30Dec2025 03:04:11.016] [Server thread/INFO] [incontrol/]: Reading rules from rightclicks.json
[30Dec2025 03:04:11.017] [Server thread/INFO] [incontrol/]: Reading rules from leftclicks.json
[30Dec2025 03:04:11.019] [Server thread/INFO] [incontrol/]: Reading rules from spawner.json
[30Dec2025 03:04:11.020] [Server thread/INFO] [incontrol/]: Reading rules from events.json
[30Dec2025 03:04:15.387] [Server thread/INFO] [net.minecraft.server.MinecraftServer/]: Preparing start region for dimension minecraft:overworld
[30Dec2025 03:04:15.391] [Server thread/INFO] [KubeJS Server/]: Server resource reload complete!
[30Dec2025 03:04:17.888] [Worker-Main-1/DEBUG] [io.netty.util.internal.ThreadLocalRandom/]: -Dio.netty.initialSeedUniquifier: 0x19dcf1c7f6e32119
[30Dec2025 03:04:20.386] [Worker-Main-2/WARN] [net.minecraft.world.entity.EntityType/]: Skipping Entity with id left__dead:stalker
[30Dec2025 03:04:20.599] [Server thread/DEBUG] [mixin/]: Mixing camera.TrackedEntityMixin from securitycraft.mixins.json into net.minecraft.server.level.ChunkMap$TrackedEntity
[30Dec2025 03:04:21.735] [Server thread/DEBUG] [mixin/]: Mixing FluidInteractionRegistryMixin from immersive_weathering.mixins.json into net.minecraftforge.fluids.FluidInteractionRegistry
[30Dec2025 03:04:21.735] [Server thread/DEBUG] [mixin/]: immersive_weathering.mixins.json:FluidInteractionRegistryMixin: Class version 61 required is higher than the class version supported by the current version of Mixin (JAVA_16 supports class version 60)
[30Dec2025 03:04:22.356] [Worker-Main-2/WARN] [net.minecraft.world.entity.EntityType/]: Skipping Entity with id left__dead:stalker
[30Dec2025 03:04:41.610] [Server thread/INFO] [net.minecraft.server.level.progress.LoggerChunkProgressListener/]: Time elapsed: 1536309 ms
[30Dec2025 03:04:41.610] [Server thread/INFO] [net.minecraft.server.dedicated.DedicatedServer/]: Done (38.958s)! For help, type "help"
[30Dec2025 03:04:41.618] [Server thread/DEBUG] [net.minecraftforge.network.DualStackUtils/]: Detected IPv6 address: "0:0:0:0:0:0:0:0"
[30Dec2025 03:04:41.644] [Server thread/DEBUG] [net.minecraftforge.common.ForgeI18n/CORE]: Loading I18N data entries: 6886
[30Dec2025 03:04:41.647] [Server thread/INFO] [net.minecraftforge.server.permission.PermissionAPI/]: Successfully initialized permission handler forge:default_handler
[30Dec2025 03:04:41.649] [Server thread/INFO] [com.technicboyman.nobz.nobabyzombies1_20_1forge.Nobabyzombies1_20_1forge/]: HELLO from server starting
[30Dec2025 03:04:41.652] [Server thread/INFO] [com.cupboard.Cupboard/]: Loaded config for: forgivingworld.json
[30Dec2025 03:04:41.653] [Server thread/INFO] [com.cupboard.Cupboard/]: Loaded config for: betterfpsdist.json
[30Dec2025 03:04:41.658] [Server thread/INFO] [patchouli/]: Sending reload packet to clients
[30Dec2025 03:04:41.713] [Server thread/DEBUG] [Mob Sunscreen/]: Loaded com.kreezcraft.mobsunscreen.platform.ForgePlatformHelper@6b223c25 for service interface com.kreezcraft.mobsunscreen.platform.services.IPlatformHelper
[30Dec2025 03:04:42.366] [Server thread/DEBUG] [mixin/]: Mixing ClientboundSetEntityMotionPacketMixin from mixins.cofhcore.json into net.minecraft.network.protocol.game.ClientboundSetEntityMotionPacket
[30Dec2025 03:04:45.032] [Server thread/DEBUG] [mixin/]: Mixing MixinChunkSerializer from architectury.mixins.json into net.minecraft.world.level.chunk.storage.ChunkSerializer
[30Dec2025 03:04:45.033] [Server thread/DEBUG] [mixin/]: Mixing chunk.MixinChunkSerializer from corgilib-common.mixins.json into net.minecraft.world.level.chunk.storage.ChunkSerializer
[30Dec2025 03:07:32.709] [Worker-Main-1/DEBUG] [Smooth Boot (Reloaded)/]: Worker-Main-1 shutdown
[30Dec2025 03:08:08.271] [Netty Epoll Server IO #2/DEBUG] [mixin/]: Mixing Varint21FrameDecoderMixin from packetfixer-common.mixins.json into net.minecraft.network.Varint21FrameDecoder
[30Dec2025 03:08:08.276] [Netty Epoll Server IO #1/DEBUG] [mixin/]: Mixing Varint21LengthFieldPrependerMixin from packetfixer-common.mixins.json into net.minecraft.network.Varint21LengthFieldPrepender
[30Dec2025 03:08:08.279] [Netty Epoll Server IO #1/DEBUG] [mixin/]: Mixing PacketEncoderMixin from packetfixer-common.mixins.json into net.minecraft.network.PacketEncoder
[30Dec2025 03:08:08.311] [Netty Epoll Server IO #2/DEBUG] [mixin/]: Mixing MapItemDataPacketMixin from moonlight-common.mixins.json into net.minecraft.network.protocol.game.ClientboundMapItemDataPacket
[30Dec2025 03:08:08.312] [Netty Epoll Server IO #2/DEBUG] [mixin/]: Renaming synthetic method lambda$moonlight$sendCustomDecorations$1(I)[Lnet/mehvahdjukaar/moonlight/api/map/CustomMapDecoration; to md145b39$lambda$moonlight$sendCustomDecorations$1$0 in moonlight-common.mixins.json:MapItemDataPacketMixin
[30Dec2025 03:08:08.312] [Netty Epoll Server IO #2/DEBUG] [mixin/]: Renaming synthetic method lambda$moonlight$sendCustomDecorations$0(Lnet/minecraft/network/FriendlyByteBuf;Lnet/mehvahdjukaar/moonlight/api/map/CustomMapDecoration;)Lnet/mehvahdjukaar/moonlight/api/map/CustomMapDecoration; to md145b39$lambda$moonlight$sendCustomDecorations$0$1 in moonlight-common.mixins.json:MapItemDataPacketMixin
[30Dec2025 03:08:08.402] [Netty Epoll Server IO #2/DEBUG] [io.netty.util.Recycler/]: -Dio.netty.recycler.maxCapacityPerThread: 4096
[30Dec2025 03:08:08.402] [Netty Epoll Server IO #2/DEBUG] [io.netty.util.Recycler/]: -Dio.netty.recycler.ratio: 8
[30Dec2025 03:08:08.402] [Netty Epoll Server IO #2/DEBUG] [io.netty.util.Recycler/]: -Dio.netty.recycler.chunkSize: 32
[30Dec2025 03:08:08.402] [Netty Epoll Server IO #2/DEBUG] [io.netty.util.Recycler/]: -Dio.netty.recycler.blocking: false
[30Dec2025 03:08:12.171] [Netty Epoll Server IO #3/DEBUG] [net.minecraftforge.network.HandshakeHandler/FMLHANDSHAKE]: Starting new modded impl connection. Found 32 messages to dispatch.
[30Dec2025 03:08:12.309] [Server thread/DEBUG] [net.minecraftforge.network.HandshakeHandler/FMLHANDSHAKE]: Sending ticking packet info 'com.tacz.guns.network.message.handshake.ServerMessageSyncedEntityDataMapping' to 'tacz:handshake' sequence 0
[30Dec2025 03:08:12.359] [Server thread/DEBUG] [net.minecraftforge.network.HandshakeHandler/FMLHANDSHAKE]: Sending ticking packet info 'net.minecraftforge.network.HandshakeMessages$S2CModData' to 'fml:handshake' sequence 1
[30Dec2025 03:08:12.409] [Server thread/DEBUG] [net.minecraftforge.network.HandshakeHandler/FMLHANDSHAKE]: Sending ticking packet info 'net.minecraftforge.network.HandshakeMessages$S2CModList' to 'fml:handshake' sequence 2
[30Dec2025 03:08:12.459] [Server thread/DEBUG] [net.minecraftforge.network.HandshakeHandler/FMLHANDSHAKE]: Sending ticking packet info 'Registry minecraft:command_argument_type' to 'fml:handshake' sequence 3
[30Dec2025 03:08:12.509] [Server thread/DEBUG] [net.minecraftforge.network.HandshakeHandler/FMLHANDSHAKE]: Sending ticking packet info 'Registry minecraft:recipe_serializer' to 'fml:handshake' sequence 4
[30Dec2025 03:08:12.527] [Netty Epoll Server IO #3/DEBUG] [net.minecraftforge.network.LoginWrapper/FMLHANDSHAKE]: Recieved login wrapper packet event for channel tacz:handshake with index 0
[30Dec2025 03:08:12.528] [Netty Epoll Server IO #3/DEBUG] [net.minecraftforge.network.HandshakeHandler/FMLHANDSHAKE]: Received client indexed reply 0 of type com.tacz.guns.network.message.handshake.Acknowledge
[30Dec2025 03:08:12.528] [Netty Epoll Server IO #3/DEBUG] [tacz/HANDSHAKE_ACKNOWLEDGE]: Received acknowledgement from client
[30Dec2025 03:08:12.560] [Server thread/DEBUG] [net.minecraftforge.network.HandshakeHandler/FMLHANDSHAKE]: Sending ticking packet info 'Registry minecraft:sound_event' to 'fml:handshake' sequence 5
[30Dec2025 03:08:12.573] [Netty Epoll Server IO #3/DEBUG] [net.minecraftforge.network.LoginWrapper/FMLHANDSHAKE]: Recieved login wrapper packet event for channel fml:handshake with index 2
[30Dec2025 03:08:12.574] [Netty Epoll Server IO #3/DEBUG] [net.minecraftforge.network.HandshakeHandler/FMLHANDSHAKE]: Received client indexed reply 2 of type net.minecraftforge.network.HandshakeMessages$C2SModListReply
[30Dec2025 03:08:12.574] [Netty Epoll Server IO #3/DEBUG] [net.minecraftforge.network.HandshakeHandler/FMLHANDSHAKE]: Received client connection with modlist [auudio, almanac, geckolib, playeranimator, incontrol, insanelib, configurableextramobdrops, controlling, placebo, citadel, mixinextras, bookshelf, uteamcore, melody, jeresources, cloth_config, konkrete, embeddium, rubidium, athena, structure_gel, corpse, tenshilib, gml, dimension_access_manager, overworld_netherite_ore, curios, patchouli, itemblacklist, collective, commongroovylibrary, searchables, noisium, lostcities, pointblank, resourcefullib, atlaslib, starterkit, scalingmobs, architectury, nerb, pandalib, cupboard, firstjoinmessage, dynamic_fps, unilib, framework, letmedespawn, no_ruined_nether_portals, craftpresence, rhino, fastload, mutantmonsters, mca, nonetherportal, octolib, fastboot, jei, kubejs, tacz, immersive_weathering, keerdm_zombie_essentials, nobabyzombies1_20_1forge, marbledsarsenal, clumps, fastasyncworldsave, forgivingworld, mcore, glitchcore, badmobs, better_mob_food, puzzlesaccessapi, forge, drippyloadingscreen, minecraft, cw_additions, the_deep_void, cofh_core, moonlight, mousetweaks, creativecore, spectrelib, corgilib, smoothboot, last_of_us, fastpaintings, betterfpsdist, kotlinforforge, marbledsmelees, mobsunscreen, fastbench, polymorph, securitycraft, better_zombie_drops, entityculling, fancymenu, immediatelyfast, coroutil, fastfurnace, lootr, ferritecore, puzzleslib, justzoom, charmofundying, packetfixer, openloader]
[30Dec2025 03:08:12.575] [Netty Epoll Server IO #3/DEBUG] [net.minecraftforge.network.NetworkRegistry/NETREGISTRY]: Channel 'structure_gel:main' : Version test of '7' from client : ACCEPTED
[30Dec2025 03:08:12.575] [Netty Epoll Server IO #3/DEBUG] [net.minecraftforge.network.NetworkRegistry/NETREGISTRY]: Channel 'pointblank:pointblank' : Version test of '1' from client : ACCEPTED
[30Dec2025 03:08:12.575] [Netty Epoll Server IO #3/DEBUG] [net.minecraftforge.network.NetworkRegistry/NETREGISTRY]: Channel 'jei:channel' : Version test of '1.0.0' from client : ACCEPTED
[30Dec2025 03:08:12.575] [Netty Epoll Server IO #3/DEBUG] [net.minecraftforge.network.NetworkRegistry/NETREGISTRY]: Channel 'minecraft:unregister' : Version test of 'FML3' from client : ACCEPTED
[30Dec2025 03:08:12.575] [Netty Epoll Server IO #3/DEBUG] [net.minecraftforge.network.NetworkRegistry/NETREGISTRY]: Channel 'corgilib:network' : Version test of '1' from client : ACCEPTED
[30Dec2025 03:08:12.575] [Netty Epoll Server IO #3/DEBUG] [net.minecraftforge.network.NetworkRegistry/NETREGISTRY]: Channel 'framework:play' : Version test of '1' from client : ACCEPTED
[30Dec2025 03:08:12.575] [Netty Epoll Server IO #3/DEBUG] [net.minecraftforge.network.NetworkRegistry/NETREGISTRY]: Channel 'tacz:handshake' : Version test of '1.0.3' from client : ACCEPTED
[30Dec2025 03:08:12.575] [Netty Epoll Server IO #3/DEBUG] [net.minecraftforge.network.NetworkRegistry/NETREGISTRY]: Channel 'better_zombie_drops:better_zombie_drops' : Version test of '1' from client : ACCEPTED
[30Dec2025 03:08:12.575] [Netty Epoll Server IO #3/DEBUG] [net.minecraftforge.network.NetworkRegistry/NETREGISTRY]: Channel 'cofh_core:general' : Version test of '1' from client : ACCEPTED
[30Dec2025 03:08:12.575] [Netty Epoll Server IO #3/DEBUG] [net.minecraftforge.network.NetworkRegistry/NETREGISTRY]: Channel 'fastbench:channel' : Version test of '4.6.0' from client : ACCEPTED
[30Dec2025 03:08:12.575] [Netty Epoll Server IO #3/DEBUG] [net.minecraftforge.network.NetworkRegistry/NETREGISTRY]: Channel 'the_deep_void:the_deep_void' : Version test of '1' from client : ACCEPTED
[30Dec2025 03:08:12.576] [Netty Epoll Server IO #3/DEBUG] [net.minecraftforge.network.NetworkRegistry/NETREGISTRY]: Channel 'forge:tier_sorting' : Version test of '1.0' from client : ACCEPTED
[30Dec2025 03:08:12.576] [Netty Epoll Server IO #3/DEBUG] [net.minecraftforge.network.NetworkRegistry/NETREGISTRY]: Channel 'spectrelib:main' : Version test of '1' from client : ACCEPTED
[30Dec2025 03:08:12.576] [Netty Epoll Server IO #3/DEBUG] [net.minecraftforge.network.NetworkRegistry/NETREGISTRY]: Channel 'starterkit:to_client_select_first_slot_packet' : Version test of '1' from client : ACCEPTED
[30Dec2025 03:08:12.576] [Netty Epoll Server IO #3/DEBUG] [net.minecraftforge.network.NetworkRegistry/NETREGISTRY]: Channel 'last_of_us:last_of_us' : Version test of '1' from client : ACCEPTED
[30Dec2025 03:08:12.576] [Netty Epoll Server IO #3/DEBUG] [net.minecraftforge.network.NetworkRegistry/NETREGISTRY]: Channel 'fml:play' : Version test of 'FML3' from client : ACCEPTED
[30Dec2025 03:08:12.576] [Netty Epoll Server IO #3/DEBUG] [net.minecraftforge.network.NetworkRegistry/NETREGISTRY]: Channel 'creativecore:main' : Version test of '1' from client : ACCEPTED
[30Dec2025 03:08:12.576] [Netty Epoll Server IO #3/DEBUG] [net.minecraftforge.network.NetworkRegistry/NETREGISTRY]: Channel 'tenshilib:packets' : Version test of '1' from client : ACCEPTED
[30Dec2025 03:08:12.576] [Netty Epoll Server IO #3/DEBUG] [net.minecraftforge.network.NetworkRegistry/NETREGISTRY]: Channel 'insanelib:simple_channel' : Version test of '1' from client : ACCEPTED
[30Dec2025 03:08:12.576] [Netty Epoll Server IO #3/DEBUG] [net.minecraftforge.network.NetworkRegistry/NETREGISTRY]: Channel 'immersive_weathering:channel' : Version test of '0' from client : ACCEPTED
[30Dec2025 03:08:12.576] [Netty Epoll Server IO #3/DEBUG] [net.minecraftforge.network.NetworkRegistry/NETREGISTRY]: Channel 'lootr:main_network_channel' : Version test of '2' from client : ACCEPTED
[30Dec2025 03:08:12.576] [Netty Epoll Server IO #3/DEBUG] [net.minecraftforge.network.NetworkRegistry/NETREGISTRY]: Channel 'minecraft:register' : Version test of 'FML3' from client : ACCEPTED
[30Dec2025 03:08:12.576] [Netty Epoll Server IO #3/DEBUG] [net.minecraftforge.network.NetworkRegistry/NETREGISTRY]: Channel 'mutantmonsters:1' : Version test of '1' from client : ACCEPTED
[30Dec2025 03:08:12.576] [Netty Epoll Server IO #3/DEBUG] [net.minecraftforge.network.NetworkRegistry/NETREGISTRY]: Channel 'geckolib:main' : Version test of '1' from client : ACCEPTED
[30Dec2025 03:08:12.576] [Netty Epoll Server IO #3/DEBUG] [net.minecraftforge.network.NetworkRegistry/NETREGISTRY]: Channel 'moonlight:channel' : Version test of '0' from client : ACCEPTED
[30Dec2025 03:08:12.576] [Netty Epoll Server IO #3/DEBUG] [net.minecraftforge.network.NetworkRegistry/NETREGISTRY]: Channel 'corpse:default' : Version test of '1.0.0' from client : ACCEPTED
[30Dec2025 03:08:12.576] [Netty Epoll Server IO #3/DEBUG] [net.minecraftforge.network.NetworkRegistry/NETREGISTRY]: Channel 'architectury:network' : Version test of '1' from client : ACCEPTED
[30Dec2025 03:08:12.576] [Netty Epoll Server IO #3/DEBUG] [net.minecraftforge.network.NetworkRegistry/NETREGISTRY]: Channel 'starterkit:to_client_ask_if_mod_is_installed_packet' : Version test of '1' from client : ACCEPTED
[30Dec2025 03:08:12.576] [Netty Epoll Server IO #3/DEBUG] [net.minecraftforge.network.NetworkRegistry/NETREGISTRY]: Channel 'charmofundying:main' : Version test of '1' from client : ACCEPTED
[30Dec2025 03:08:12.576] [Netty Epoll Server IO #3/DEBUG] [net.minecraftforge.network.NetworkRegistry/NETREGISTRY]: Channel 'starterkit:to_server_send_kit_choice_packet' : Version test of '1' from client : ACCEPTED
[30Dec2025 03:08:12.576] [Netty Epoll Server IO #3/DEBUG] [net.minecraftforge.network.NetworkRegistry/NETREGISTRY]: Channel 'citadel:main_channel' : Version test of '1' from client : ACCEPTED
[30Dec2025 03:08:12.576] [Netty Epoll Server IO #3/DEBUG] [net.minecraftforge.network.NetworkRegistry/NETREGISTRY]: Channel 'overworld_netherite_ore:overworld_netherite_ore' : Version test of '1' from client : ACCEPTED
[30Dec2025 03:08:12.576] [Netty Epoll Server IO #3/DEBUG] [net.minecraftforge.network.NetworkRegistry/NETREGISTRY]: Channel 'puzzleslib:1' : Version test of '1' from client : ACCEPTED
[30Dec2025 03:08:12.576] [Netty Epoll Server IO #3/DEBUG] [net.minecraftforge.network.NetworkRegistry/NETREGISTRY]: Channel 'securitycraft:securitycraft' : Version test of 'v1.10.1' from client : ACCEPTED
[30Dec2025 03:08:12.576] [Netty Epoll Server IO #3/DEBUG] [net.minecraftforge.network.NetworkRegistry/NETREGISTRY]: Channel 'lostcities:lostcities' : Version test of '1.0' from client : ACCEPTED
[30Dec2025 03:08:12.576] [Netty Epoll Server IO #3/DEBUG] [net.minecraftforge.network.NetworkRegistry/NETREGISTRY]: Channel 'uteamcore:network_forge' : Version test of '1.20.1-1' from client : ACCEPTED
[30Dec2025 03:08:12.576] [Netty Epoll Server IO #3/DEBUG] [net.minecraftforge.network.NetworkRegistry/NETREGISTRY]: Channel 'better_mob_food:better_mob_food' : Version test of '1' from client : ACCEPTED
[30Dec2025 03:08:12.576] [Netty Epoll Server IO #3/DEBUG] [net.minecraftforge.network.NetworkRegistry/NETREGISTRY]: Channel 'cw_additions:cw_additions' : Version test of '1' from client : ACCEPTED
[30Dec2025 03:08:12.576] [Netty Epoll Server IO #3/DEBUG] [net.minecraftforge.network.NetworkRegistry/NETREGISTRY]: Channel 'fancymenu:play' : Version test of '1' from client : ACCEPTED
[30Dec2025 03:08:12.577] [Netty Epoll Server IO #3/DEBUG] [net.minecraftforge.network.NetworkRegistry/NETREGISTRY]: Channel 'curios:main' : Version test of '1' from client : ACCEPTED
[30Dec2025 03:08:12.577] [Netty Epoll Server IO #3/DEBUG] [net.minecraftforge.network.NetworkRegistry/NETREGISTRY]: Channel 'placebo:placebo' : Version test of '1.0.0' from client : ACCEPTED
[30Dec2025 03:08:12.577] [Netty Epoll Server IO #3/DEBUG] [net.minecraftforge.network.NetworkRegistry/NETREGISTRY]: Channel 'starterkit:to_server_announce_mod_is_installed_packet' : Version test of '1' from client : ACCEPTED
[30Dec2025 03:08:12.577] [Netty Epoll Server IO #3/DEBUG] [net.minecraftforge.network.NetworkRegistry/NETREGISTRY]: Channel 'polymorph:main' : Version test of '1' from client : ACCEPTED
[30Dec2025 03:08:12.577] [Netty Epoll Server IO #3/DEBUG] [net.minecraftforge.network.NetworkRegistry/NETREGISTRY]: Channel 'framework:handshake' : Version test of '1' from client : ACCEPTED
[30Dec2025 03:08:12.577] [Netty Epoll Server IO #3/DEBUG] [net.minecraftforge.network.NetworkRegistry/NETREGISTRY]: Channel 'starterkit:to_client_receive_kit_data_packet' : Version test of '1' from client : ACCEPTED
[30Dec2025 03:08:12.577] [Netty Epoll Server IO #3/DEBUG] [net.minecraftforge.network.NetworkRegistry/NETREGISTRY]: Channel 'fml:loginwrapper' : Version test of 'FML3' from client : ACCEPTED
[30Dec2025 03:08:12.577] [Netty Epoll Server IO #3/DEBUG] [net.minecraftforge.network.NetworkRegistry/NETREGISTRY]: Channel 'mca:main' : Version test of '1' from client : ACCEPTED
[30Dec2025 03:08:12.577] [Netty Epoll Server IO #3/DEBUG] [net.minecraftforge.network.NetworkRegistry/NETREGISTRY]: Channel 'patchouli:main' : Version test of '1' from client : ACCEPTED
[30Dec2025 03:08:12.577] [Netty Epoll Server IO #3/DEBUG] [net.minecraftforge.network.NetworkRegistry/NETREGISTRY]: Channel 'uteamcore:network' : Version test of '1.20.1-1' from client : ACCEPTED
[30Dec2025 03:08:12.577] [Netty Epoll Server IO #3/DEBUG] [net.minecraftforge.network.NetworkRegistry/NETREGISTRY]: Channel 'fml:handshake' : Version test of 'FML3' from client : ACCEPTED
[30Dec2025 03:08:12.577] [Netty Epoll Server IO #3/DEBUG] [net.minecraftforge.network.NetworkRegistry/NETREGISTRY]: Channel 'forge:split' : Version test of '1.1' from client : ACCEPTED
[30Dec2025 03:08:12.577] [Netty Epoll Server IO #3/DEBUG] [net.minecraftforge.network.NetworkRegistry/NETREGISTRY]: Channel 'tacz:network' : Version test of '1.0.3' from client : ACCEPTED
[30Dec2025 03:08:12.577] [Netty Epoll Server IO #3/DEBUG] [net.minecraftforge.network.NetworkRegistry/NETREGISTRY]: Accepting channel list from client
[30Dec2025 03:08:12.578] [Netty Epoll Server IO #3/DEBUG] [net.minecraftforge.network.HandshakeHandler/FMLHANDSHAKE]: Accepted client connection mod list
[30Dec2025 03:08:12.609] [Server thread/DEBUG] [net.minecraftforge.network.HandshakeHandler/FMLHANDSHAKE]: Sending ticking packet info 'Registry minecraft:particle_type' to 'fml:handshake' sequence 6
[30Dec2025 03:08:12.622] [Netty Epoll Server IO #3/DEBUG] [net.minecraftforge.network.LoginWrapper/FMLHANDSHAKE]: Recieved login wrapper packet event for channel fml:handshake with index 3
[30Dec2025 03:08:12.623] [Netty Epoll Server IO #3/DEBUG] [net.minecraftforge.network.HandshakeHandler/FMLHANDSHAKE]: Received client indexed reply 3 of type net.minecraftforge.network.HandshakeMessages$C2SAcknowledge
[30Dec2025 03:08:12.623] [Netty Epoll Server IO #3/DEBUG] [net.minecraftforge.network.HandshakeHandler/FMLHANDSHAKE]: Received acknowledgement from client
[30Dec2025 03:08:12.659] [Server thread/DEBUG] [net.minecraftforge.network.HandshakeHandler/FMLHANDSHAKE]: Sending ticking packet info 'Registry minecraft:villager_profession' to 'fml:handshake' sequence 7
[30Dec2025 03:08:12.687] [Netty Epoll Server IO #3/DEBUG] [net.minecraftforge.network.LoginWrapper/FMLHANDSHAKE]: Recieved login wrapper packet event for channel fml:handshake with index 4
[30Dec2025 03:08:12.687] [Netty Epoll Server IO #3/DEBUG] [net.minecraftforge.network.HandshakeHandler/FMLHANDSHAKE]: Received client indexed reply 4 of type net.minecraftforge.network.HandshakeMessages$C2SAcknowledge
[30Dec2025 03:08:12.687] [Netty Epoll Server IO #3/DEBUG] [net.minecraftforge.network.HandshakeHandler/FMLHANDSHAKE]: Received acknowledgement from client
[30Dec2025 03:08:12.709] [Server thread/DEBUG] [net.minecraftforge.network.HandshakeHandler/FMLHANDSHAKE]: Sending ticking packet info 'Registry minecraft:item' to 'fml:handshake' sequence 8
[30Dec2025 03:08:12.759] [Server thread/DEBUG] [net.minecraftforge.network.HandshakeHandler/FMLHANDSHAKE]: Sending ticking packet info 'Registry minecraft:potion' to 'fml:handshake' sequence 9
[30Dec2025 03:08:12.810] [Server thread/DEBUG] [net.minecraftforge.network.HandshakeHandler/FMLHANDSHAKE]: Sending ticking packet info 'Registry minecraft:painting_variant' to 'fml:handshake' sequence 10
[30Dec2025 03:08:12.860] [Server thread/DEBUG] [net.minecraftforge.network.HandshakeHandler/FMLHANDSHAKE]: Sending ticking packet info 'Registry forge:fluid_type' to 'fml:handshake' sequence 11
[30Dec2025 03:08:12.909] [Server thread/DEBUG] [net.minecraftforge.network.HandshakeHandler/FMLHANDSHAKE]: Sending ticking packet info 'Registry minecraft:block_entity_type' to 'fml:handshake' sequence 12
[30Dec2025 03:08:12.912] [Netty Epoll Server IO #3/DEBUG] [net.minecraftforge.network.LoginWrapper/FMLHANDSHAKE]: Recieved login wrapper packet event for channel fml:handshake with index 5
[30Dec2025 03:08:12.913] [Netty Epoll Server IO #3/DEBUG] [net.minecraftforge.network.HandshakeHandler/FMLHANDSHAKE]: Received client indexed reply 5 of type net.minecraftforge.network.HandshakeMessages$C2SAcknowledge
[30Dec2025 03:08:12.913] [Netty Epoll Server IO #3/DEBUG] [net.minecraftforge.network.HandshakeHandler/FMLHANDSHAKE]: Received acknowledgement from client
[30Dec2025 03:08:12.919] [Netty Epoll Server IO #3/DEBUG] [net.minecraftforge.network.LoginWrapper/FMLHANDSHAKE]: Recieved login wrapper packet event for channel fml:handshake with index 6
[30Dec2025 03:08:12.920] [Netty Epoll Server IO #3/DEBUG] [net.minecraftforge.network.HandshakeHandler/FMLHANDSHAKE]: Received client indexed reply 6 of type net.minecraftforge.network.HandshakeMessages$C2SAcknowledge
[30Dec2025 03:08:12.920] [Netty Epoll Server IO #3/DEBUG] [net.minecraftforge.network.HandshakeHandler/FMLHANDSHAKE]: Received acknowledgement from client
[30Dec2025 03:08:12.920] [Netty Epoll Server IO #3/DEBUG] [net.minecraftforge.network.LoginWrapper/FMLHANDSHAKE]: Recieved login wrapper packet event for channel fml:handshake with index 7
[30Dec2025 03:08:12.920] [Netty Epoll Server IO #3/DEBUG] [net.minecraftforge.network.HandshakeHandler/FMLHANDSHAKE]: Received client indexed reply 7 of type net.minecraftforge.network.HandshakeMessages$C2SAcknowledge
[30Dec2025 03:08:12.920] [Netty Epoll Server IO #3/DEBUG] [net.minecraftforge.network.HandshakeHandler/FMLHANDSHAKE]: Received acknowledgement from client
[30Dec2025 03:08:12.959] [Server thread/DEBUG] [net.minecraftforge.network.HandshakeHandler/FMLHANDSHAKE]: Sending ticking packet info 'Registry forge:display_contexts' to 'fml:handshake' sequence 13
[30Dec2025 03:08:13.009] [Server thread/DEBUG] [net.minecraftforge.network.HandshakeHandler/FMLHANDSHAKE]: Sending ticking packet info 'Registry minecraft:block' to 'fml:handshake' sequence 14
[30Dec2025 03:08:13.059] [Server thread/DEBUG] [net.minecraftforge.network.HandshakeHandler/FMLHANDSHAKE]: Sending ticking packet info 'Registry forge:entity_data_serializers' to 'fml:handshake' sequence 15
[30Dec2025 03:08:13.109] [Server thread/DEBUG] [net.minecraftforge.network.HandshakeHandler/FMLHANDSHAKE]: Sending ticking packet info 'Registry minecraft:mob_effect' to 'fml:handshake' sequence 16
[30Dec2025 03:08:13.159] [Server thread/DEBUG] [net.minecraftforge.network.HandshakeHandler/FMLHANDSHAKE]: Sending ticking packet info 'Registry minecraft:stat_type' to 'fml:handshake' sequence 17
[30Dec2025 03:08:13.196] [Netty Epoll Server IO #3/DEBUG] [net.minecraftforge.network.LoginWrapper/FMLHANDSHAKE]: Recieved login wrapper packet event for channel fml:handshake with index 8
[30Dec2025 03:08:13.196] [Netty Epoll Server IO #3/DEBUG] [net.minecraftforge.network.HandshakeHandler/FMLHANDSHAKE]: Received client indexed reply 8 of type net.minecraftforge.network.HandshakeMessages$C2SAcknowledge
[30Dec2025 03:08:13.196] [Netty Epoll Server IO #3/DEBUG] [net.minecraftforge.network.HandshakeHandler/FMLHANDSHAKE]: Received acknowledgement from client
[30Dec2025 03:08:13.197] [Netty Epoll Server IO #3/DEBUG] [net.minecraftforge.network.LoginWrapper/FMLHANDSHAKE]: Recieved login wrapper packet event for channel fml:handshake with index 9
[30Dec2025 03:08:13.197] [Netty Epoll Server IO #3/DEBUG] [net.minecraftforge.network.HandshakeHandler/FMLHANDSHAKE]: Received client indexed reply 9 of type net.minecraftforge.network.HandshakeMessages$C2SAcknowledge
[30Dec2025 03:08:13.197] [Netty Epoll Server IO #3/DEBUG] [net.minecraftforge.network.HandshakeHandler/FMLHANDSHAKE]: Received acknowledgement from client
[30Dec2025 03:08:13.197] [Netty Epoll Server IO #3/DEBUG] [net.minecraftforge.network.LoginWrapper/FMLHANDSHAKE]: Recieved login wrapper packet event for channel fml:handshake with index 10
[30Dec2025 03:08:13.197] [Netty Epoll Server IO #3/DEBUG] [net.minecraftforge.network.HandshakeHandler/FMLHANDSHAKE]: Received client indexed reply 10 of type net.minecraftforge.network.HandshakeMessages$C2SAcknowledge
[30Dec2025 03:08:13.197] [Netty Epoll Server IO #3/DEBUG] [net.minecraftforge.network.HandshakeHandler/FMLHANDSHAKE]: Received acknowledgement from client
[30Dec2025 03:08:13.197] [Netty Epoll Server IO #3/DEBUG] [net.minecraftforge.network.LoginWrapper/FMLHANDSHAKE]: Recieved login wrapper packet event for channel fml:handshake with index 11
[30Dec2025 03:08:13.197] [Netty Epoll Server IO #3/DEBUG] [net.minecraftforge.network.HandshakeHandler/FMLHANDSHAKE]: Received client indexed reply 11 of type net.minecraftforge.network.HandshakeMessages$C2SAcknowledge
[30Dec2025 03:08:13.197] [Netty Epoll Server IO #3/DEBUG] [net.minecraftforge.network.HandshakeHandler/FMLHANDSHAKE]: Received acknowledgement from client
[30Dec2025 03:08:13.198] [Netty Epoll Server IO #3/DEBUG] [net.minecraftforge.network.LoginWrapper/FMLHANDSHAKE]: Recieved login wrapper packet event for channel fml:handshake with index 12
[30Dec2025 03:08:13.198] [Netty Epoll Server IO #3/DEBUG] [net.minecraftforge.network.HandshakeHandler/FMLHANDSHAKE]: Received client indexed reply 12 of type net.minecraftforge.network.HandshakeMessages$C2SAcknowledge
[30Dec2025 03:08:13.198] [Netty Epoll Server IO #3/DEBUG] [net.minecraftforge.network.HandshakeHandler/FMLHANDSHAKE]: Received acknowledgement from client
[30Dec2025 03:08:13.202] [Netty Epoll Server IO #3/DEBUG] [net.minecraftforge.network.LoginWrapper/FMLHANDSHAKE]: Recieved login wrapper packet event for channel fml:handshake with index 13
[30Dec2025 03:08:13.202] [Netty Epoll Server IO #3/DEBUG] [net.minecraftforge.network.HandshakeHandler/FMLHANDSHAKE]: Received client indexed reply 13 of type net.minecraftforge.network.HandshakeMessages$C2SAcknowledge
[30Dec2025 03:08:13.202] [Netty Epoll Server IO #3/DEBUG] [net.minecraftforge.network.HandshakeHandler/FMLHANDSHAKE]: Received acknowledgement from client
[30Dec2025 03:08:13.209] [Server thread/DEBUG] [net.minecraftforge.network.HandshakeHandler/FMLHANDSHAKE]: Sending ticking packet info 'Registry minecraft:menu' to 'fml:handshake' sequence 18
[30Dec2025 03:08:13.259] [Server thread/DEBUG] [net.minecraftforge.network.HandshakeHandler/FMLHANDSHAKE]: Sending ticking packet info 'Registry minecraft:enchantment' to 'fml:handshake' sequence 19
[30Dec2025 03:08:13.309] [Server thread/DEBUG] [net.minecraftforge.network.HandshakeHandler/FMLHANDSHAKE]: Sending ticking packet info 'Registry minecraft:fluid' to 'fml:handshake' sequence 20
[30Dec2025 03:08:13.336] [Netty Epoll Server IO #3/DEBUG] [net.minecraftforge.network.LoginWrapper/FMLHANDSHAKE]: Recieved login wrapper packet event for channel fml:handshake with index 14
[30Dec2025 03:08:13.336] [Netty Epoll Server IO #3/DEBUG] [net.minecraftforge.network.HandshakeHandler/FMLHANDSHAKE]: Received client indexed reply 14 of type net.minecraftforge.network.HandshakeMessages$C2SAcknowledge
[30Dec2025 03:08:13.336] [Netty Epoll Server IO #3/DEBUG] [net.minecraftforge.network.HandshakeHandler/FMLHANDSHAKE]: Received acknowledgement from client
[30Dec2025 03:08:13.344] [Netty Epoll Server IO #3/DEBUG] [net.minecraftforge.network.LoginWrapper/FMLHANDSHAKE]: Recieved login wrapper packet event for channel fml:handshake with index 15
[30Dec2025 03:08:13.344] [Netty Epoll Server IO #3/DEBUG] [net.minecraftforge.network.HandshakeHandler/FMLHANDSHAKE]: Received client indexed reply 15 of type net.minecraftforge.network.HandshakeMessages$C2SAcknowledge
[30Dec2025 03:08:13.344] [Netty Epoll Server IO #3/DEBUG] [net.minecraftforge.network.HandshakeHandler/FMLHANDSHAKE]: Received acknowledgement from client
[30Dec2025 03:08:13.345] [Netty Epoll Server IO #3/DEBUG] [net.minecraftforge.network.LoginWrapper/FMLHANDSHAKE]: Recieved login wrapper packet event for channel fml:handshake with index 16
[30Dec2025 03:08:13.345] [Netty Epoll Server IO #3/DEBUG] [net.minecraftforge.network.HandshakeHandler/FMLHANDSHAKE]: Received client indexed reply 16 of type net.minecraftforge.network.HandshakeMessages$C2SAcknowledge
[30Dec2025 03:08:13.345] [Netty Epoll Server IO #3/DEBUG] [net.minecraftforge.network.HandshakeHandler/FMLHANDSHAKE]: Received acknowledgement from client
[30Dec2025 03:08:13.345] [Netty Epoll Server IO #3/DEBUG] [net.minecraftforge.network.LoginWrapper/FMLHANDSHAKE]: Recieved login wrapper packet event for channel fml:handshake with index 17
[30Dec2025 03:08:13.345] [Netty Epoll Server IO #3/DEBUG] [net.minecraftforge.network.HandshakeHandler/FMLHANDSHAKE]: Received client indexed reply 17 of type net.minecraftforge.network.HandshakeMessages$C2SAcknowledge
[30Dec2025 03:08:13.345] [Netty Epoll Server IO #3/DEBUG] [net.minecraftforge.network.HandshakeHandler/FMLHANDSHAKE]: Received acknowledgement from client
[30Dec2025 03:08:13.359] [Server thread/DEBUG] [net.minecraftforge.network.HandshakeHandler/FMLHANDSHAKE]: Sending ticking packet info 'Registry minecraft:entity_type' to 'fml:handshake' sequence 21
[30Dec2025 03:08:13.367] [Netty Epoll Server IO #3/DEBUG] [net.minecraftforge.network.LoginWrapper/FMLHANDSHAKE]: Recieved login wrapper packet event for channel fml:handshake with index 18
[30Dec2025 03:08:13.367] [Netty Epoll Server IO #3/DEBUG] [net.minecraftforge.network.HandshakeHandler/FMLHANDSHAKE]: Received client indexed reply 18 of type net.minecraftforge.network.HandshakeMessages$C2SAcknowledge
[30Dec2025 03:08:13.367] [Netty Epoll Server IO #3/DEBUG] [net.minecraftforge.network.HandshakeHandler/FMLHANDSHAKE]: Received acknowledgement from client
[30Dec2025 03:08:13.409] [Server thread/DEBUG] [net.minecraftforge.network.HandshakeHandler/FMLHANDSHAKE]: Sending ticking packet info 'Config securitycraft-server.toml' to 'fml:handshake' sequence 22
[30Dec2025 03:08:13.413] [Netty Epoll Server IO #3/DEBUG] [net.minecraftforge.network.LoginWrapper/FMLHANDSHAKE]: Recieved login wrapper packet event for channel fml:handshake with index 19
[30Dec2025 03:08:13.413] [Netty Epoll Server IO #3/DEBUG] [net.minecraftforge.network.HandshakeHandler/FMLHANDSHAKE]: Received client indexed reply 19 of type net.minecraftforge.network.HandshakeMessages$C2SAcknowledge
[30Dec2025 03:08:13.413] [Netty Epoll Server IO #3/DEBUG] [net.minecraftforge.network.HandshakeHandler/FMLHANDSHAKE]: Received acknowledgement from client
[30Dec2025 03:08:13.459] [Server thread/DEBUG] [net.minecraftforge.network.HandshakeHandler/FMLHANDSHAKE]: Sending ticking packet info 'Config curios-server.toml' to 'fml:handshake' sequence 23
[30Dec2025 03:08:13.484] [Netty Epoll Server IO #3/DEBUG] [net.minecraftforge.network.LoginWrapper/FMLHANDSHAKE]: Recieved login wrapper packet event for channel fml:handshake with index 20
[30Dec2025 03:08:13.484] [Netty Epoll Server IO #3/DEBUG] [net.minecraftforge.network.HandshakeHandler/FMLHANDSHAKE]: Received client indexed reply 20 of type net.minecraftforge.network.HandshakeMessages$C2SAcknowledge
[30Dec2025 03:08:13.484] [Netty Epoll Server IO #3/DEBUG] [net.minecraftforge.network.HandshakeHandler/FMLHANDSHAKE]: Received acknowledgement from client
[30Dec2025 03:08:13.509] [Server thread/DEBUG] [net.minecraftforge.network.HandshakeHandler/FMLHANDSHAKE]: Sending ticking packet info 'Config dimension_access_manager-server.toml' to 'fml:handshake' sequence 24
[30Dec2025 03:08:13.559] [Server thread/DEBUG] [net.minecraftforge.network.HandshakeHandler/FMLHANDSHAKE]: Sending ticking packet info 'Config lostcities-server.toml' to 'fml:handshake' sequence 25
[30Dec2025 03:08:13.609] [Server thread/DEBUG] [net.minecraftforge.network.HandshakeHandler/FMLHANDSHAKE]: Sending ticking packet info 'Config corpse-server.toml' to 'fml:handshake' sequence 26
[30Dec2025 03:08:13.659] [Server thread/DEBUG] [net.minecraftforge.network.HandshakeHandler/FMLHANDSHAKE]: Sending ticking packet info 'Config cofh_core-server.toml' to 'fml:handshake' sequence 27
[30Dec2025 03:08:13.709] [Server thread/DEBUG] [net.minecraftforge.network.HandshakeHandler/FMLHANDSHAKE]: Sending ticking packet info 'Config mutantmonsters-server.toml' to 'fml:handshake' sequence 28
[30Dec2025 03:08:13.759] [Server thread/DEBUG] [net.minecraftforge.network.HandshakeHandler/FMLHANDSHAKE]: Sending ticking packet info 'Config jei-server.toml' to 'fml:handshake' sequence 29
[30Dec2025 03:08:13.809] [Server thread/DEBUG] [net.minecraftforge.network.HandshakeHandler/FMLHANDSHAKE]: Sending ticking packet info 'Config tacz-server.toml' to 'fml:handshake' sequence 30
[30Dec2025 03:08:13.859] [Server thread/DEBUG] [net.minecraftforge.network.HandshakeHandler/FMLHANDSHAKE]: Sending ticking packet info 'Config forge-server.toml' to 'fml:handshake' sequence 31
[30Dec2025 03:08:16.104] [Netty Epoll Server IO #3/DEBUG] [net.minecraftforge.network.LoginWrapper/FMLHANDSHAKE]: Recieved login wrapper packet event for channel fml:handshake with index 21
[30Dec2025 03:08:16.104] [Netty Epoll Server IO #3/DEBUG] [net.minecraftforge.network.HandshakeHandler/FMLHANDSHAKE]: Received client indexed reply 21 of type net.minecraftforge.network.HandshakeMessages$C2SAcknowledge
[30Dec2025 03:08:16.105] [Netty Epoll Server IO #3/DEBUG] [net.minecraftforge.network.HandshakeHandler/FMLHANDSHAKE]: Received acknowledgement from client
[30Dec2025 03:08:16.117] [Netty Epoll Server IO #3/DEBUG] [net.minecraftforge.network.LoginWrapper/FMLHANDSHAKE]: Recieved login wrapper packet event for channel fml:handshake with index 22
[30Dec2025 03:08:16.117] [Netty Epoll Server IO #3/DEBUG] [net.minecraftforge.network.HandshakeHandler/FMLHANDSHAKE]: Received client indexed reply 22 of type net.minecraftforge.network.HandshakeMessages$C2SAcknowledge
[30Dec2025 03:08:16.117] [Netty Epoll Server IO #3/DEBUG] [net.minecraftforge.network.HandshakeHandler/FMLHANDSHAKE]: Received acknowledgement from client
[30Dec2025 03:08:16.124] [Netty Epoll Server IO #3/DEBUG] [net.minecraftforge.network.LoginWrapper/FMLHANDSHAKE]: Recieved login wrapper packet event for channel fml:handshake with index 23
[30Dec2025 03:08:16.125] [Netty Epoll Server IO #3/DEBUG] [net.minecraftforge.network.HandshakeHandler/FMLHANDSHAKE]: Received client indexed reply 23 of type net.minecraftforge.network.HandshakeMessages$C2SAcknowledge
[30Dec2025 03:08:16.125] [Netty Epoll Server IO #3/DEBUG] [net.minecraftforge.network.HandshakeHandler/FMLHANDSHAKE]: Received acknowledgement from client
[30Dec2025 03:08:16.125] [Netty Epoll Server IO #3/DEBUG] [net.minecraftforge.network.LoginWrapper/FMLHANDSHAKE]: Recieved login wrapper packet event for channel fml:handshake with index 24
[30Dec2025 03:08:16.125] [Netty Epoll Server IO #3/DEBUG] [net.minecraftforge.network.HandshakeHandler/FMLHANDSHAKE]: Received client indexed reply 24 of type net.minecraftforge.network.HandshakeMessages$C2SAcknowledge
[30Dec2025 03:08:16.125] [Netty Epoll Server IO #3/DEBUG] [net.minecraftforge.network.HandshakeHandler/FMLHANDSHAKE]: Received acknowledgement from client
[30Dec2025 03:08:16.125] [Netty Epoll Server IO #3/DEBUG] [net.minecraftforge.network.LoginWrapper/FMLHANDSHAKE]: Recieved login wrapper packet event for channel fml:handshake with index 25
[30Dec2025 03:08:16.125] [Netty Epoll Server IO #3/DEBUG] [net.minecraftforge.network.HandshakeHandler/FMLHANDSHAKE]: Received client indexed reply 25 of type net.minecraftforge.network.HandshakeMessages$C2SAcknowledge
[30Dec2025 03:08:16.125] [Netty Epoll Server IO #3/DEBUG] [net.minecraftforge.network.HandshakeHandler/FMLHANDSHAKE]: Received acknowledgement from client
[30Dec2025 03:08:16.130] [Netty Epoll Server IO #3/DEBUG] [net.minecraftforge.network.LoginWrapper/FMLHANDSHAKE]: Recieved login wrapper packet event for channel fml:handshake with index 26
[30Dec2025 03:08:16.130] [Netty Epoll Server IO #3/DEBUG] [net.minecraftforge.network.HandshakeHandler/FMLHANDSHAKE]: Received client indexed reply 26 of type net.minecraftforge.network.HandshakeMessages$C2SAcknowledge
[30Dec2025 03:08:16.130] [Netty Epoll Server IO #3/DEBUG] [net.minecraftforge.network.HandshakeHandler/FMLHANDSHAKE]: Received acknowledgement from client
[30Dec2025 03:08:16.146] [Netty Epoll Server IO #3/DEBUG] [net.minecraftforge.network.LoginWrapper/FMLHANDSHAKE]: Recieved login wrapper packet event for channel fml:handshake with index 27
[30Dec2025 03:08:16.146] [Netty Epoll Server IO #3/DEBUG] [net.minecraftforge.network.HandshakeHandler/FMLHANDSHAKE]: Received client indexed reply 27 of type net.minecraftforge.network.HandshakeMessages$C2SAcknowledge
[30Dec2025 03:08:16.146] [Netty Epoll Server IO #3/DEBUG] [net.minecraftforge.network.HandshakeHandler/FMLHANDSHAKE]: Received acknowledgement from client
[30Dec2025 03:08:16.167] [Netty Epoll Server IO #3/DEBUG] [net.minecraftforge.network.LoginWrapper/FMLHANDSHAKE]: Recieved login wrapper packet event for channel fml:handshake with index 28
[30Dec2025 03:08:16.167] [Netty Epoll Server IO #3/DEBUG] [net.minecraftforge.network.HandshakeHandler/FMLHANDSHAKE]: Received client indexed reply 28 of type net.minecraftforge.network.HandshakeMessages$C2SAcknowledge
[30Dec2025 03:08:16.167] [Netty Epoll Server IO #3/DEBUG] [net.minecraftforge.network.HandshakeHandler/FMLHANDSHAKE]: Received acknowledgement from client
[30Dec2025 03:08:16.175] [Netty Epoll Server IO #3/DEBUG] [net.minecraftforge.network.LoginWrapper/FMLHANDSHAKE]: Recieved login wrapper packet event for channel fml:handshake with index 29
[30Dec2025 03:08:16.175] [Netty Epoll Server IO #3/DEBUG] [net.minecraftforge.network.HandshakeHandler/FMLHANDSHAKE]: Received client indexed reply 29 of type net.minecraftforge.network.HandshakeMessages$C2SAcknowledge
[30Dec2025 03:08:16.175] [Netty Epoll Server IO #3/DEBUG] [net.minecraftforge.network.HandshakeHandler/FMLHANDSHAKE]: Received acknowledgement from client
[30Dec2025 03:08:16.195] [Netty Epoll Server IO #3/DEBUG] [net.minecraftforge.network.LoginWrapper/FMLHANDSHAKE]: Recieved login wrapper packet event for channel fml:handshake with index 30
[30Dec2025 03:08:16.195] [Netty Epoll Server IO #3/DEBUG] [net.minecraftforge.network.HandshakeHandler/FMLHANDSHAKE]: Received client indexed reply 30 of type net.minecraftforge.network.HandshakeMessages$C2SAcknowledge
[30Dec2025 03:08:16.195] [Netty Epoll Server IO #3/DEBUG] [net.minecraftforge.network.HandshakeHandler/FMLHANDSHAKE]: Received acknowledgement from client
[30Dec2025 03:08:16.202] [Netty Epoll Server IO #3/DEBUG] [net.minecraftforge.network.LoginWrapper/FMLHANDSHAKE]: Recieved login wrapper packet event for channel fml:handshake with index 31
[30Dec2025 03:08:16.202] [Netty Epoll Server IO #3/DEBUG] [net.minecraftforge.network.HandshakeHandler/FMLHANDSHAKE]: Received client indexed reply 31 of type net.minecraftforge.network.HandshakeMessages$C2SAcknowledge
[30Dec2025 03:08:16.202] [Netty Epoll Server IO #3/DEBUG] [net.minecraftforge.network.HandshakeHandler/FMLHANDSHAKE]: Received acknowledgement from client
[30Dec2025 03:08:16.209] [Server thread/DEBUG] [net.minecraftforge.network.HandshakeHandler/FMLHANDSHAKE]: Handshake complete!
[30Dec2025 03:08:16.262] [Netty Epoll Server IO #3/DEBUG] [mixin/]: Mixing CompressionDecoderMixin from packetfixer-common.mixins.json into net.minecraft.network.CompressionDecoder
[30Dec2025 03:08:16.301] [Server thread/INFO] [net.minecraft.server.players.PlayerList/]: papuvk[/127.132.11.64:60245] logged in with entity id 609 at (-31.5, 75.0, 135.5)
[30Dec2025 03:08:16.310] [Server thread/DEBUG] [net.minecraftforge.network.filters.NetworkFilters/]: Injected net.minecraftforge.network.filters.ForgeConnectionNetworkFilter@397f0dda into net.minecraft.network.Connection@6a82f13
[30Dec2025 03:08:16.386] [Server thread/INFO] [net.minecraft.server.MinecraftServer/]: papuvk joined the game
[30Dec2025 03:08:16.398] [Server thread/DEBUG] [Collective/]: [firstjoinmessage] Checking for first join of papuvk with spawn position: -32, 72, 128
[30Dec2025 03:08:16.398] [Server thread/DEBUG] [Collective/]: [firstjoinmessage] Checking for first join of papuvk with spawn radius: 10
[30Dec2025 03:08:16.763] [Worker-Main-3/DEBUG] [Smooth Boot (Reloaded)/]: Initialized Worker-Main-10
[30Dec2025 03:08:17.507] [Server thread/DEBUG] [Smooth Boot (Reloaded)/]: Initialized IO-Worker-11
[30Dec2025 03:08:17.511] [IO-Worker-11/DEBUG] [Smooth Boot (Reloaded)/]: Initialized IO-Worker-12
[30Dec2025 03:08:17.539] [IO-Worker-11/DEBUG] [Smooth Boot (Reloaded)/]: Initialized IO-Worker-13
[30Dec2025 03:08:17.545] [IO-Worker-11/DEBUG] [Smooth Boot (Reloaded)/]: Initialized IO-Worker-14
[30Dec2025 03:08:17.587] [IO-Worker-14/DEBUG] [Smooth Boot (Reloaded)/]: Initialized IO-Worker-15
[30Dec2025 03:08:19.613] [Worker-Main-3/WARN] [net.minecraft.world.entity.EntityType/]: Skipping Entity with id left__dead:stalker
[30Dec2025 03:08:22.363] [Server thread/WARN] [net.minecraft.network.syncher.SynchedEntityData/]: defineId called for: class forge.net.mca.entity.ZombieVillagerEntityMCA from class forge.net.mca.util.network.datasync.CDataParameter
[30Dec2025 03:08:22.363] [Server thread/WARN] [net.minecraft.network.syncher.SynchedEntityData/]: defineId called for: class forge.net.mca.entity.ZombieVillagerEntityMCA from class forge.net.mca.util.network.datasync.CDataParameter
[30Dec2025 03:08:22.363] [Server thread/WARN] [net.minecraft.network.syncher.SynchedEntityData/]: defineId called for: class forge.net.mca.entity.ZombieVillagerEntityMCA from class forge.net.mca.util.network.datasync.CDataParameter
[30Dec2025 03:08:22.364] [Server thread/WARN] [net.minecraft.network.syncher.SynchedEntityData/]: defineId called for: class forge.net.mca.entity.ZombieVillagerEntityMCA from class forge.net.mca.util.network.datasync.CDataParameter
[30Dec2025 03:08:22.364] [Server thread/WARN] [net.minecraft.network.syncher.SynchedEntityData/]: defineId called for: class forge.net.mca.entity.ZombieVillagerEntityMCA from class forge.net.mca.util.network.datasync.CDataParameter
[30Dec2025 03:08:22.366] [Server thread/WARN] [net.minecraft.network.syncher.SynchedEntityData/]: defineId called for: class forge.net.mca.entity.ZombieVillagerEntityMCA from class forge.net.mca.util.network.datasync.CDataParameter
[30Dec2025 03:08:22.366] [Server thread/WARN] [net.minecraft.network.syncher.SynchedEntityData/]: defineId called for: class forge.net.mca.entity.ZombieVillagerEntityMCA from class forge.net.mca.util.network.datasync.CDataParameter
[30Dec2025 03:08:22.366] [Server thread/WARN] [net.minecraft.network.syncher.SynchedEntityData/]: defineId called for: class forge.net.mca.entity.ZombieVillagerEntityMCA from class forge.net.mca.util.network.datasync.CEnumParameter
[30Dec2025 03:08:22.366] [Server thread/WARN] [net.minecraft.network.syncher.SynchedEntityData/]: defineId called for: class forge.net.mca.entity.ZombieVillagerEntityMCA from class forge.net.mca.util.network.datasync.CDataParameter
[30Dec2025 03:08:22.367] [Server thread/WARN] [net.minecraft.network.syncher.SynchedEntityData/]: defineId called for: class forge.net.mca.entity.ZombieVillagerEntityMCA from class forge.net.mca.util.network.datasync.CDataParameter
[30Dec2025 03:08:22.367] [Server thread/WARN] [net.minecraft.network.syncher.SynchedEntityData/]: defineId called for: class forge.net.mca.entity.ZombieVillagerEntityMCA from class forge.net.mca.util.network.datasync.CDataParameter
[30Dec2025 03:08:22.367] [Server thread/WARN] [net.minecraft.network.syncher.SynchedEntityData/]: defineId called for: class forge.net.mca.entity.ZombieVillagerEntityMCA from class forge.net.mca.util.network.datasync.CDataParameter
[30Dec2025 03:08:22.367] [Server thread/WARN] [net.minecraft.network.syncher.SynchedEntityData/]: defineId called for: class forge.net.mca.entity.ZombieVillagerEntityMCA from class forge.net.mca.util.network.datasync.CDataParameter
[30Dec2025 03:08:22.368] [Server thread/WARN] [net.minecraft.network.syncher.SynchedEntityData/]: defineId called for: class forge.net.mca.entity.ZombieVillagerEntityMCA from class forge.net.mca.util.network.datasync.CDataParameter
[30Dec2025 03:08:22.368] [Server thread/WARN] [net.minecraft.network.syncher.SynchedEntityData/]: defineId called for: class forge.net.mca.entity.ZombieVillagerEntityMCA from class forge.net.mca.util.network.datasync.CDataParameter
[30Dec2025 03:08:22.368] [Server thread/WARN] [net.minecraft.network.syncher.SynchedEntityData/]: defineId called for: class forge.net.mca.entity.ZombieVillagerEntityMCA from class forge.net.mca.util.network.datasync.CDataParameter
[30Dec2025 03:08:22.368] [Server thread/WARN] [net.minecraft.network.syncher.SynchedEntityData/]: defineId called for: class forge.net.mca.entity.ZombieVillagerEntityMCA from class forge.net.mca.util.network.datasync.CDataParameter
[30Dec2025 03:08:22.368] [Server thread/WARN] [net.minecraft.network.syncher.SynchedEntityData/]: defineId called for: class forge.net.mca.entity.ZombieVillagerEntityMCA from class forge.net.mca.util.network.datasync.CDataParameter
[30Dec2025 03:08:22.369] [Server thread/WARN] [net.minecraft.network.syncher.SynchedEntityData/]: defineId called for: class forge.net.mca.entity.ZombieVillagerEntityMCA from class forge.net.mca.util.network.datasync.CDataParameter
[30Dec2025 03:08:22.369] [Server thread/WARN] [net.minecraft.network.syncher.SynchedEntityData/]: defineId called for: class forge.net.mca.entity.ZombieVillagerEntityMCA from class forge.net.mca.util.network.datasync.CEnumParameter
[30Dec2025 03:08:22.369] [Server thread/WARN] [net.minecraft.network.syncher.SynchedEntityData/]: defineId called for: class forge.net.mca.entity.ZombieVillagerEntityMCA from class forge.net.mca.util.network.datasync.CDataParameter
[30Dec2025 03:08:22.369] [Server thread/WARN] [net.minecraft.network.syncher.SynchedEntityData/]: defineId called for: class forge.net.mca.entity.ZombieVillagerEntityMCA from class forge.net.mca.util.network.datasync.CDataParameter
[30Dec2025 03:08:22.370] [Server thread/WARN] [net.minecraft.network.syncher.SynchedEntityData/]: defineId called for: class forge.net.mca.entity.ZombieVillagerEntityMCA from class forge.net.mca.util.network.datasync.CEnumParameter
[30Dec2025 03:08:22.370] [Server thread/WARN] [net.minecraft.network.syncher.SynchedEntityData/]: defineId called for: class forge.net.mca.entity.ZombieVillagerEntityMCA from class forge.net.mca.util.network.datasync.CDataParameter
[30Dec2025 03:08:22.370] [Server thread/WARN] [net.minecraft.network.syncher.SynchedEntityData/]: defineId called for: class forge.net.mca.entity.ZombieVillagerEntityMCA from class forge.net.mca.util.network.datasync.CEnumParameter
[30Dec2025 03:08:22.370] [Server thread/WARN] [net.minecraft.network.syncher.SynchedEntityData/]: defineId called for: class forge.net.mca.entity.ZombieVillagerEntityMCA from class forge.net.mca.util.network.datasync.CEnumParameter
[30Dec2025 03:08:22.371] [Server thread/WARN] [net.minecraft.network.syncher.SynchedEntityData/]: defineId called for: class forge.net.mca.entity.ZombieVillagerEntityMCA from class forge.net.mca.util.network.datasync.CDataParameter
[30Dec2025 03:08:22.371] [Server thread/WARN] [net.minecraft.network.syncher.SynchedEntityData/]: defineId called for: class forge.net.mca.entity.ZombieVillagerEntityMCA from class forge.net.mca.util.network.datasync.CDataParameter
[30Dec2025 03:08:22.372] [Server thread/WARN] [net.minecraft.network.syncher.SynchedEntityData/]: defineId called for: class forge.net.mca.entity.ZombieVillagerEntityMCA from class forge.net.mca.util.network.datasync.CDataParameter
[30Dec2025 03:08:22.372] [Server thread/WARN] [net.minecraft.network.syncher.SynchedEntityData/]: defineId called for: class forge.net.mca.entity.ZombieVillagerEntityMCA from class forge.net.mca.util.network.datasync.CDataParameter
[30Dec2025 03:08:22.372] [Server thread/WARN] [net.minecraft.network.syncher.SynchedEntityData/]: defineId called for: class forge.net.mca.entity.ZombieVillagerEntityMCA from class forge.net.mca.util.network.datasync.CDataParameter
[30Dec2025 03:08:22.372] [Server thread/WARN] [net.minecraft.network.syncher.SynchedEntityData/]: defineId called for: class forge.net.mca.entity.ZombieVillagerEntityMCA from class forge.net.mca.util.network.datasync.CDataParameter
[30Dec2025 03:08:22.373] [Server thread/WARN] [net.minecraft.network.syncher.SynchedEntityData/]: defineId called for: class forge.net.mca.entity.ZombieVillagerEntityMCA from class forge.net.mca.util.network.datasync.CDataParameter
[30Dec2025 03:08:22.373] [Server thread/WARN] [net.minecraft.network.syncher.SynchedEntityData/]: defineId called for: class forge.net.mca.entity.ZombieVillagerEntityMCA from class forge.net.mca.util.network.datasync.CDataParameter
[30Dec2025 03:08:22.373] [Server thread/WARN] [net.minecraft.network.syncher.SynchedEntityData/]: defineId called for: class forge.net.mca.entity.ZombieVillagerEntityMCA from class forge.net.mca.util.network.datasync.CDataParameter
[30Dec2025 03:08:22.373] [Server thread/WARN] [net.minecraft.network.syncher.SynchedEntityData/]: defineId called for: class forge.net.mca.entity.ZombieVillagerEntityMCA from class forge.net.mca.util.network.datasync.CDataParameter
[30Dec2025 03:08:22.373] [Server thread/WARN] [net.minecraft.network.syncher.SynchedEntityData/]: defineId called for: class forge.net.mca.entity.ZombieVillagerEntityMCA from class forge.net.mca.util.network.datasync.CDataParameter
[30Dec2025 03:09:08.078] [Server thread/INFO] [net.minecraft.server.MinecraftServer/]: [papuvk: Set own game mode to Creative Mode]
[30Dec2025 03:09:15.210] [IO-Worker-12/DEBUG] [Smooth Boot (Reloaded)/]: Initialized IO-Worker-16
[30Dec2025 03:09:15.210] [IO-Worker-13/DEBUG] [Smooth Boot (Reloaded)/]: Initialized IO-Worker-17
[30Dec2025 03:09:22.897] [Worker-Main-10/WARN] [net.minecraft.world.entity.EntityType/]: Skipping Entity with id left__dead:stalker
[30Dec2025 03:09:26.910] [Worker-Main-3/WARN] [net.minecraft.world.entity.EntityType/]: Skipping Entity with id left__dead:stalker
[30Dec2025 03:09:37.556] [IO-Worker-12/DEBUG] [Smooth Boot (Reloaded)/]: Initialized IO-Worker-18
[30Dec2025 03:09:40.621] [Worker-Main-2/WARN] [net.minecraft.world.entity.EntityType/]: Skipping Entity with id left__dead:stalker
[30Dec2025 03:09:41.658] [Server thread/DEBUG] [net.minecraftforge.common.ForgeHooks/WP]: Gathering id map for writing to world save world
[30Dec2025 03:09:41.692] [Server thread/DEBUG] [net.minecraftforge.common.ForgeHooks/WP]: ID Map collection complete world
[30Dec2025 03:09:42.437] [Worker-Main-2/WARN] [net.minecraft.world.entity.EntityType/]: Skipping Entity with id left__dead:stalker
[30Dec2025 03:09:42.912] [Worker-Main-3/WARN] [net.minecraft.world.entity.EntityType/]: Skipping Entity with id left__dead:stalker
[30Dec2025 03:10:13.928] [Server thread/INFO] [net.minecraft.server.commands.LocateCommand/]: Locating element #structure_gel:lake_proof (minecraft:igloo) took 18 ms
[30Dec2025 03:10:17.539] [Server thread/INFO] [net.minecraft.server.MinecraftServer/]: [papuvk: Teleported papuvk to 256.500000, 130.009986, 112.500000]
[30Dec2025 03:10:18.935] [Worker-Main-2/WARN] [net.minecraft.world.entity.EntityType/]: Skipping Entity with id left__dead:stalker
[30Dec2025 03:10:19.018] [Netty Epoll Server IO #6/DEBUG] [net.minecraftforge.network.HandshakeHandler/FMLHANDSHAKE]: Starting new modded impl connection. Found 32 messages to dispatch.
[30Dec2025 03:10:19.175] [Server thread/DEBUG] [net.minecraftforge.network.HandshakeHandler/FMLHANDSHAKE]: Sending ticking packet info 'com.tacz.guns.network.message.handshake.ServerMessageSyncedEntityDataMapping' to 'tacz:handshake' sequence 0
[30Dec2025 03:10:19.217] [Server thread/DEBUG] [net.minecraftforge.network.HandshakeHandler/FMLHANDSHAKE]: Sending ticking packet info 'net.minecraftforge.network.HandshakeMessages$S2CModData' to 'fml:handshake' sequence 1
[30Dec2025 03:10:19.275] [Server thread/DEBUG] [net.minecraftforge.network.HandshakeHandler/FMLHANDSHAKE]: Sending ticking packet info 'net.minecraftforge.network.HandshakeMessages$S2CModList' to 'fml:handshake' sequence 2
[30Dec2025 03:10:19.318] [Netty Epoll Server IO #6/DEBUG] [net.minecraftforge.network.LoginWrapper/FMLHANDSHAKE]: Recieved login wrapper packet event for channel tacz:handshake with index 0
[30Dec2025 03:10:19.318] [Netty Epoll Server IO #6/DEBUG] [net.minecraftforge.network.HandshakeHandler/FMLHANDSHAKE]: Received client indexed reply 0 of type com.tacz.guns.network.message.handshake.Acknowledge
[30Dec2025 03:10:19.318] [Netty Epoll Server IO #6/DEBUG] [tacz/HANDSHAKE_ACKNOWLEDGE]: Received acknowledgement from client
[30Dec2025 03:10:19.318] [Server thread/DEBUG] [net.minecraftforge.network.HandshakeHandler/FMLHANDSHAKE]: Sending ticking packet info 'Registry minecraft:command_argument_type' to 'fml:handshake' sequence 3
[30Dec2025 03:10:19.365] [Server thread/DEBUG] [net.minecraftforge.network.HandshakeHandler/FMLHANDSHAKE]: Sending ticking packet info 'Registry minecraft:recipe_serializer' to 'fml:handshake' sequence 4
[30Dec2025 03:10:19.426] [Server thread/DEBUG] [net.minecraftforge.network.HandshakeHandler/FMLHANDSHAKE]: Sending ticking packet info 'Registry minecraft:sound_event' to 'fml:handshake' sequence 5
[30Dec2025 03:10:19.437] [Netty Epoll Server IO #6/DEBUG] [net.minecraftforge.network.LoginWrapper/FMLHANDSHAKE]: Recieved login wrapper packet event for channel fml:handshake with index 2
[30Dec2025 03:10:19.437] [Netty Epoll Server IO #6/DEBUG] [net.minecraftforge.network.HandshakeHandler/FMLHANDSHAKE]: Received client indexed reply 2 of type net.minecraftforge.network.HandshakeMessages$C2SModListReply
[30Dec2025 03:10:19.437] [Netty Epoll Server IO #6/DEBUG] [net.minecraftforge.network.HandshakeHandler/FMLHANDSHAKE]: Received client connection with modlist [auudio, almanac, geckolib, playeranimator, incontrol, insanelib, configurableextramobdrops, controlling, placebo, citadel, mixinextras, bookshelf, uteamcore, melody, jeresources, cloth_config, konkrete, embeddium, rubidium, athena, structure_gel, corpse, tenshilib, gml, dimension_access_manager, overworld_netherite_ore, curios, patchouli, itemblacklist, collective, commongroovylibrary, searchables, noisium, lostcities, pointblank, resourcefullib, atlaslib, starterkit, scalingmobs, architectury, nerb, pandalib, cupboard, firstjoinmessage, dynamic_fps, unilib, framework, letmedespawn, no_ruined_nether_portals, rhino, fastload, mutantmonsters, mca, nonetherportal, octolib, fastboot, jei, kubejs, tacz, immersive_weathering, keerdm_zombie_essentials, nobabyzombies1_20_1forge, marbledsarsenal, clumps, fastasyncworldsave, forgivingworld, mcore, glitchcore, badmobs, better_mob_food, puzzlesaccessapi, forge, drippyloadingscreen, minecraft, cw_additions, the_deep_void, cofh_core, moonlight, mousetweaks, creativecore, spectrelib, corgilib, smoothboot, last_of_us, fastpaintings, betterfpsdist, kotlinforforge, marbledsmelees, mobsunscreen, fastbench, polymorph, securitycraft, better_zombie_drops, entityculling, fancymenu, immediatelyfast, coroutil, fastfurnace, lootr, ferritecore, puzzleslib, justzoom, charmofundying, packetfixer, openloader]
[30Dec2025 03:10:19.437] [Netty Epoll Server IO #6/DEBUG] [net.minecraftforge.network.NetworkRegistry/NETREGISTRY]: Channel 'structure_gel:main' : Version test of '7' from client : ACCEPTED
[30Dec2025 03:10:19.437] [Netty Epoll Server IO #6/DEBUG] [net.minecraftforge.network.NetworkRegistry/NETREGISTRY]: Channel 'pointblank:pointblank' : Version test of '1' from client : ACCEPTED
[30Dec2025 03:10:19.437] [Netty Epoll Server IO #6/DEBUG] [net.minecraftforge.network.NetworkRegistry/NETREGISTRY]: Channel 'jei:channel' : Version test of '1.0.0' from client : ACCEPTED
[30Dec2025 03:10:19.437] [Netty Epoll Server IO #6/DEBUG] [net.minecraftforge.network.NetworkRegistry/NETREGISTRY]: Channel 'minecraft:unregister' : Version test of 'FML3' from client : ACCEPTED
[30Dec2025 03:10:19.437] [Netty Epoll Server IO #6/DEBUG] [net.minecraftforge.network.NetworkRegistry/NETREGISTRY]: Channel 'corgilib:network' : Version test of '1' from client : ACCEPTED
[30Dec2025 03:10:19.437] [Netty Epoll Server IO #6/DEBUG] [net.minecraftforge.network.NetworkRegistry/NETREGISTRY]: Channel 'framework:play' : Version test of '1' from client : ACCEPTED
[30Dec2025 03:10:19.437] [Netty Epoll Server IO #6/DEBUG] [net.minecraftforge.network.NetworkRegistry/NETREGISTRY]: Channel 'tacz:handshake' : Version test of '1.0.3' from client : ACCEPTED
[30Dec2025 03:10:19.437] [Netty Epoll Server IO #6/DEBUG] [net.minecraftforge.network.NetworkRegistry/NETREGISTRY]: Channel 'better_zombie_drops:better_zombie_drops' : Version test of '1' from client : ACCEPTED
[30Dec2025 03:10:19.437] [Netty Epoll Server IO #6/DEBUG] [net.minecraftforge.network.NetworkRegistry/NETREGISTRY]: Channel 'cofh_core:general' : Version test of '1' from client : ACCEPTED
[30Dec2025 03:10:19.437] [Netty Epoll Server IO #6/DEBUG] [net.minecraftforge.network.NetworkRegistry/NETREGISTRY]: Channel 'fastbench:channel' : Version test of '4.6.0' from client : ACCEPTED
[30Dec2025 03:10:19.437] [Netty Epoll Server IO #6/DEBUG] [net.minecraftforge.network.NetworkRegistry/NETREGISTRY]: Channel 'the_deep_void:the_deep_void' : Version test of '1' from client : ACCEPTED
[30Dec2025 03:10:19.437] [Netty Epoll Server IO #6/DEBUG] [net.minecraftforge.network.NetworkRegistry/NETREGISTRY]: Channel 'forge:tier_sorting' : Version test of '1.0' from client : ACCEPTED
[30Dec2025 03:10:19.437] [Netty Epoll Server IO #6/DEBUG] [net.minecraftforge.network.NetworkRegistry/NETREGISTRY]: Channel 'spectrelib:main' : Version test of '1' from client : ACCEPTED
[30Dec2025 03:10:19.437] [Netty Epoll Server IO #6/DEBUG] [net.minecraftforge.network.NetworkRegistry/NETREGISTRY]: Channel 'starterkit:to_client_select_first_slot_packet' : Version test of '1' from client : ACCEPTED
[30Dec2025 03:10:19.437] [Netty Epoll Server IO #6/DEBUG] [net.minecraftforge.network.NetworkRegistry/NETREGISTRY]: Channel 'last_of_us:last_of_us' : Version test of '1' from client : ACCEPTED
[30Dec2025 03:10:19.438] [Netty Epoll Server IO #6/DEBUG] [net.minecraftforge.network.NetworkRegistry/NETREGISTRY]: Channel 'fml:play' : Version test of 'FML3' from client : ACCEPTED
[30Dec2025 03:10:19.438] [Netty Epoll Server IO #6/DEBUG] [net.minecraftforge.network.NetworkRegistry/NETREGISTRY]: Channel 'creativecore:main' : Version test of '1' from client : ACCEPTED
[30Dec2025 03:10:19.438] [Netty Epoll Server IO #6/DEBUG] [net.minecraftforge.network.NetworkRegistry/NETREGISTRY]: Channel 'tenshilib:packets' : Version test of '1' from client : ACCEPTED
[30Dec2025 03:10:19.438] [Netty Epoll Server IO #6/DEBUG] [net.minecraftforge.network.NetworkRegistry/NETREGISTRY]: Channel 'insanelib:simple_channel' : Version test of '1' from client : ACCEPTED
[30Dec2025 03:10:19.438] [Netty Epoll Server IO #6/DEBUG] [net.minecraftforge.network.NetworkRegistry/NETREGISTRY]: Channel 'immersive_weathering:channel' : Version test of '0' from client : ACCEPTED
[30Dec2025 03:10:19.438] [Netty Epoll Server IO #6/DEBUG] [net.minecraftforge.network.NetworkRegistry/NETREGISTRY]: Channel 'lootr:main_network_channel' : Version test of '2' from client : ACCEPTED
[30Dec2025 03:10:19.438] [Netty Epoll Server IO #6/DEBUG] [net.minecraftforge.network.NetworkRegistry/NETREGISTRY]: Channel 'minecraft:register' : Version test of 'FML3' from client : ACCEPTED
[30Dec2025 03:10:19.438] [Netty Epoll Server IO #6/DEBUG] [net.minecraftforge.network.NetworkRegistry/NETREGISTRY]: Channel 'mutantmonsters:1' : Version test of '1' from client : ACCEPTED
[30Dec2025 03:10:19.438] [Netty Epoll Server IO #6/DEBUG] [net.minecraftforge.network.NetworkRegistry/NETREGISTRY]: Channel 'geckolib:main' : Version test of '1' from client : ACCEPTED
[30Dec2025 03:10:19.438] [Netty Epoll Server IO #6/DEBUG] [net.minecraftforge.network.NetworkRegistry/NETREGISTRY]: Channel 'moonlight:channel' : Version test of '0' from client : ACCEPTED
[30Dec2025 03:10:19.438] [Netty Epoll Server IO #6/DEBUG] [net.minecraftforge.network.NetworkRegistry/NETREGISTRY]: Channel 'corpse:default' : Version test of '1.0.0' from client : ACCEPTED
[30Dec2025 03:10:19.438] [Netty Epoll Server IO #6/DEBUG] [net.minecraftforge.network.NetworkRegistry/NETREGISTRY]: Channel 'architectury:network' : Version test of '1' from client : ACCEPTED
[30Dec2025 03:10:19.438] [Netty Epoll Server IO #6/DEBUG] [net.minecraftforge.network.NetworkRegistry/NETREGISTRY]: Channel 'starterkit:to_client_ask_if_mod_is_installed_packet' : Version test of '1' from client : ACCEPTED
[30Dec2025 03:10:19.438] [Netty Epoll Server IO #6/DEBUG] [net.minecraftforge.network.NetworkRegistry/NETREGISTRY]: Channel 'charmofundying:main' : Version test of '1' from client : ACCEPTED
[30Dec2025 03:10:19.438] [Netty Epoll Server IO #6/DEBUG] [net.minecraftforge.network.NetworkRegistry/NETREGISTRY]: Channel 'starterkit:to_server_send_kit_choice_packet' : Version test of '1' from client : ACCEPTED
[30Dec2025 03:10:19.438] [Netty Epoll Server IO #6/DEBUG] [net.minecraftforge.network.NetworkRegistry/NETREGISTRY]: Channel 'citadel:main_channel' : Version test of '1' from client : ACCEPTED
[30Dec2025 03:10:19.438] [Netty Epoll Server IO #6/DEBUG] [net.minecraftforge.network.NetworkRegistry/NETREGISTRY]: Channel 'overworld_netherite_ore:overworld_netherite_ore' : Version test of '1' from client : ACCEPTED
[30Dec2025 03:10:19.438] [Netty Epoll Server IO #6/DEBUG] [net.minecraftforge.network.NetworkRegistry/NETREGISTRY]: Channel 'puzzleslib:1' : Version test of '1' from client : ACCEPTED
[30Dec2025 03:10:19.438] [Netty Epoll Server IO #6/DEBUG] [net.minecraftforge.network.NetworkRegistry/NETREGISTRY]: Channel 'securitycraft:securitycraft' : Version test of 'v1.10.1' from client : ACCEPTED
[30Dec2025 03:10:19.438] [Netty Epoll Server IO #6/DEBUG] [net.minecraftforge.network.NetworkRegistry/NETREGISTRY]: Channel 'lostcities:lostcities' : Version test of '1.0' from client : ACCEPTED
[30Dec2025 03:10:19.438] [Netty Epoll Server IO #6/DEBUG] [net.minecraftforge.network.NetworkRegistry/NETREGISTRY]: Channel 'uteamcore:network_forge' : Version test of '1.20.1-1' from client : ACCEPTED
[30Dec2025 03:10:19.438] [Netty Epoll Server IO #6/DEBUG] [net.minecraftforge.network.NetworkRegistry/NETREGISTRY]: Channel 'better_mob_food:better_mob_food' : Version test of '1' from client : ACCEPTED
[30Dec2025 03:10:19.438] [Netty Epoll Server IO #6/DEBUG] [net.minecraftforge.network.NetworkRegistry/NETREGISTRY]: Channel 'cw_additions:cw_additions' : Version test of '1' from client : ACCEPTED
[30Dec2025 03:10:19.438] [Netty Epoll Server IO #6/DEBUG] [net.minecraftforge.network.NetworkRegistry/NETREGISTRY]: Channel 'fancymenu:play' : Version test of '1' from client : ACCEPTED
[30Dec2025 03:10:19.438] [Netty Epoll Server IO #6/DEBUG] [net.minecraftforge.network.NetworkRegistry/NETREGISTRY]: Channel 'curios:main' : Version test of '1' from client : ACCEPTED
[30Dec2025 03:10:19.438] [Netty Epoll Server IO #6/DEBUG] [net.minecraftforge.network.NetworkRegistry/NETREGISTRY]: Channel 'placebo:placebo' : Version test of '1.0.0' from client : ACCEPTED
[30Dec2025 03:10:19.438] [Netty Epoll Server IO #6/DEBUG] [net.minecraftforge.network.NetworkRegistry/NETREGISTRY]: Channel 'starterkit:to_server_announce_mod_is_installed_packet' : Version test of '1' from client : ACCEPTED
[30Dec2025 03:10:19.438] [Netty Epoll Server IO #6/DEBUG] [net.minecraftforge.network.NetworkRegistry/NETREGISTRY]: Channel 'polymorph:main' : Version test of '1' from client : ACCEPTED
[30Dec2025 03:10:19.438] [Netty Epoll Server IO #6/DEBUG] [net.minecraftforge.network.NetworkRegistry/NETREGISTRY]: Channel 'framework:handshake' : Version test of '1' from client : ACCEPTED
[30Dec2025 03:10:19.438] [Netty Epoll Server IO #6/DEBUG] [net.minecraftforge.network.NetworkRegistry/NETREGISTRY]: Channel 'starterkit:to_client_receive_kit_data_packet' : Version test of '1' from client : ACCEPTED
[30Dec2025 03:10:19.438] [Netty Epoll Server IO #6/DEBUG] [net.minecraftforge.network.NetworkRegistry/NETREGISTRY]: Channel 'fml:loginwrapper' : Version test of 'FML3' from client : ACCEPTED
[30Dec2025 03:10:19.438] [Netty Epoll Server IO #6/DEBUG] [net.minecraftforge.network.NetworkRegistry/NETREGISTRY]: Channel 'mca:main' : Version test of '1' from client : ACCEPTED
[30Dec2025 03:10:19.438] [Netty Epoll Server IO #6/DEBUG] [net.minecraftforge.network.NetworkRegistry/NETREGISTRY]: Channel 'patchouli:main' : Version test of '1' from client : ACCEPTED
[30Dec2025 03:10:19.438] [Netty Epoll Server IO #6/DEBUG] [net.minecraftforge.network.NetworkRegistry/NETREGISTRY]: Channel 'uteamcore:network' : Version test of '1.20.1-1' from client : ACCEPTED
[30Dec2025 03:10:19.438] [Netty Epoll Server IO #6/DEBUG] [net.minecraftforge.network.NetworkRegistry/NETREGISTRY]: Channel 'fml:handshake' : Version test of 'FML3' from client : ACCEPTED
[30Dec2025 03:10:19.438] [Netty Epoll Server IO #6/DEBUG] [net.minecraftforge.network.NetworkRegistry/NETREGISTRY]: Channel 'forge:split' : Version test of '1.1' from client : ACCEPTED
[30Dec2025 03:10:19.438] [Netty Epoll Server IO #6/DEBUG] [net.minecraftforge.network.NetworkRegistry/NETREGISTRY]: Channel 'tacz:network' : Version test of '1.0.3' from client : ACCEPTED
[30Dec2025 03:10:19.438] [Netty Epoll Server IO #6/DEBUG] [net.minecraftforge.network.NetworkRegistry/NETREGISTRY]: Accepting channel list from client
[30Dec2025 03:10:19.438] [Netty Epoll Server IO #6/DEBUG] [net.minecraftforge.network.HandshakeHandler/FMLHANDSHAKE]: Accepted client connection mod list
[30Dec2025 03:10:19.467] [Server thread/DEBUG] [net.minecraftforge.network.HandshakeHandler/FMLHANDSHAKE]: Sending ticking packet info 'Registry minecraft:particle_type' to 'fml:handshake' sequence 6
[30Dec2025 03:10:19.470] [Netty Epoll Server IO #6/DEBUG] [net.minecraftforge.network.LoginWrapper/FMLHANDSHAKE]: Recieved login wrapper packet event for channel fml:handshake with index 3
[30Dec2025 03:10:19.470] [Netty Epoll Server IO #6/DEBUG] [net.minecraftforge.network.HandshakeHandler/FMLHANDSHAKE]: Received client indexed reply 3 of type net.minecraftforge.network.HandshakeMessages$C2SAcknowledge
[30Dec2025 03:10:19.470] [Netty Epoll Server IO #6/DEBUG] [net.minecraftforge.network.HandshakeHandler/FMLHANDSHAKE]: Received acknowledgement from client
[30Dec2025 03:10:19.506] [Netty Epoll Server IO #6/DEBUG] [net.minecraftforge.network.LoginWrapper/FMLHANDSHAKE]: Recieved login wrapper packet event for channel fml:handshake with index 4
[30Dec2025 03:10:19.506] [Netty Epoll Server IO #6/DEBUG] [net.minecraftforge.network.HandshakeHandler/FMLHANDSHAKE]: Received client indexed reply 4 of type net.minecraftforge.network.HandshakeMessages$C2SAcknowledge
[30Dec2025 03:10:19.506] [Netty Epoll Server IO #6/DEBUG] [net.minecraftforge.network.HandshakeHandler/FMLHANDSHAKE]: Received acknowledgement from client
[30Dec2025 03:10:19.538] [Server thread/DEBUG] [net.minecraftforge.network.HandshakeHandler/FMLHANDSHAKE]: Sending ticking packet info 'Registry minecraft:villager_profession' to 'fml:handshake' sequence 7
[30Dec2025 03:10:19.569] [Server thread/DEBUG] [net.minecraftforge.network.HandshakeHandler/FMLHANDSHAKE]: Sending ticking packet info 'Registry minecraft:item' to 'fml:handshake' sequence 8
[30Dec2025 03:10:19.631] [Server thread/DEBUG] [net.minecraftforge.network.HandshakeHandler/FMLHANDSHAKE]: Sending ticking packet info 'Registry minecraft:potion' to 'fml:handshake' sequence 9
[30Dec2025 03:10:19.679] [Server thread/DEBUG] [net.minecraftforge.network.HandshakeHandler/FMLHANDSHAKE]: Sending ticking packet info 'Registry minecraft:painting_variant' to 'fml:handshake' sequence 10
[30Dec2025 03:10:19.718] [Server thread/DEBUG] [net.minecraftforge.network.HandshakeHandler/FMLHANDSHAKE]: Sending ticking packet info 'Registry forge:fluid_type' to 'fml:handshake' sequence 11
[30Dec2025 03:10:19.754] [Netty Epoll Server IO #6/DEBUG] [net.minecraftforge.network.LoginWrapper/FMLHANDSHAKE]: Recieved login wrapper packet event for channel fml:handshake with index 5
[30Dec2025 03:10:19.754] [Netty Epoll Server IO #6/DEBUG] [net.minecraftforge.network.HandshakeHandler/FMLHANDSHAKE]: Received client indexed reply 5 of type net.minecraftforge.network.HandshakeMessages$C2SAcknowledge
[30Dec2025 03:10:19.754] [Netty Epoll Server IO #6/DEBUG] [net.minecraftforge.network.HandshakeHandler/FMLHANDSHAKE]: Received acknowledgement from client
[30Dec2025 03:10:19.766] [Server thread/DEBUG] [net.minecraftforge.network.HandshakeHandler/FMLHANDSHAKE]: Sending ticking packet info 'Registry minecraft:block_entity_type' to 'fml:handshake' sequence 12
[30Dec2025 03:10:19.768] [Netty Epoll Server IO #6/DEBUG] [net.minecraftforge.network.LoginWrapper/FMLHANDSHAKE]: Recieved login wrapper packet event for channel fml:handshake with index 6
[30Dec2025 03:10:19.768] [Netty Epoll Server IO #6/DEBUG] [net.minecraftforge.network.HandshakeHandler/FMLHANDSHAKE]: Received client indexed reply 6 of type net.minecraftforge.network.HandshakeMessages$C2SAcknowledge
[30Dec2025 03:10:19.768] [Netty Epoll Server IO #6/DEBUG] [net.minecraftforge.network.HandshakeHandler/FMLHANDSHAKE]: Received acknowledgement from client
[30Dec2025 03:10:19.769] [Netty Epoll Server IO #6/DEBUG] [net.minecraftforge.network.LoginWrapper/FMLHANDSHAKE]: Recieved login wrapper packet event for channel fml:handshake with index 7
[30Dec2025 03:10:19.769] [Netty Epoll Server IO #6/DEBUG] [net.minecraftforge.network.HandshakeHandler/FMLHANDSHAKE]: Received client indexed reply 7 of type net.minecraftforge.network.HandshakeMessages$C2SAcknowledge
[30Dec2025 03:10:19.769] [Netty Epoll Server IO #6/DEBUG] [net.minecraftforge.network.HandshakeHandler/FMLHANDSHAKE]: Received acknowledgement from client
[30Dec2025 03:10:19.826] [Server thread/DEBUG] [net.minecraftforge.network.HandshakeHandler/FMLHANDSHAKE]: Sending ticking packet info 'Registry forge:display_contexts' to 'fml:handshake' sequence 13
[30Dec2025 03:10:19.868] [Server thread/DEBUG] [net.minecraftforge.network.HandshakeHandler/FMLHANDSHAKE]: Sending ticking packet info 'Registry minecraft:block' to 'fml:handshake' sequence 14
[30Dec2025 03:10:19.916] [Server thread/DEBUG] [net.minecraftforge.network.HandshakeHandler/FMLHANDSHAKE]: Sending ticking packet info 'Registry forge:entity_data_serializers' to 'fml:handshake' sequence 15
[30Dec2025 03:10:19.971] [Server thread/DEBUG] [net.minecraftforge.network.HandshakeHandler/FMLHANDSHAKE]: Sending ticking packet info 'Registry minecraft:mob_effect' to 'fml:handshake' sequence 16
[30Dec2025 03:10:20.030] [Server thread/DEBUG] [net.minecraftforge.network.HandshakeHandler/FMLHANDSHAKE]: Sending ticking packet info 'Registry minecraft:stat_type' to 'fml:handshake' sequence 17
[30Dec2025 03:10:20.059] [Netty Epoll Server IO #6/DEBUG] [net.minecraftforge.network.LoginWrapper/FMLHANDSHAKE]: Recieved login wrapper packet event for channel fml:handshake with index 8
[30Dec2025 03:10:20.059] [Netty Epoll Server IO #6/DEBUG] [net.minecraftforge.network.HandshakeHandler/FMLHANDSHAKE]: Received client indexed reply 8 of type net.minecraftforge.network.HandshakeMessages$C2SAcknowledge
[30Dec2025 03:10:20.059] [Netty Epoll Server IO #6/DEBUG] [net.minecraftforge.network.HandshakeHandler/FMLHANDSHAKE]: Received acknowledgement from client
[30Dec2025 03:10:20.059] [Netty Epoll Server IO #6/DEBUG] [net.minecraftforge.network.LoginWrapper/FMLHANDSHAKE]: Recieved login wrapper packet event for channel fml:handshake with index 9
[30Dec2025 03:10:20.059] [Netty Epoll Server IO #6/DEBUG] [net.minecraftforge.network.HandshakeHandler/FMLHANDSHAKE]: Received client indexed reply 9 of type net.minecraftforge.network.HandshakeMessages$C2SAcknowledge
[30Dec2025 03:10:20.059] [Netty Epoll Server IO #6/DEBUG] [net.minecraftforge.network.HandshakeHandler/FMLHANDSHAKE]: Received acknowledgement from client
[30Dec2025 03:10:20.061] [Netty Epoll Server IO #6/DEBUG] [net.minecraftforge.network.LoginWrapper/FMLHANDSHAKE]: Recieved login wrapper packet event for channel fml:handshake with index 10
[30Dec2025 03:10:20.061] [Netty Epoll Server IO #6/DEBUG] [net.minecraftforge.network.HandshakeHandler/FMLHANDSHAKE]: Received client indexed reply 10 of type net.minecraftforge.network.HandshakeMessages$C2SAcknowledge
[30Dec2025 03:10:20.061] [Netty Epoll Server IO #6/DEBUG] [net.minecraftforge.network.HandshakeHandler/FMLHANDSHAKE]: Received acknowledgement from client
[30Dec2025 03:10:20.061] [Netty Epoll Server IO #6/DEBUG] [net.minecraftforge.network.LoginWrapper/FMLHANDSHAKE]: Recieved login wrapper packet event for channel fml:handshake with index 11
[30Dec2025 03:10:20.061] [Netty Epoll Server IO #6/DEBUG] [net.minecraftforge.network.HandshakeHandler/FMLHANDSHAKE]: Received client indexed reply 11 of type net.minecraftforge.network.HandshakeMessages$C2SAcknowledge
[30Dec2025 03:10:20.061] [Netty Epoll Server IO #6/DEBUG] [net.minecraftforge.network.HandshakeHandler/FMLHANDSHAKE]: Received acknowledgement from client
[30Dec2025 03:10:20.077] [Server thread/DEBUG] [net.minecraftforge.network.HandshakeHandler/FMLHANDSHAKE]: Sending ticking packet info 'Registry minecraft:menu' to 'fml:handshake' sequence 18
[30Dec2025 03:10:20.124] [Server thread/DEBUG] [net.minecraftforge.network.HandshakeHandler/FMLHANDSHAKE]: Sending ticking packet info 'Registry minecraft:enchantment' to 'fml:handshake' sequence 19
[30Dec2025 03:10:20.169] [Server thread/DEBUG] [net.minecraftforge.network.HandshakeHandler/FMLHANDSHAKE]: Sending ticking packet info 'Registry minecraft:fluid' to 'fml:handshake' sequence 20
[30Dec2025 03:10:20.174] [Netty Epoll Server IO #6/DEBUG] [net.minecraftforge.network.LoginWrapper/FMLHANDSHAKE]: Recieved login wrapper packet event for channel fml:handshake with index 12
[30Dec2025 03:10:20.175] [Netty Epoll Server IO #6/DEBUG] [net.minecraftforge.network.HandshakeHandler/FMLHANDSHAKE]: Received client indexed reply 12 of type net.minecraftforge.network.HandshakeMessages$C2SAcknowledge
[30Dec2025 03:10:20.175] [Netty Epoll Server IO #6/DEBUG] [net.minecraftforge.network.HandshakeHandler/FMLHANDSHAKE]: Received acknowledgement from client
[30Dec2025 03:10:20.175] [Netty Epoll Server IO #6/DEBUG] [net.minecraftforge.network.LoginWrapper/FMLHANDSHAKE]: Recieved login wrapper packet event for channel fml:handshake with index 13
[30Dec2025 03:10:20.175] [Netty Epoll Server IO #6/DEBUG] [net.minecraftforge.network.HandshakeHandler/FMLHANDSHAKE]: Received client indexed reply 13 of type net.minecraftforge.network.HandshakeMessages$C2SAcknowledge
[30Dec2025 03:10:20.175] [Netty Epoll Server IO #6/DEBUG] [net.minecraftforge.network.HandshakeHandler/FMLHANDSHAKE]: Received acknowledgement from client
[30Dec2025 03:10:20.260] [Server thread/DEBUG] [net.minecraftforge.network.HandshakeHandler/FMLHANDSHAKE]: Sending ticking packet info 'Registry minecraft:entity_type' to 'fml:handshake' sequence 21
[30Dec2025 03:10:20.280] [Server thread/DEBUG] [net.minecraftforge.network.HandshakeHandler/FMLHANDSHAKE]: Sending ticking packet info 'Config securitycraft-server.toml' to 'fml:handshake' sequence 22
[30Dec2025 03:10:20.308] [Netty Epoll Server IO #6/DEBUG] [net.minecraftforge.network.LoginWrapper/FMLHANDSHAKE]: Recieved login wrapper packet event for channel fml:handshake with index 14
[30Dec2025 03:10:20.308] [Netty Epoll Server IO #6/DEBUG] [net.minecraftforge.network.HandshakeHandler/FMLHANDSHAKE]: Received client indexed reply 14 of type net.minecraftforge.network.HandshakeMessages$C2SAcknowledge
[30Dec2025 03:10:20.308] [Netty Epoll Server IO #6/DEBUG] [net.minecraftforge.network.HandshakeHandler/FMLHANDSHAKE]: Received acknowledgement from client
[30Dec2025 03:10:20.308] [Netty Epoll Server IO #6/DEBUG] [net.minecraftforge.network.LoginWrapper/FMLHANDSHAKE]: Recieved login wrapper packet event for channel fml:handshake with index 15
[30Dec2025 03:10:20.308] [Netty Epoll Server IO #6/DEBUG] [net.minecraftforge.network.HandshakeHandler/FMLHANDSHAKE]: Received client indexed reply 15 of type net.minecraftforge.network.HandshakeMessages$C2SAcknowledge
[30Dec2025 03:10:20.308] [Netty Epoll Server IO #6/DEBUG] [net.minecraftforge.network.HandshakeHandler/FMLHANDSHAKE]: Received acknowledgement from client
[30Dec2025 03:10:20.308] [Netty Epoll Server IO #6/DEBUG] [net.minecraftforge.network.LoginWrapper/FMLHANDSHAKE]: Recieved login wrapper packet event for channel fml:handshake with index 16
[30Dec2025 03:10:20.308] [Netty Epoll Server IO #6/DEBUG] [net.minecraftforge.network.HandshakeHandler/FMLHANDSHAKE]: Received client indexed reply 16 of type net.minecraftforge.network.HandshakeMessages$C2SAcknowledge
[30Dec2025 03:10:20.308] [Netty Epoll Server IO #6/DEBUG] [net.minecraftforge.network.HandshakeHandler/FMLHANDSHAKE]: Received acknowledgement from client
[30Dec2025 03:10:20.309] [Netty Epoll Server IO #6/DEBUG] [net.minecraftforge.network.LoginWrapper/FMLHANDSHAKE]: Recieved login wrapper packet event for channel fml:handshake with index 17
[30Dec2025 03:10:20.309] [Netty Epoll Server IO #6/DEBUG] [net.minecraftforge.network.HandshakeHandler/FMLHANDSHAKE]: Received client indexed reply 17 of type net.minecraftforge.network.HandshakeMessages$C2SAcknowledge
[30Dec2025 03:10:20.309] [Netty Epoll Server IO #6/DEBUG] [net.minecraftforge.network.HandshakeHandler/FMLHANDSHAKE]: Received acknowledgement from client
[30Dec2025 03:10:20.309] [Netty Epoll Server IO #6/DEBUG] [net.minecraftforge.network.LoginWrapper/FMLHANDSHAKE]: Recieved login wrapper packet event for channel fml:handshake with index 18
[30Dec2025 03:10:20.309] [Netty Epoll Server IO #6/DEBUG] [net.minecraftforge.network.HandshakeHandler/FMLHANDSHAKE]: Received client indexed reply 18 of type net.minecraftforge.network.HandshakeMessages$C2SAcknowledge
[30Dec2025 03:10:20.309] [Netty Epoll Server IO #6/DEBUG] [net.minecraftforge.network.HandshakeHandler/FMLHANDSHAKE]: Received acknowledgement from client
[30Dec2025 03:10:20.310] [Netty Epoll Server IO #6/DEBUG] [net.minecraftforge.network.LoginWrapper/FMLHANDSHAKE]: Recieved login wrapper packet event for channel fml:handshake with index 19
[30Dec2025 03:10:20.310] [Netty Epoll Server IO #6/DEBUG] [net.minecraftforge.network.HandshakeHandler/FMLHANDSHAKE]: Received client indexed reply 19 of type net.minecraftforge.network.HandshakeMessages$C2SAcknowledge
[30Dec2025 03:10:20.310] [Netty Epoll Server IO #6/DEBUG] [net.minecraftforge.network.HandshakeHandler/FMLHANDSHAKE]: Received acknowledgement from client
[30Dec2025 03:10:20.313] [Netty Epoll Server IO #6/DEBUG] [net.minecraftforge.network.LoginWrapper/FMLHANDSHAKE]: Recieved login wrapper packet event for channel fml:handshake with index 20
[30Dec2025 03:10:20.313] [Netty Epoll Server IO #6/DEBUG] [net.minecraftforge.network.HandshakeHandler/FMLHANDSHAKE]: Received client indexed reply 20 of type net.minecraftforge.network.HandshakeMessages$C2SAcknowledge
[30Dec2025 03:10:20.313] [Netty Epoll Server IO #6/DEBUG] [net.minecraftforge.network.HandshakeHandler/FMLHANDSHAKE]: Received acknowledgement from client
[30Dec2025 03:10:20.354] [Server thread/DEBUG] [net.minecraftforge.network.HandshakeHandler/FMLHANDSHAKE]: Sending ticking packet info 'Config curios-server.toml' to 'fml:handshake' sequence 23
[30Dec2025 03:10:20.372] [Server thread/DEBUG] [net.minecraftforge.network.HandshakeHandler/FMLHANDSHAKE]: Sending ticking packet info 'Config dimension_access_manager-server.toml' to 'fml:handshake' sequence 24
[30Dec2025 03:10:20.417] [Server thread/DEBUG] [net.minecraftforge.network.HandshakeHandler/FMLHANDSHAKE]: Sending ticking packet info 'Config lostcities-server.toml' to 'fml:handshake' sequence 25
[30Dec2025 03:10:20.495] [Server thread/DEBUG] [net.minecraftforge.network.HandshakeHandler/FMLHANDSHAKE]: Sending ticking packet info 'Config corpse-server.toml' to 'fml:handshake' sequence 26
[30Dec2025 03:10:20.526] [Server thread/DEBUG] [net.minecraftforge.network.HandshakeHandler/FMLHANDSHAKE]: Sending ticking packet info 'Config cofh_core-server.toml' to 'fml:handshake' sequence 27
[30Dec2025 03:10:20.606] [Server thread/DEBUG] [net.minecraftforge.network.HandshakeHandler/FMLHANDSHAKE]: Sending ticking packet info 'Config mutantmonsters-server.toml' to 'fml:handshake' sequence 28
[30Dec2025 03:10:20.637] [Server thread/DEBUG] [net.minecraftforge.network.HandshakeHandler/FMLHANDSHAKE]: Sending ticking packet info 'Config jei-server.toml' to 'fml:handshake' sequence 29
[30Dec2025 03:10:20.733] [Server thread/DEBUG] [net.minecraftforge.network.HandshakeHandler/FMLHANDSHAKE]: Sending ticking packet info 'Config tacz-server.toml' to 'fml:handshake' sequence 30
[30Dec2025 03:10:20.745] [Server thread/DEBUG] [net.minecraftforge.network.HandshakeHandler/FMLHANDSHAKE]: Sending ticking packet info 'Config forge-server.toml' to 'fml:handshake' sequence 31
[30Dec2025 03:10:21.687] [Netty Epoll Server IO #6/DEBUG] [net.minecraftforge.network.LoginWrapper/FMLHANDSHAKE]: Recieved login wrapper packet event for channel fml:handshake with index 21
[30Dec2025 03:10:21.688] [Netty Epoll Server IO #6/DEBUG] [net.minecraftforge.network.HandshakeHandler/FMLHANDSHAKE]: Received client indexed reply 21 of type net.minecraftforge.network.HandshakeMessages$C2SAcknowledge
[30Dec2025 03:10:21.688] [Netty Epoll Server IO #6/DEBUG] [net.minecraftforge.network.HandshakeHandler/FMLHANDSHAKE]: Received acknowledgement from client
[30Dec2025 03:10:21.691] [Netty Epoll Server IO #6/DEBUG] [net.minecraftforge.network.LoginWrapper/FMLHANDSHAKE]: Recieved login wrapper packet event for channel fml:handshake with index 22
[30Dec2025 03:10:21.691] [Netty Epoll Server IO #6/DEBUG] [net.minecraftforge.network.HandshakeHandler/FMLHANDSHAKE]: Received client indexed reply 22 of type net.minecraftforge.network.HandshakeMessages$C2SAcknowledge
[30Dec2025 03:10:21.691] [Netty Epoll Server IO #6/DEBUG] [net.minecraftforge.network.HandshakeHandler/FMLHANDSHAKE]: Received acknowledgement from client
[30Dec2025 03:10:21.695] [Netty Epoll Server IO #6/DEBUG] [net.minecraftforge.network.LoginWrapper/FMLHANDSHAKE]: Recieved login wrapper packet event for channel fml:handshake with index 23
[30Dec2025 03:10:21.695] [Netty Epoll Server IO #6/DEBUG] [net.minecraftforge.network.HandshakeHandler/FMLHANDSHAKE]: Received client indexed reply 23 of type net.minecraftforge.network.HandshakeMessages$C2SAcknowledge
[30Dec2025 03:10:21.695] [Netty Epoll Server IO #6/DEBUG] [net.minecraftforge.network.HandshakeHandler/FMLHANDSHAKE]: Received acknowledgement from client
[30Dec2025 03:10:21.695] [Netty Epoll Server IO #6/DEBUG] [net.minecraftforge.network.LoginWrapper/FMLHANDSHAKE]: Recieved login wrapper packet event for channel fml:handshake with index 24
[30Dec2025 03:10:21.695] [Netty Epoll Server IO #6/DEBUG] [net.minecraftforge.network.HandshakeHandler/FMLHANDSHAKE]: Received client indexed reply 24 of type net.minecraftforge.network.HandshakeMessages$C2SAcknowledge
[30Dec2025 03:10:21.695] [Netty Epoll Server IO #6/DEBUG] [net.minecraftforge.network.HandshakeHandler/FMLHANDSHAKE]: Received acknowledgement from client
[30Dec2025 03:10:21.695] [Netty Epoll Server IO #6/DEBUG] [net.minecraftforge.network.LoginWrapper/FMLHANDSHAKE]: Recieved login wrapper packet event for channel fml:handshake with index 25
[30Dec2025 03:10:21.695] [Netty Epoll Server IO #6/DEBUG] [net.minecraftforge.network.HandshakeHandler/FMLHANDSHAKE]: Received client indexed reply 25 of type net.minecraftforge.network.HandshakeMessages$C2SAcknowledge
[30Dec2025 03:10:21.695] [Netty Epoll Server IO #6/DEBUG] [net.minecraftforge.network.HandshakeHandler/FMLHANDSHAKE]: Received acknowledgement from client
[30Dec2025 03:10:21.697] [Netty Epoll Server IO #6/DEBUG] [net.minecraftforge.network.LoginWrapper/FMLHANDSHAKE]: Recieved login wrapper packet event for channel fml:handshake with index 26
[30Dec2025 03:10:21.697] [Netty Epoll Server IO #6/DEBUG] [net.minecraftforge.network.HandshakeHandler/FMLHANDSHAKE]: Received client indexed reply 26 of type net.minecraftforge.network.HandshakeMessages$C2SAcknowledge
[30Dec2025 03:10:21.697] [Netty Epoll Server IO #6/DEBUG] [net.minecraftforge.network.HandshakeHandler/FMLHANDSHAKE]: Received acknowledgement from client
[30Dec2025 03:10:21.698] [Netty Epoll Server IO #6/DEBUG] [net.minecraftforge.network.LoginWrapper/FMLHANDSHAKE]: Recieved login wrapper packet event for channel fml:handshake with index 27
[30Dec2025 03:10:21.698] [Netty Epoll Server IO #6/DEBUG] [net.minecraftforge.network.HandshakeHandler/FMLHANDSHAKE]: Received client indexed reply 27 of type net.minecraftforge.network.HandshakeMessages$C2SAcknowledge
[30Dec2025 03:10:21.698] [Netty Epoll Server IO #6/DEBUG] [net.minecraftforge.network.HandshakeHandler/FMLHANDSHAKE]: Received acknowledgement from client
[30Dec2025 03:10:21.712] [Netty Epoll Server IO #6/DEBUG] [net.minecraftforge.network.LoginWrapper/FMLHANDSHAKE]: Recieved login wrapper packet event for channel fml:handshake with index 28
[30Dec2025 03:10:21.712] [Netty Epoll Server IO #6/DEBUG] [net.minecraftforge.network.HandshakeHandler/FMLHANDSHAKE]: Received client indexed reply 28 of type net.minecraftforge.network.HandshakeMessages$C2SAcknowledge
[30Dec2025 03:10:21.712] [Netty Epoll Server IO #6/DEBUG] [net.minecraftforge.network.HandshakeHandler/FMLHANDSHAKE]: Received acknowledgement from client
[30Dec2025 03:10:21.712] [Netty Epoll Server IO #6/DEBUG] [net.minecraftforge.network.LoginWrapper/FMLHANDSHAKE]: Recieved login wrapper packet event for channel fml:handshake with index 29
[30Dec2025 03:10:21.712] [Netty Epoll Server IO #6/DEBUG] [net.minecraftforge.network.HandshakeHandler/FMLHANDSHAKE]: Received client indexed reply 29 of type net.minecraftforge.network.HandshakeMessages$C2SAcknowledge
[30Dec2025 03:10:21.712] [Netty Epoll Server IO #6/DEBUG] [net.minecraftforge.network.HandshakeHandler/FMLHANDSHAKE]: Received acknowledgement from client
[30Dec2025 03:10:21.715] [Netty Epoll Server IO #6/DEBUG] [net.minecraftforge.network.LoginWrapper/FMLHANDSHAKE]: Recieved login wrapper packet event for channel fml:handshake with index 30
[30Dec2025 03:10:21.715] [Netty Epoll Server IO #6/DEBUG] [net.minecraftforge.network.HandshakeHandler/FMLHANDSHAKE]: Received client indexed reply 30 of type net.minecraftforge.network.HandshakeMessages$C2SAcknowledge
[30Dec2025 03:10:21.715] [Netty Epoll Server IO #6/DEBUG] [net.minecraftforge.network.HandshakeHandler/FMLHANDSHAKE]: Received acknowledgement from client
[30Dec2025 03:10:21.715] [Netty Epoll Server IO #6/DEBUG] [net.minecraftforge.network.LoginWrapper/FMLHANDSHAKE]: Recieved login wrapper packet event for channel fml:handshake with index 31
[30Dec2025 03:10:21.716] [Netty Epoll Server IO #6/DEBUG] [net.minecraftforge.network.HandshakeHandler/FMLHANDSHAKE]: Received client indexed reply 31 of type net.minecraftforge.network.HandshakeMessages$C2SAcknowledge
[30Dec2025 03:10:21.716] [Netty Epoll Server IO #6/DEBUG] [net.minecraftforge.network.HandshakeHandler/FMLHANDSHAKE]: Received acknowledgement from client
[30Dec2025 03:10:21.748] [Server thread/DEBUG] [net.minecraftforge.network.HandshakeHandler/FMLHANDSHAKE]: Handshake complete!
[30Dec2025 03:10:21.775] [Server thread/INFO] [net.minecraft.server.players.PlayerList/]: Aventor06[/127.158.87.255:36229] logged in with entity id 3316 at (-39.5, 77.0, 133.5)
[30Dec2025 03:10:21.776] [Server thread/DEBUG] [net.minecraftforge.network.filters.NetworkFilters/]: Injected net.minecraftforge.network.filters.ForgeConnectionNetworkFilter@5be340b1 into net.minecraft.network.Connection@2771118e
[30Dec2025 03:10:21.801] [Server thread/INFO] [net.minecraft.server.MinecraftServer/]: Aventor06 joined the game
[30Dec2025 03:10:21.803] [Server thread/DEBUG] [Collective/]: [firstjoinmessage] Checking for first join of Aventor06 with spawn position: -32, 72, 128
[30Dec2025 03:10:21.803] [Server thread/DEBUG] [Collective/]: [firstjoinmessage] Checking for first join of Aventor06 with spawn radius: 10
[30Dec2025 03:10:26.224] [Worker-Main-3/WARN] [net.minecraft.world.entity.EntityType/]: Skipping Entity with id left__dead:stalker
[30Dec2025 03:10:42.437] [IO-Worker-13/DEBUG] [Smooth Boot (Reloaded)/]: Initialized IO-Worker-19
[30Dec2025 03:10:42.437] [IO-Worker-18/DEBUG] [Smooth Boot (Reloaded)/]: Initialized IO-Worker-20
[30Dec2025 03:10:43.514] [Worker-Main-3/WARN] [net.minecraft.world.entity.EntityType/]: Skipping Entity with id left__dead:stalker
[30Dec2025 03:10:54.835] [Worker-Main-3/WARN] [net.minecraft.world.entity.EntityType/]: Skipping Entity with id left__dead:stalker
[30Dec2025 03:10:58.181] [Server thread/WARN] [net.minecraft.server.MinecraftServer/]: Can't keep up! Is the server overloaded? Running 2571ms or 51 ticks behind
[30Dec2025 03:10:58.380] [Server thread/INFO] [net.minecraft.server.MinecraftServer/]: Aventor06 has made the advancement [Minecraft Comes Alive]
[30Dec2025 03:11:00.307] [Worker-Main-2/WARN] [net.minecraft.world.entity.EntityType/]: Skipping Entity with id left__dead:stalker
[30Dec2025 03:11:02.184] [Worker-Main-3/WARN] [net.minecraft.world.entity.EntityType/]: Skipping Entity with id left__dead:stalker
[30Dec2025 03:11:15.486] [Worker-Main-2/WARN] [net.minecraft.world.entity.EntityType/]: Skipping Entity with id left__dead:stalker
[30Dec2025 03:11:17.673] [Worker-Main-2/WARN] [net.minecraft.world.entity.EntityType/]: Skipping Entity with id left__dead:stalker
[30Dec2025 03:11:18.316] [Worker-Main-10/WARN] [net.minecraft.world.entity.EntityType/]: Skipping Entity with id left__dead:stalker
[30Dec2025 03:11:30.632] [Worker-Main-2/WARN] [net.minecraft.world.entity.EntityType/]: Skipping Entity with id left__dead:stalker
[30Dec2025 03:11:32.951] [Worker-Main-10/WARN] [net.minecraft.world.entity.EntityType/]: Skipping Entity with id left__dead:stalker
[30Dec2025 03:11:45.358] [Server thread/INFO] [net.minecraft.server.commands.LocateCommand/]: Locating element minecraft:plains took 25 ms
[30Dec2025 03:11:48.634] [Server thread/INFO] [net.minecraft.server.MinecraftServer/]: [papuvk: Teleported papuvk to 873.500000, 105.000000, -346.500000]
[30Dec2025 03:12:09.342] [Worker-Main-10/WARN] [net.minecraft.world.entity.EntityType/]: Skipping Entity with id left__dead:stalker
[30Dec2025 03:12:12.108] [Worker-Main-2/WARN] [net.minecraft.world.entity.EntityType/]: Skipping Entity with id left__dead:stalker
[30Dec2025 03:12:15.450] [Worker-Main-3/WARN] [net.minecraft.world.entity.EntityType/]: Skipping Entity with id left__dead:stalker
[30Dec2025 03:12:18.966] [Worker-Main-2/WARN] [net.minecraft.world.entity.EntityType/]: Skipping Entity with id left__dead:stalker
[30Dec2025 03:12:20.898] [Server thread/DEBUG] [mixin/]: Mixing fastbench.PolymorphMixinFastBenchUtil from polymorph-integrations.forge.mixins.json into dev.shadowsoffire.fastbench.util.FastBenchUtil
[30Dec2025 03:12:20.899] [Server thread/DEBUG] [mixin/]: polymorph-integrations.forge.mixins.json:fastbench.PolymorphMixinFastBenchUtil: Class version 61 required is higher than the class version supported by the current version of Mixin (JAVA_16 supports class version 60)
[30Dec2025 03:12:22.299] [Worker-Main-3/WARN] [net.minecraft.world.entity.EntityType/]: Skipping Entity with id left__dead:stalker
[30Dec2025 03:12:23.847] [Server thread/INFO] [net.minecraft.server.MinecraftServer/]: Aventor06 has made the advancement ['X' Marks the Spot]
[30Dec2025 03:12:23.860] [Server thread/DEBUG] [mixin/]: Mixing MixinPiglinAi from curios.mixins.json into net.minecraft.world.entity.monster.piglin.PiglinAi
[30Dec2025 03:12:25.771] [Worker-Main-10/WARN] [net.minecraft.world.entity.EntityType/]: Skipping Entity with id left__dead:stalker
[30Dec2025 03:12:29.742] [Worker-Main-10/WARN] [net.minecraft.world.entity.EntityType/]: Skipping Entity with id left__dead:stalker
[30Dec2025 03:12:39.632] [Worker-Main-10/WARN] [net.minecraft.world.entity.EntityType/]: Skipping Entity with id left__dead:stalker
[30Dec2025 03:12:40.950] [Worker-Main-10/WARN] [net.minecraft.world.entity.EntityType/]: Skipping Entity with id left__dead:stalker
[30Dec2025 03:12:41.533] [Worker-Main-2/WARN] [net.minecraft.world.entity.EntityType/]: Skipping Entity with id left__dead:stalker
[30Dec2025 03:12:44.910] [Worker-Main-3/WARN] [net.minecraft.world.entity.EntityType/]: Skipping Entity with id left__dead:stalker
[30Dec2025 03:12:59.545] [Server thread/INFO] [net.minecraft.server.MinecraftServer/]: Aventor06 has made the advancement [Suit Up]
